"Precinct Code","Precinct Number","Contest Title","Choice Name","Total Ballots","Total Votes","Total Undervotes","Total Overvotes"
"002","2151907002","United States Senator - DEM","Julie Gonzales",0,0,0,0
"002","2151907002","United States Senator - DEM","John Hickenlooper",0,0,0,0
"002","2151907002","Representative to the 120th United States Congress - District 2 - DEM","Joe Neguse",0,0,0,0
"002","2151907002","Governor - DEM","Phil Weiser",0,0,0,0
"002","2151907002","Governor - DEM","Michael Bennet",0,0,0,0
"002","2151907002","Secretary of State - DEM","Amanda Gonzalez",0,0,0,0
"002","2151907002","Secretary of State - DEM","Jessie Danielson",0,0,0,0
"002","2151907002","State Treasurer - DEM","Jeff Bridges",0,0,0,0
"002","2151907002","Attorney General - DEM","Jena Griswold",0,0,0,0
"002","2151907002","Attorney General - DEM","David Seligman",0,0,0,0
"002","2151907002","Attorney General - DEM","Michael Dougherty",0,0,0,0
"002","2151907002","Attorney General - DEM","Hetal Doshi",0,0,0,0
"002","2151907002","Regent of the University of Colorado - Congressional District 2 - DEM","Kubs Lalchandani",0,0,0,0
"002","2151907002","Regent of the University of Colorado - Congressional District 2 - DEM","Edie Hooton",0,0,0,0
"002","2151907002","Regent of the University of Colorado - Congressional District 2 - DEM","Murray Smith",0,0,0,0
"002","2151907002","State Senator - District 15 - DEM","Janice Marchman",0,0,0,0
"002","2151907002","State Representative - District 19 - DEM","Anil Pesaramelli",0,0,0,0
"002","2151907002","State Representative - District 19 - DEM","Jillaire McMillan",0,0,0,0
"002","2151907002","State Representative - District 19 - DEM","Colton Jonjak Plahn",0,0,0,0
"002","2151907002","Boulder County Commissioner - District 3 - DEM","Ashley Stolzmann",0,0,0,0
"002","2151907002","Boulder County Clerk and Recorder - DEM","Molly Fitzpatrick",0,0,0,0
"002","2151907002","Boulder County Treasurer - DEM","Jenn Kaaoush",0,0,0,0
"002","2151907002","Boulder County Treasurer - DEM","Rachel Friend",0,0,0,0
"002","2151907002","Boulder County Assessor - DEM","Cynthia Braddock",0,0,0,0
"002","2151907002","Boulder County Sheriff - DEM","Curtis Johnson",0,0,0,0
"002","2151907002","Boulder County Surveyor - DEM","Kayce D. W. Keane",0,0,0,0
"002","2151907002","Boulder County Coroner - DEM","Jeff Martin",0,0,0,0
"002","2151907002","Secretary of State - LBR","Sean Vadney",0,0,0,0
"002","2151907002","Secretary of State - LBR","Alex Astley",0,0,0,0
"002","2151907002","United States Senator - REP","Mark Baisley",0,0,0,0
"002","2151907002","Representative to the 120th United States Congress - District 2 - REP","Kelley Anne Dennison",0,0,0,0
"002","2151907002","Representative to the 120th United States Congress - District 2 - REP","Christina Blunt (Ducommun)",0,0,0,0
"002","2151907002","Governor - REP","Scott Bottoms",0,0,0,0
"002","2151907002","Governor - REP","Victor Marx",0,0,0,0
"002","2151907002","Governor - REP","Barb Kirkmeyer",0,0,0,0
"002","2151907002","Governor - REP","Kelvin ""K-Man"" Wimberly (Write-in Candidate)",0,0,0,0
"002","2151907002","Secretary of State - REP","James Wiley",0,0,0,0
"002","2151907002","State Treasurer - REP","Kevin Grantham",0,0,0,0
"002","2151907002","Attorney General - REP","Michael J. Allen",0,0,0,0
"002","2151907002","Attorney General - REP","David Willson",0,0,0,0
"002","2151907002","Regent of the University of Colorado - Congressional District 2 - REP","Marty Neilson",0,0,0,0
"002","2151907002","State Senator - District 15 - REP","Rob Woodward",0,0,0,0
"002","2151907002","State Representative - District 19 - REP","Dan Woog",0,0,0,0
"002","2151907002","Boulder County Commissioner - District 3 - REP","There are no candidates for this office",0,0,0,0
"002","2151907002","Boulder County Clerk and Recorder - REP","There are no candidates for this office",0,0,0,0
"002","2151907002","Boulder County Treasurer - REP","There are no candidates for this office",0,0,0,0
"002","2151907002","Boulder County Assessor - REP","There are no candidates for this office",0,0,0,0
"002","2151907002","Boulder County Sheriff - REP","There are no candidates for this office",0,0,0,0
"002","2151907002","Boulder County Surveyor - REP","There are no candidates for this office",0,0,0,0
"002","2151907002","Boulder County Coroner - REP","There are no candidates for this office",0,0,0,0
"002","2151907002","Governor - UNI","Paul Noël Fiorino",0,0,0,0
"002","2151907002","Governor - UNI","Jeff Peckman",0,0,0,0
"003","2184907003","United States Senator - DEM","Julie Gonzales",0,0,0,0
"003","2184907003","United States Senator - DEM","John Hickenlooper",0,0,0,0
"003","2184907003","Representative to the 120th United States Congress - District 2 - DEM","Joe Neguse",0,0,0,0
"003","2184907003","Governor - DEM","Phil Weiser",0,0,0,0
"003","2184907003","Governor - DEM","Michael Bennet",0,0,0,0
"003","2184907003","Secretary of State - DEM","Amanda Gonzalez",0,0,0,0
"003","2184907003","Secretary of State - DEM","Jessie Danielson",0,0,0,0
"003","2184907003","State Treasurer - DEM","Jeff Bridges",0,0,0,0
"003","2184907003","Attorney General - DEM","Jena Griswold",0,0,0,0
"003","2184907003","Attorney General - DEM","David Seligman",0,0,0,0
"003","2184907003","Attorney General - DEM","Michael Dougherty",0,0,0,0
"003","2184907003","Attorney General - DEM","Hetal Doshi",0,0,0,0
"003","2184907003","Regent of the University of Colorado - Congressional District 2 - DEM","Kubs Lalchandani",0,0,0,0
"003","2184907003","Regent of the University of Colorado - Congressional District 2 - DEM","Edie Hooton",0,0,0,0
"003","2184907003","Regent of the University of Colorado - Congressional District 2 - DEM","Murray Smith",0,0,0,0
"003","2184907003","State Representative - District 49 - DEM","Lesley Smith",0,0,0,0
"003","2184907003","Boulder County Commissioner - District 3 - DEM","Ashley Stolzmann",0,0,0,0
"003","2184907003","Boulder County Clerk and Recorder - DEM","Molly Fitzpatrick",0,0,0,0
"003","2184907003","Boulder County Treasurer - DEM","Jenn Kaaoush",0,0,0,0
"003","2184907003","Boulder County Treasurer - DEM","Rachel Friend",0,0,0,0
"003","2184907003","Boulder County Assessor - DEM","Cynthia Braddock",0,0,0,0
"003","2184907003","Boulder County Sheriff - DEM","Curtis Johnson",0,0,0,0
"003","2184907003","Boulder County Surveyor - DEM","Kayce D. W. Keane",0,0,0,0
"003","2184907003","Boulder County Coroner - DEM","Jeff Martin",0,0,0,0
"003","2184907003","Secretary of State - LBR","Sean Vadney",0,0,0,0
"003","2184907003","Secretary of State - LBR","Alex Astley",0,0,0,0
"003","2184907003","United States Senator - REP","Mark Baisley",0,0,0,0
"003","2184907003","Representative to the 120th United States Congress - District 2 - REP","Kelley Anne Dennison",0,0,0,0
"003","2184907003","Representative to the 120th United States Congress - District 2 - REP","Christina Blunt (Ducommun)",0,0,0,0
"003","2184907003","Governor - REP","Scott Bottoms",0,0,0,0
"003","2184907003","Governor - REP","Victor Marx",0,0,0,0
"003","2184907003","Governor - REP","Barb Kirkmeyer",0,0,0,0
"003","2184907003","Governor - REP","Kelvin ""K-Man"" Wimberly (Write-in Candidate)",0,0,0,0
"003","2184907003","Secretary of State - REP","James Wiley",0,0,0,0
"003","2184907003","State Treasurer - REP","Kevin Grantham",0,0,0,0
"003","2184907003","Attorney General - REP","Michael J. Allen",0,0,0,0
"003","2184907003","Attorney General - REP","David Willson",0,0,0,0
"003","2184907003","Regent of the University of Colorado - Congressional District 2 - REP","Marty Neilson",0,0,0,0
"003","2184907003","State Representative - District 49 - REP","Michael Sheperek",0,0,0,0
"003","2184907003","Boulder County Commissioner - District 3 - REP","There are no candidates for this office",0,0,0,0
"003","2184907003","Boulder County Clerk and Recorder - REP","There are no candidates for this office",0,0,0,0
"003","2184907003","Boulder County Treasurer - REP","There are no candidates for this office",0,0,0,0
"003","2184907003","Boulder County Assessor - REP","There are no candidates for this office",0,0,0,0
"003","2184907003","Boulder County Sheriff - REP","There are no candidates for this office",0,0,0,0
"003","2184907003","Boulder County Surveyor - REP","There are no candidates for this office",0,0,0,0
"003","2184907003","Boulder County Coroner - REP","There are no candidates for this office",0,0,0,0
"003","2184907003","Governor - UNI","Paul Noël Fiorino",0,0,0,0
"003","2184907003","Governor - UNI","Jeff Peckman",0,0,0,0
"100","2181207100","United States Senator - DEM","Julie Gonzales",482,185,7,0
"100","2181207100","United States Senator - DEM","John Hickenlooper",482,290,7,0
"100","2181207100","Representative to the 120th United States Congress - District 2 - DEM","Joe Neguse",482,429,53,0
"100","2181207100","Governor - DEM","Phil Weiser",482,286,8,0
"100","2181207100","Governor - DEM","Michael Bennet",482,188,8,0
"100","2181207100","Secretary of State - DEM","Amanda Gonzalez",482,234,76,0
"100","2181207100","Secretary of State - DEM","Jessie Danielson",482,172,76,0
"100","2181207100","State Treasurer - DEM","Jeff Bridges",482,378,104,0
"100","2181207100","Attorney General - DEM","Jena Griswold",482,144,10,0
"100","2181207100","Attorney General - DEM","David Seligman",482,73,10,0
"100","2181207100","Attorney General - DEM","Michael Dougherty",482,196,10,0
"100","2181207100","Attorney General - DEM","Hetal Doshi",482,59,10,0
"100","2181207100","Regent of the University of Colorado - Congressional District 2 - DEM","Kubs Lalchandani",482,124,61,0
"100","2181207100","Regent of the University of Colorado - Congressional District 2 - DEM","Edie Hooton",482,203,61,0
"100","2181207100","Regent of the University of Colorado - Congressional District 2 - DEM","Murray Smith",482,94,61,0
"100","2181207100","State Representative - District 12 - DEM","Kyle Brown",482,357,125,0
"100","2181207100","Boulder County Commissioner - District 3 - DEM","Ashley Stolzmann",482,363,119,0
"100","2181207100","Boulder County Clerk and Recorder - DEM","Molly Fitzpatrick",482,367,115,0
"100","2181207100","Boulder County Treasurer - DEM","Jenn Kaaoush",482,236,51,0
"100","2181207100","Boulder County Treasurer - DEM","Rachel Friend",482,195,51,0
"100","2181207100","Boulder County Assessor - DEM","Cynthia Braddock",482,356,126,0
"100","2181207100","Boulder County Sheriff - DEM","Curtis Johnson",482,358,124,0
"100","2181207100","Boulder County Surveyor - DEM","Kayce D. W. Keane",482,355,127,0
"100","2181207100","Boulder County Coroner - DEM","Jeff Martin",482,355,127,0
"100","2181207100","United States Senator - REP","Mark Baisley",111,84,27,0
"100","2181207100","Representative to the 120th United States Congress - District 2 - REP","Kelley Anne Dennison",111,51,18,0
"100","2181207100","Representative to the 120th United States Congress - District 2 - REP","Christina Blunt (Ducommun)",111,42,18,0
"100","2181207100","Governor - REP","Scott Bottoms",111,16,3,0
"100","2181207100","Governor - REP","Victor Marx",111,35,3,0
"100","2181207100","Governor - REP","Barb Kirkmeyer",111,57,3,0
"100","2181207100","Governor - REP","Kelvin ""K-Man"" Wimberly (Write-in Candidate)",111,0,3,0
"100","2181207100","Secretary of State - REP","James Wiley",111,83,28,0
"100","2181207100","State Treasurer - REP","Kevin Grantham",111,83,28,0
"100","2181207100","Attorney General - REP","Michael J. Allen",111,65,17,0
"100","2181207100","Attorney General - REP","David Willson",111,29,17,0
"100","2181207100","Regent of the University of Colorado - Congressional District 2 - REP","Marty Neilson",111,82,29,0
"100","2181207100","State Representative - District 12 - REP","Ryan Rhatigan",111,82,29,0
"100","2181207100","Boulder County Commissioner - District 3 - REP","There are no candidates for this office",111,0,111,0
"100","2181207100","Boulder County Clerk and Recorder - REP","There are no candidates for this office",111,0,111,0
"100","2181207100","Boulder County Treasurer - REP","There are no candidates for this office",111,0,111,0
"100","2181207100","Boulder County Assessor - REP","There are no candidates for this office",111,0,111,0
"100","2181207100","Boulder County Sheriff - REP","There are no candidates for this office",111,0,111,0
"100","2181207100","Boulder County Surveyor - REP","There are no candidates for this office",111,0,111,0
"100","2181207100","Boulder County Coroner - REP","There are no candidates for this office",111,0,111,0
"100","2181207100","Governor - UNI","Paul Noël Fiorino",0,0,0,0
"100","2181207100","Governor - UNI","Jeff Peckman",0,0,0,0
"101","2181207101","United States Senator - DEM","Julie Gonzales",475,228,8,0
"101","2181207101","United States Senator - DEM","John Hickenlooper",475,239,8,0
"101","2181207101","Representative to the 120th United States Congress - District 2 - DEM","Joe Neguse",475,415,60,0
"101","2181207101","Governor - DEM","Phil Weiser",475,285,8,1
"101","2181207101","Governor - DEM","Michael Bennet",475,181,8,1
"101","2181207101","Secretary of State - DEM","Amanda Gonzalez",475,277,46,0
"101","2181207101","Secretary of State - DEM","Jessie Danielson",475,152,46,0
"101","2181207101","State Treasurer - DEM","Jeff Bridges",475,367,108,0
"101","2181207101","Attorney General - DEM","Jena Griswold",475,149,18,0
"101","2181207101","Attorney General - DEM","David Seligman",475,117,18,0
"101","2181207101","Attorney General - DEM","Michael Dougherty",475,126,18,0
"101","2181207101","Attorney General - DEM","Hetal Doshi",475,65,18,0
"101","2181207101","Regent of the University of Colorado - Congressional District 2 - DEM","Kubs Lalchandani",475,136,71,0
"101","2181207101","Regent of the University of Colorado - Congressional District 2 - DEM","Edie Hooton",475,138,71,0
"101","2181207101","Regent of the University of Colorado - Congressional District 2 - DEM","Murray Smith",475,130,71,0
"101","2181207101","State Representative - District 12 - DEM","Kyle Brown",475,368,107,0
"101","2181207101","Boulder County Commissioner - District 3 - DEM","Ashley Stolzmann",475,361,114,0
"101","2181207101","Boulder County Clerk and Recorder - DEM","Molly Fitzpatrick",475,364,111,0
"101","2181207101","Boulder County Treasurer - DEM","Jenn Kaaoush",475,266,32,0
"101","2181207101","Boulder County Treasurer - DEM","Rachel Friend",475,177,32,0
"101","2181207101","Boulder County Assessor - DEM","Cynthia Braddock",475,353,122,0
"101","2181207101","Boulder County Sheriff - DEM","Curtis Johnson",475,357,118,0
"101","2181207101","Boulder County Surveyor - DEM","Kayce D. W. Keane",475,353,122,0
"101","2181207101","Boulder County Coroner - DEM","Jeff Martin",475,355,120,0
"101","2181207101","United States Senator - REP","Mark Baisley",64,52,12,0
"101","2181207101","Representative to the 120th United States Congress - District 2 - REP","Kelley Anne Dennison",64,37,8,0
"101","2181207101","Representative to the 120th United States Congress - District 2 - REP","Christina Blunt (Ducommun)",64,19,8,0
"101","2181207101","Governor - REP","Scott Bottoms",64,11,2,0
"101","2181207101","Governor - REP","Victor Marx",64,17,2,0
"101","2181207101","Governor - REP","Barb Kirkmeyer",64,34,2,0
"101","2181207101","Governor - REP","Kelvin ""K-Man"" Wimberly (Write-in Candidate)",64,0,2,0
"101","2181207101","Secretary of State - REP","James Wiley",64,46,18,0
"101","2181207101","State Treasurer - REP","Kevin Grantham",64,47,17,0
"101","2181207101","Attorney General - REP","Michael J. Allen",64,50,7,0
"101","2181207101","Attorney General - REP","David Willson",64,7,7,0
"101","2181207101","Regent of the University of Colorado - Congressional District 2 - REP","Marty Neilson",64,42,22,0
"101","2181207101","State Representative - District 12 - REP","Ryan Rhatigan",64,45,19,0
"101","2181207101","Boulder County Commissioner - District 3 - REP","There are no candidates for this office",64,0,64,0
"101","2181207101","Boulder County Clerk and Recorder - REP","There are no candidates for this office",64,0,64,0
"101","2181207101","Boulder County Treasurer - REP","There are no candidates for this office",64,0,64,0
"101","2181207101","Boulder County Assessor - REP","There are no candidates for this office",64,0,64,0
"101","2181207101","Boulder County Sheriff - REP","There are no candidates for this office",64,0,64,0
"101","2181207101","Boulder County Surveyor - REP","There are no candidates for this office",64,0,64,0
"101","2181207101","Boulder County Coroner - REP","There are no candidates for this office",64,0,64,0
"101","2181207101","Governor - UNI","Paul Noël Fiorino",0,0,0,0
"101","2181207101","Governor - UNI","Jeff Peckman",0,0,0,0
"102","2181207102","United States Senator - DEM","Julie Gonzales",252,162,0,0
"102","2181207102","United States Senator - DEM","John Hickenlooper",252,90,0,0
"102","2181207102","Representative to the 120th United States Congress - District 2 - DEM","Joe Neguse",252,212,40,0
"102","2181207102","Governor - DEM","Phil Weiser",252,167,6,0
"102","2181207102","Governor - DEM","Michael Bennet",252,79,6,0
"102","2181207102","Secretary of State - DEM","Amanda Gonzalez",252,169,18,0
"102","2181207102","Secretary of State - DEM","Jessie Danielson",252,65,18,0
"102","2181207102","State Treasurer - DEM","Jeff Bridges",252,201,51,0
"102","2181207102","Attorney General - DEM","Jena Griswold",252,56,13,0
"102","2181207102","Attorney General - DEM","David Seligman",252,77,13,0
"102","2181207102","Attorney General - DEM","Michael Dougherty",252,48,13,0
"102","2181207102","Attorney General - DEM","Hetal Doshi",252,58,13,0
"102","2181207102","Regent of the University of Colorado - Congressional District 2 - DEM","Kubs Lalchandani",252,63,35,0
"102","2181207102","Regent of the University of Colorado - Congressional District 2 - DEM","Edie Hooton",252,70,35,0
"102","2181207102","Regent of the University of Colorado - Congressional District 2 - DEM","Murray Smith",252,84,35,0
"102","2181207102","State Representative - District 12 - DEM","Kyle Brown",252,193,59,0
"102","2181207102","Boulder County Commissioner - District 3 - DEM","Ashley Stolzmann",252,193,59,0
"102","2181207102","Boulder County Clerk and Recorder - DEM","Molly Fitzpatrick",252,194,58,0
"102","2181207102","Boulder County Treasurer - DEM","Jenn Kaaoush",252,128,37,0
"102","2181207102","Boulder County Treasurer - DEM","Rachel Friend",252,87,37,0
"102","2181207102","Boulder County Assessor - DEM","Cynthia Braddock",252,187,65,0
"102","2181207102","Boulder County Sheriff - DEM","Curtis Johnson",252,183,69,0
"102","2181207102","Boulder County Surveyor - DEM","Kayce D. W. Keane",252,187,65,0
"102","2181207102","Boulder County Coroner - DEM","Jeff Martin",252,188,64,0
"102","2181207102","United States Senator - REP","Mark Baisley",29,23,6,0
"102","2181207102","Representative to the 120th United States Congress - District 2 - REP","Kelley Anne Dennison",29,14,7,0
"102","2181207102","Representative to the 120th United States Congress - District 2 - REP","Christina Blunt (Ducommun)",29,8,7,0
"102","2181207102","Governor - REP","Scott Bottoms",29,6,0,0
"102","2181207102","Governor - REP","Victor Marx",29,16,0,0
"102","2181207102","Governor - REP","Barb Kirkmeyer",29,7,0,0
"102","2181207102","Governor - REP","Kelvin ""K-Man"" Wimberly (Write-in Candidate)",29,0,0,0
"102","2181207102","Secretary of State - REP","James Wiley",29,23,6,0
"102","2181207102","State Treasurer - REP","Kevin Grantham",29,23,6,0
"102","2181207102","Attorney General - REP","Michael J. Allen",29,14,6,0
"102","2181207102","Attorney General - REP","David Willson",29,9,6,0
"102","2181207102","Regent of the University of Colorado - Congressional District 2 - REP","Marty Neilson",29,22,7,0
"102","2181207102","State Representative - District 12 - REP","Ryan Rhatigan",29,22,7,0
"102","2181207102","Boulder County Commissioner - District 3 - REP","There are no candidates for this office",29,0,29,0
"102","2181207102","Boulder County Clerk and Recorder - REP","There are no candidates for this office",29,0,29,0
"102","2181207102","Boulder County Treasurer - REP","There are no candidates for this office",29,0,29,0
"102","2181207102","Boulder County Assessor - REP","There are no candidates for this office",29,0,29,0
"102","2181207102","Boulder County Sheriff - REP","There are no candidates for this office",29,0,29,0
"102","2181207102","Boulder County Surveyor - REP","There are no candidates for this office",29,0,29,0
"102","2181207102","Boulder County Coroner - REP","There are no candidates for this office",29,0,29,0
"102","2181207102","Governor - UNI","Paul Noël Fiorino",0,0,0,0
"102","2181207102","Governor - UNI","Jeff Peckman",0,0,0,0
"103","2181207103","United States Senator - DEM","Julie Gonzales",416,160,4,0
"103","2181207103","United States Senator - DEM","John Hickenlooper",416,252,4,0
"103","2181207103","Representative to the 120th United States Congress - District 2 - DEM","Joe Neguse",416,352,64,0
"103","2181207103","Governor - DEM","Phil Weiser",416,223,11,0
"103","2181207103","Governor - DEM","Michael Bennet",416,182,11,0
"103","2181207103","Secretary of State - DEM","Amanda Gonzalez",416,232,49,0
"103","2181207103","Secretary of State - DEM","Jessie Danielson",416,135,49,0
"103","2181207103","State Treasurer - DEM","Jeff Bridges",416,319,97,0
"103","2181207103","Attorney General - DEM","Jena Griswold",416,152,16,0
"103","2181207103","Attorney General - DEM","David Seligman",416,63,16,0
"103","2181207103","Attorney General - DEM","Michael Dougherty",416,129,16,0
"103","2181207103","Attorney General - DEM","Hetal Doshi",416,56,16,0
"103","2181207103","Regent of the University of Colorado - Congressional District 2 - DEM","Kubs Lalchandani",416,108,50,0
"103","2181207103","Regent of the University of Colorado - Congressional District 2 - DEM","Edie Hooton",416,155,50,0
"103","2181207103","Regent of the University of Colorado - Congressional District 2 - DEM","Murray Smith",416,103,50,0
"103","2181207103","State Representative - District 12 - DEM","Kyle Brown",416,313,103,0
"103","2181207103","Boulder County Commissioner - District 3 - DEM","Ashley Stolzmann",416,313,103,0
"103","2181207103","Boulder County Clerk and Recorder - DEM","Molly Fitzpatrick",416,317,99,0
"103","2181207103","Boulder County Treasurer - DEM","Jenn Kaaoush",416,253,29,0
"103","2181207103","Boulder County Treasurer - DEM","Rachel Friend",416,134,29,0
"103","2181207103","Boulder County Assessor - DEM","Cynthia Braddock",416,301,115,0
"103","2181207103","Boulder County Sheriff - DEM","Curtis Johnson",416,306,110,0
"103","2181207103","Boulder County Surveyor - DEM","Kayce D. W. Keane",416,302,114,0
"103","2181207103","Boulder County Coroner - DEM","Jeff Martin",416,300,116,0
"103","2181207103","United States Senator - REP","Mark Baisley",87,71,16,0
"103","2181207103","Representative to the 120th United States Congress - District 2 - REP","Kelley Anne Dennison",87,46,14,0
"103","2181207103","Representative to the 120th United States Congress - District 2 - REP","Christina Blunt (Ducommun)",87,27,14,0
"103","2181207103","Governor - REP","Scott Bottoms",87,15,2,0
"103","2181207103","Governor - REP","Victor Marx",87,23,2,0
"103","2181207103","Governor - REP","Barb Kirkmeyer",87,47,2,0
"103","2181207103","Governor - REP","Kelvin ""K-Man"" Wimberly (Write-in Candidate)",87,0,2,0
"103","2181207103","Secretary of State - REP","James Wiley",87,68,19,0
"103","2181207103","State Treasurer - REP","Kevin Grantham",87,69,18,0
"103","2181207103","Attorney General - REP","Michael J. Allen",87,47,9,0
"103","2181207103","Attorney General - REP","David Willson",87,31,9,0
"103","2181207103","Regent of the University of Colorado - Congressional District 2 - REP","Marty Neilson",87,69,18,0
"103","2181207103","State Representative - District 12 - REP","Ryan Rhatigan",87,67,20,0
"103","2181207103","Boulder County Commissioner - District 3 - REP","There are no candidates for this office",87,0,87,0
"103","2181207103","Boulder County Clerk and Recorder - REP","There are no candidates for this office",87,0,87,0
"103","2181207103","Boulder County Treasurer - REP","There are no candidates for this office",87,0,87,0
"103","2181207103","Boulder County Assessor - REP","There are no candidates for this office",87,0,87,0
"103","2181207103","Boulder County Sheriff - REP","There are no candidates for this office",87,0,87,0
"103","2181207103","Boulder County Surveyor - REP","There are no candidates for this office",87,0,87,0
"103","2181207103","Boulder County Coroner - REP","There are no candidates for this office",87,0,87,0
"103","2181207103","Governor - UNI","Paul Noël Fiorino",0,0,0,0
"103","2181207103","Governor - UNI","Jeff Peckman",0,0,0,0
"104","2181207104","United States Senator - DEM","Julie Gonzales",340,136,8,0
"104","2181207104","United States Senator - DEM","John Hickenlooper",340,196,8,0
"104","2181207104","Representative to the 120th United States Congress - District 2 - DEM","Joe Neguse",340,296,44,0
"104","2181207104","Governor - DEM","Phil Weiser",340,204,7,0
"104","2181207104","Governor - DEM","Michael Bennet",340,129,7,0
"104","2181207104","Secretary of State - DEM","Amanda Gonzalez",340,164,51,0
"104","2181207104","Secretary of State - DEM","Jessie Danielson",340,125,51,0
"104","2181207104","State Treasurer - DEM","Jeff Bridges",340,257,83,0
"104","2181207104","Attorney General - DEM","Jena Griswold",340,110,15,0
"104","2181207104","Attorney General - DEM","David Seligman",340,50,15,0
"104","2181207104","Attorney General - DEM","Michael Dougherty",340,114,15,0
"104","2181207104","Attorney General - DEM","Hetal Doshi",340,51,15,0
"104","2181207104","Regent of the University of Colorado - Congressional District 2 - DEM","Kubs Lalchandani",340,93,55,0
"104","2181207104","Regent of the University of Colorado - Congressional District 2 - DEM","Edie Hooton",340,124,55,0
"104","2181207104","Regent of the University of Colorado - Congressional District 2 - DEM","Murray Smith",340,68,55,0
"104","2181207104","State Representative - District 12 - DEM","Kyle Brown",340,254,86,0
"104","2181207104","Boulder County Commissioner - District 3 - DEM","Ashley Stolzmann",340,247,93,0
"104","2181207104","Boulder County Clerk and Recorder - DEM","Molly Fitzpatrick",340,259,81,0
"104","2181207104","Boulder County Treasurer - DEM","Jenn Kaaoush",340,187,37,0
"104","2181207104","Boulder County Treasurer - DEM","Rachel Friend",340,116,37,0
"104","2181207104","Boulder County Assessor - DEM","Cynthia Braddock",340,241,99,0
"104","2181207104","Boulder County Sheriff - DEM","Curtis Johnson",340,244,96,0
"104","2181207104","Boulder County Surveyor - DEM","Kayce D. W. Keane",340,242,98,0
"104","2181207104","Boulder County Coroner - DEM","Jeff Martin",340,244,96,0
"104","2181207104","United States Senator - REP","Mark Baisley",90,64,26,0
"104","2181207104","Representative to the 120th United States Congress - District 2 - REP","Kelley Anne Dennison",90,39,19,0
"104","2181207104","Representative to the 120th United States Congress - District 2 - REP","Christina Blunt (Ducommun)",90,32,19,0
"104","2181207104","Governor - REP","Scott Bottoms",90,19,1,0
"104","2181207104","Governor - REP","Victor Marx",90,27,1,0
"104","2181207104","Governor - REP","Barb Kirkmeyer",90,43,1,0
"104","2181207104","Governor - REP","Kelvin ""K-Man"" Wimberly (Write-in Candidate)",90,0,1,0
"104","2181207104","Secretary of State - REP","James Wiley",90,67,23,0
"104","2181207104","State Treasurer - REP","Kevin Grantham",90,65,25,0
"104","2181207104","Attorney General - REP","Michael J. Allen",90,44,11,0
"104","2181207104","Attorney General - REP","David Willson",90,35,11,0
"104","2181207104","Regent of the University of Colorado - Congressional District 2 - REP","Marty Neilson",90,63,27,0
"104","2181207104","State Representative - District 12 - REP","Ryan Rhatigan",90,64,26,0
"104","2181207104","Boulder County Commissioner - District 3 - REP","There are no candidates for this office",90,0,90,0
"104","2181207104","Boulder County Clerk and Recorder - REP","There are no candidates for this office",90,0,90,0
"104","2181207104","Boulder County Treasurer - REP","There are no candidates for this office",90,0,90,0
"104","2181207104","Boulder County Assessor - REP","There are no candidates for this office",90,0,90,0
"104","2181207104","Boulder County Sheriff - REP","There are no candidates for this office",90,0,90,0
"104","2181207104","Boulder County Surveyor - REP","There are no candidates for this office",90,0,90,0
"104","2181207104","Boulder County Coroner - REP","There are no candidates for this office",90,0,90,0
"104","2181207104","Governor - UNI","Paul Noël Fiorino",0,0,0,0
"104","2181207104","Governor - UNI","Jeff Peckman",0,0,0,0
"105","2181207105","United States Senator - DEM","Julie Gonzales",655,269,7,0
"105","2181207105","United States Senator - DEM","John Hickenlooper",655,379,7,0
"105","2181207105","Representative to the 120th United States Congress - District 2 - DEM","Joe Neguse",655,573,82,0
"105","2181207105","Governor - DEM","Phil Weiser",655,351,13,0
"105","2181207105","Governor - DEM","Michael Bennet",655,291,13,0
"105","2181207105","Secretary of State - DEM","Amanda Gonzalez",655,345,61,0
"105","2181207105","Secretary of State - DEM","Jessie Danielson",655,249,61,0
"105","2181207105","State Treasurer - DEM","Jeff Bridges",655,512,143,0
"105","2181207105","Attorney General - DEM","Jena Griswold",655,220,15,0
"105","2181207105","Attorney General - DEM","David Seligman",655,104,15,0
"105","2181207105","Attorney General - DEM","Michael Dougherty",655,220,15,0
"105","2181207105","Attorney General - DEM","Hetal Doshi",655,96,15,0
"105","2181207105","Regent of the University of Colorado - Congressional District 2 - DEM","Kubs Lalchandani",655,162,88,2
"105","2181207105","Regent of the University of Colorado - Congressional District 2 - DEM","Edie Hooton",655,259,88,2
"105","2181207105","Regent of the University of Colorado - Congressional District 2 - DEM","Murray Smith",655,144,88,2
"105","2181207105","State Representative - District 12 - DEM","Kyle Brown",655,506,149,0
"105","2181207105","Boulder County Commissioner - District 3 - DEM","Ashley Stolzmann",655,505,150,0
"105","2181207105","Boulder County Clerk and Recorder - DEM","Molly Fitzpatrick",655,520,135,0
"105","2181207105","Boulder County Treasurer - DEM","Jenn Kaaoush",655,351,46,0
"105","2181207105","Boulder County Treasurer - DEM","Rachel Friend",655,258,46,0
"105","2181207105","Boulder County Assessor - DEM","Cynthia Braddock",655,501,154,0
"105","2181207105","Boulder County Sheriff - DEM","Curtis Johnson",655,502,153,0
"105","2181207105","Boulder County Surveyor - DEM","Kayce D. W. Keane",655,501,154,0
"105","2181207105","Boulder County Coroner - DEM","Jeff Martin",655,502,153,0
"105","2181207105","Secretary of State - LBR","Sean Vadney",0,0,0,0
"105","2181207105","Secretary of State - LBR","Alex Astley",0,0,0,0
"105","2181207105","United States Senator - REP","Mark Baisley",85,65,20,0
"105","2181207105","Representative to the 120th United States Congress - District 2 - REP","Kelley Anne Dennison",85,42,6,0
"105","2181207105","Representative to the 120th United States Congress - District 2 - REP","Christina Blunt (Ducommun)",85,37,6,0
"105","2181207105","Governor - REP","Scott Bottoms",85,15,1,0
"105","2181207105","Governor - REP","Victor Marx",85,29,1,0
"105","2181207105","Governor - REP","Barb Kirkmeyer",85,40,1,0
"105","2181207105","Governor - REP","Kelvin ""K-Man"" Wimberly (Write-in Candidate)",85,0,1,0
"105","2181207105","Secretary of State - REP","James Wiley",85,64,21,0
"105","2181207105","State Treasurer - REP","Kevin Grantham",85,62,23,0
"105","2181207105","Attorney General - REP","Michael J. Allen",85,54,5,0
"105","2181207105","Attorney General - REP","David Willson",85,26,5,0
"105","2181207105","Regent of the University of Colorado - Congressional District 2 - REP","Marty Neilson",85,59,26,0
"105","2181207105","State Representative - District 12 - REP","Ryan Rhatigan",85,60,25,0
"105","2181207105","Boulder County Commissioner - District 3 - REP","There are no candidates for this office",85,0,85,0
"105","2181207105","Boulder County Clerk and Recorder - REP","There are no candidates for this office",85,0,85,0
"105","2181207105","Boulder County Treasurer - REP","There are no candidates for this office",85,0,85,0
"105","2181207105","Boulder County Assessor - REP","There are no candidates for this office",85,0,85,0
"105","2181207105","Boulder County Sheriff - REP","There are no candidates for this office",85,0,85,0
"105","2181207105","Boulder County Surveyor - REP","There are no candidates for this office",85,0,85,0
"105","2181207105","Boulder County Coroner - REP","There are no candidates for this office",85,0,85,0
"105","2181207105","Governor - UNI","Paul Noël Fiorino",0,0,0,0
"105","2181207105","Governor - UNI","Jeff Peckman",0,0,0,0
"106","2181207106","United States Senator - DEM","Julie Gonzales",680,357,3,0
"106","2181207106","United States Senator - DEM","John Hickenlooper",680,320,3,0
"106","2181207106","Representative to the 120th United States Congress - District 2 - DEM","Joe Neguse",680,607,73,0
"106","2181207106","Governor - DEM","Phil Weiser",680,428,11,0
"106","2181207106","Governor - DEM","Michael Bennet",680,241,11,0
"106","2181207106","Secretary of State - DEM","Amanda Gonzalez",680,375,60,0
"106","2181207106","Secretary of State - DEM","Jessie Danielson",680,245,60,0
"106","2181207106","State Treasurer - DEM","Jeff Bridges",680,542,138,0
"106","2181207106","Attorney General - DEM","Jena Griswold",680,219,28,0
"106","2181207106","Attorney General - DEM","David Seligman",680,139,28,0
"106","2181207106","Attorney General - DEM","Michael Dougherty",680,194,28,0
"106","2181207106","Attorney General - DEM","Hetal Doshi",680,100,28,0
"106","2181207106","Regent of the University of Colorado - Congressional District 2 - DEM","Kubs Lalchandani",680,182,102,3
"106","2181207106","Regent of the University of Colorado - Congressional District 2 - DEM","Edie Hooton",680,197,102,3
"106","2181207106","Regent of the University of Colorado - Congressional District 2 - DEM","Murray Smith",680,196,102,3
"106","2181207106","State Representative - District 12 - DEM","Kyle Brown",680,542,138,0
"106","2181207106","Boulder County Commissioner - District 3 - DEM","Ashley Stolzmann",680,532,148,0
"106","2181207106","Boulder County Clerk and Recorder - DEM","Molly Fitzpatrick",680,546,134,0
"106","2181207106","Boulder County Treasurer - DEM","Jenn Kaaoush",680,342,60,0
"106","2181207106","Boulder County Treasurer - DEM","Rachel Friend",680,278,60,0
"106","2181207106","Boulder County Assessor - DEM","Cynthia Braddock",680,517,163,0
"106","2181207106","Boulder County Sheriff - DEM","Curtis Johnson",680,518,162,0
"106","2181207106","Boulder County Surveyor - DEM","Kayce D. W. Keane",680,515,165,0
"106","2181207106","Boulder County Coroner - DEM","Jeff Martin",680,511,169,0
"106","2181207106","Secretary of State - LBR","Sean Vadney",0,0,0,0
"106","2181207106","Secretary of State - LBR","Alex Astley",0,0,0,0
"106","2181207106","United States Senator - REP","Mark Baisley",71,67,4,0
"106","2181207106","Representative to the 120th United States Congress - District 2 - REP","Kelley Anne Dennison",71,39,9,0
"106","2181207106","Representative to the 120th United States Congress - District 2 - REP","Christina Blunt (Ducommun)",71,23,9,0
"106","2181207106","Governor - REP","Scott Bottoms",71,16,1,0
"106","2181207106","Governor - REP","Victor Marx",71,24,1,0
"106","2181207106","Governor - REP","Barb Kirkmeyer",71,30,1,0
"106","2181207106","Governor - REP","Kelvin ""K-Man"" Wimberly (Write-in Candidate)",71,0,1,0
"106","2181207106","Secretary of State - REP","James Wiley",71,65,6,0
"106","2181207106","State Treasurer - REP","Kevin Grantham",71,66,5,0
"106","2181207106","Attorney General - REP","Michael J. Allen",71,47,7,0
"106","2181207106","Attorney General - REP","David Willson",71,17,7,0
"106","2181207106","Regent of the University of Colorado - Congressional District 2 - REP","Marty Neilson",71,65,6,0
"106","2181207106","State Representative - District 12 - REP","Ryan Rhatigan",71,63,8,0
"106","2181207106","Boulder County Commissioner - District 3 - REP","There are no candidates for this office",71,0,71,0
"106","2181207106","Boulder County Clerk and Recorder - REP","There are no candidates for this office",71,0,71,0
"106","2181207106","Boulder County Treasurer - REP","There are no candidates for this office",71,0,71,0
"106","2181207106","Boulder County Assessor - REP","There are no candidates for this office",71,0,71,0
"106","2181207106","Boulder County Sheriff - REP","There are no candidates for this office",71,0,71,0
"106","2181207106","Boulder County Surveyor - REP","There are no candidates for this office",71,0,71,0
"106","2181207106","Boulder County Coroner - REP","There are no candidates for this office",71,0,71,0
"106","2181207106","Governor - UNI","Paul Noël Fiorino",0,0,0,0
"106","2181207106","Governor - UNI","Jeff Peckman",0,0,0,0
"200","2181207200","United States Senator - DEM","Julie Gonzales",603,255,4,0
"200","2181207200","United States Senator - DEM","John Hickenlooper",603,344,4,0
"200","2181207200","Representative to the 120th United States Congress - District 2 - DEM","Joe Neguse",603,533,70,0
"200","2181207200","Governor - DEM","Phil Weiser",603,382,11,0
"200","2181207200","Governor - DEM","Michael Bennet",603,210,11,0
"200","2181207200","Secretary of State - DEM","Amanda Gonzalez",603,335,76,0
"200","2181207200","Secretary of State - DEM","Jessie Danielson",603,192,76,0
"200","2181207200","State Treasurer - DEM","Jeff Bridges",603,464,139,0
"200","2181207200","Attorney General - DEM","Jena Griswold",603,183,27,0
"200","2181207200","Attorney General - DEM","David Seligman",603,74,27,0
"200","2181207200","Attorney General - DEM","Michael Dougherty",603,244,27,0
"200","2181207200","Attorney General - DEM","Hetal Doshi",603,75,27,0
"200","2181207200","Regent of the University of Colorado - Congressional District 2 - DEM","Kubs Lalchandani",603,126,117,0
"200","2181207200","Regent of the University of Colorado - Congressional District 2 - DEM","Edie Hooton",603,236,117,0
"200","2181207200","Regent of the University of Colorado - Congressional District 2 - DEM","Murray Smith",603,124,117,0
"200","2181207200","State Representative - District 12 - DEM","Kyle Brown",603,479,124,0
"200","2181207200","Boulder County Commissioner - District 3 - DEM","Ashley Stolzmann",603,442,161,0
"200","2181207200","Boulder County Clerk and Recorder - DEM","Molly Fitzpatrick",603,474,129,0
"200","2181207200","Boulder County Treasurer - DEM","Jenn Kaaoush",603,186,113,0
"200","2181207200","Boulder County Treasurer - DEM","Rachel Friend",603,304,113,0
"200","2181207200","Boulder County Assessor - DEM","Cynthia Braddock",603,449,154,0
"200","2181207200","Boulder County Sheriff - DEM","Curtis Johnson",603,460,143,0
"200","2181207200","Boulder County Surveyor - DEM","Kayce D. W. Keane",603,438,165,0
"200","2181207200","Boulder County Coroner - DEM","Jeff Martin",603,437,166,0
"200","2181207200","Secretary of State - LBR","Sean Vadney",0,0,0,0
"200","2181207200","Secretary of State - LBR","Alex Astley",0,0,0,0
"200","2181207200","United States Senator - REP","Mark Baisley",92,71,21,0
"200","2181207200","Representative to the 120th United States Congress - District 2 - REP","Kelley Anne Dennison",92,52,13,0
"200","2181207200","Representative to the 120th United States Congress - District 2 - REP","Christina Blunt (Ducommun)",92,27,13,0
"200","2181207200","Governor - REP","Scott Bottoms",92,12,1,0
"200","2181207200","Governor - REP","Victor Marx",92,28,1,0
"200","2181207200","Governor - REP","Barb Kirkmeyer",92,51,1,0
"200","2181207200","Governor - REP","Kelvin ""K-Man"" Wimberly (Write-in Candidate)",92,0,1,0
"200","2181207200","Secretary of State - REP","James Wiley",92,66,26,0
"200","2181207200","State Treasurer - REP","Kevin Grantham",92,70,22,0
"200","2181207200","Attorney General - REP","Michael J. Allen",92,52,7,0
"200","2181207200","Attorney General - REP","David Willson",92,33,7,0
"200","2181207200","Regent of the University of Colorado - Congressional District 2 - REP","Marty Neilson",92,68,24,0
"200","2181207200","State Representative - District 12 - REP","Ryan Rhatigan",92,68,24,0
"200","2181207200","Boulder County Commissioner - District 3 - REP","There are no candidates for this office",92,0,92,0
"200","2181207200","Boulder County Clerk and Recorder - REP","There are no candidates for this office",92,0,92,0
"200","2181207200","Boulder County Treasurer - REP","There are no candidates for this office",92,0,92,0
"200","2181207200","Boulder County Assessor - REP","There are no candidates for this office",92,0,92,0
"200","2181207200","Boulder County Sheriff - REP","There are no candidates for this office",92,0,92,0
"200","2181207200","Boulder County Surveyor - REP","There are no candidates for this office",92,0,92,0
"200","2181207200","Boulder County Coroner - REP","There are no candidates for this office",92,0,92,0
"200","2181207200","Governor - UNI","Paul Noël Fiorino",0,0,0,0
"200","2181207200","Governor - UNI","Jeff Peckman",0,0,0,0
"201","2181207201","United States Senator - DEM","Julie Gonzales",407,172,3,0
"201","2181207201","United States Senator - DEM","John Hickenlooper",407,232,3,0
"201","2181207201","Representative to the 120th United States Congress - District 2 - DEM","Joe Neguse",407,350,57,0
"201","2181207201","Governor - DEM","Phil Weiser",407,240,5,0
"201","2181207201","Governor - DEM","Michael Bennet",407,162,5,0
"201","2181207201","Secretary of State - DEM","Amanda Gonzalez",407,224,44,0
"201","2181207201","Secretary of State - DEM","Jessie Danielson",407,139,44,0
"201","2181207201","State Treasurer - DEM","Jeff Bridges",407,308,99,0
"201","2181207201","Attorney General - DEM","Jena Griswold",407,124,15,0
"201","2181207201","Attorney General - DEM","David Seligman",407,70,15,0
"201","2181207201","Attorney General - DEM","Michael Dougherty",407,151,15,0
"201","2181207201","Attorney General - DEM","Hetal Doshi",407,47,15,0
"201","2181207201","Regent of the University of Colorado - Congressional District 2 - DEM","Kubs Lalchandani",407,104,67,1
"201","2181207201","Regent of the University of Colorado - Congressional District 2 - DEM","Edie Hooton",407,151,67,1
"201","2181207201","Regent of the University of Colorado - Congressional District 2 - DEM","Murray Smith",407,84,67,1
"201","2181207201","State Representative - District 12 - DEM","Kyle Brown",407,311,96,0
"201","2181207201","Boulder County Commissioner - District 3 - DEM","Ashley Stolzmann",407,301,106,0
"201","2181207201","Boulder County Clerk and Recorder - DEM","Molly Fitzpatrick",407,319,88,0
"201","2181207201","Boulder County Treasurer - DEM","Jenn Kaaoush",407,162,56,0
"201","2181207201","Boulder County Treasurer - DEM","Rachel Friend",407,189,56,0
"201","2181207201","Boulder County Assessor - DEM","Cynthia Braddock",407,306,101,0
"201","2181207201","Boulder County Sheriff - DEM","Curtis Johnson",407,306,101,0
"201","2181207201","Boulder County Surveyor - DEM","Kayce D. W. Keane",407,304,103,0
"201","2181207201","Boulder County Coroner - DEM","Jeff Martin",407,306,101,0
"201","2181207201","United States Senator - REP","Mark Baisley",76,58,18,0
"201","2181207201","Representative to the 120th United States Congress - District 2 - REP","Kelley Anne Dennison",76,36,17,0
"201","2181207201","Representative to the 120th United States Congress - District 2 - REP","Christina Blunt (Ducommun)",76,23,17,0
"201","2181207201","Governor - REP","Scott Bottoms",76,18,0,0
"201","2181207201","Governor - REP","Victor Marx",76,23,0,0
"201","2181207201","Governor - REP","Barb Kirkmeyer",76,35,0,0
"201","2181207201","Governor - REP","Kelvin ""K-Man"" Wimberly (Write-in Candidate)",76,0,0,0
"201","2181207201","Secretary of State - REP","James Wiley",76,59,17,0
"201","2181207201","State Treasurer - REP","Kevin Grantham",76,59,17,0
"201","2181207201","Attorney General - REP","Michael J. Allen",76,37,12,0
"201","2181207201","Attorney General - REP","David Willson",76,27,12,0
"201","2181207201","Regent of the University of Colorado - Congressional District 2 - REP","Marty Neilson",76,56,20,0
"201","2181207201","State Representative - District 12 - REP","Ryan Rhatigan",76,57,19,0
"201","2181207201","Boulder County Commissioner - District 3 - REP","There are no candidates for this office",76,0,76,0
"201","2181207201","Boulder County Clerk and Recorder - REP","There are no candidates for this office",76,0,76,0
"201","2181207201","Boulder County Treasurer - REP","There are no candidates for this office",76,0,76,0
"201","2181207201","Boulder County Assessor - REP","There are no candidates for this office",76,0,76,0
"201","2181207201","Boulder County Sheriff - REP","There are no candidates for this office",76,0,76,0
"201","2181207201","Boulder County Surveyor - REP","There are no candidates for this office",76,0,76,0
"201","2181207201","Boulder County Coroner - REP","There are no candidates for this office",76,0,76,0
"201","2181207201","Governor - UNI","Paul Noël Fiorino",0,0,0,0
"201","2181207201","Governor - UNI","Jeff Peckman",0,0,0,0
"202","2181207202","United States Senator - DEM","Julie Gonzales",394,143,5,0
"202","2181207202","United States Senator - DEM","John Hickenlooper",394,246,5,0
"202","2181207202","Representative to the 120th United States Congress - District 2 - DEM","Joe Neguse",394,351,43,0
"202","2181207202","Governor - DEM","Phil Weiser",394,229,8,0
"202","2181207202","Governor - DEM","Michael Bennet",394,157,8,0
"202","2181207202","Secretary of State - DEM","Amanda Gonzalez",394,197,60,0
"202","2181207202","Secretary of State - DEM","Jessie Danielson",394,137,60,0
"202","2181207202","State Treasurer - DEM","Jeff Bridges",394,286,108,0
"202","2181207202","Attorney General - DEM","Jena Griswold",394,111,21,0
"202","2181207202","Attorney General - DEM","David Seligman",394,64,21,0
"202","2181207202","Attorney General - DEM","Michael Dougherty",394,161,21,0
"202","2181207202","Attorney General - DEM","Hetal Doshi",394,37,21,0
"202","2181207202","Regent of the University of Colorado - Congressional District 2 - DEM","Kubs Lalchandani",394,99,68,0
"202","2181207202","Regent of the University of Colorado - Congressional District 2 - DEM","Edie Hooton",394,148,68,0
"202","2181207202","Regent of the University of Colorado - Congressional District 2 - DEM","Murray Smith",394,79,68,0
"202","2181207202","State Representative - District 12 - DEM","Kyle Brown",394,311,83,0
"202","2181207202","Boulder County Commissioner - District 3 - DEM","Ashley Stolzmann",394,244,150,0
"202","2181207202","Boulder County Clerk and Recorder - DEM","Molly Fitzpatrick",394,292,102,0
"202","2181207202","Boulder County Treasurer - DEM","Jenn Kaaoush",394,144,54,0
"202","2181207202","Boulder County Treasurer - DEM","Rachel Friend",394,196,54,0
"202","2181207202","Boulder County Assessor - DEM","Cynthia Braddock",394,276,118,0
"202","2181207202","Boulder County Sheriff - DEM","Curtis Johnson",394,292,102,0
"202","2181207202","Boulder County Surveyor - DEM","Kayce D. W. Keane",394,272,122,0
"202","2181207202","Boulder County Coroner - DEM","Jeff Martin",394,271,123,0
"202","2181207202","Secretary of State - LBR","Sean Vadney",0,0,0,0
"202","2181207202","Secretary of State - LBR","Alex Astley",0,0,0,0
"202","2181207202","United States Senator - REP","Mark Baisley",54,37,17,0
"202","2181207202","Representative to the 120th United States Congress - District 2 - REP","Kelley Anne Dennison",54,20,13,0
"202","2181207202","Representative to the 120th United States Congress - District 2 - REP","Christina Blunt (Ducommun)",54,21,13,0
"202","2181207202","Governor - REP","Scott Bottoms",54,13,2,0
"202","2181207202","Governor - REP","Victor Marx",54,10,2,0
"202","2181207202","Governor - REP","Barb Kirkmeyer",54,29,2,0
"202","2181207202","Governor - REP","Kelvin ""K-Man"" Wimberly (Write-in Candidate)",54,0,2,0
"202","2181207202","Secretary of State - REP","James Wiley",54,34,20,0
"202","2181207202","State Treasurer - REP","Kevin Grantham",54,34,20,0
"202","2181207202","Attorney General - REP","Michael J. Allen",54,20,10,0
"202","2181207202","Attorney General - REP","David Willson",54,24,10,0
"202","2181207202","Regent of the University of Colorado - Congressional District 2 - REP","Marty Neilson",54,32,22,0
"202","2181207202","State Representative - District 12 - REP","Ryan Rhatigan",54,30,24,0
"202","2181207202","Boulder County Commissioner - District 3 - REP","There are no candidates for this office",54,0,54,0
"202","2181207202","Boulder County Clerk and Recorder - REP","There are no candidates for this office",54,0,54,0
"202","2181207202","Boulder County Treasurer - REP","There are no candidates for this office",54,0,54,0
"202","2181207202","Boulder County Assessor - REP","There are no candidates for this office",54,0,54,0
"202","2181207202","Boulder County Sheriff - REP","There are no candidates for this office",54,0,54,0
"202","2181207202","Boulder County Surveyor - REP","There are no candidates for this office",54,0,54,0
"202","2181207202","Boulder County Coroner - REP","There are no candidates for this office",54,0,54,0
"202","2181207202","Governor - UNI","Paul Noël Fiorino",0,0,0,0
"202","2181207202","Governor - UNI","Jeff Peckman",0,0,0,0
"203","2181207203","United States Senator - DEM","Julie Gonzales",437,207,7,0
"203","2181207203","United States Senator - DEM","John Hickenlooper",437,223,7,0
"203","2181207203","Representative to the 120th United States Congress - District 2 - DEM","Joe Neguse",437,381,56,0
"203","2181207203","Governor - DEM","Phil Weiser",437,273,9,0
"203","2181207203","Governor - DEM","Michael Bennet",437,155,9,0
"203","2181207203","Secretary of State - DEM","Amanda Gonzalez",437,243,57,0
"203","2181207203","Secretary of State - DEM","Jessie Danielson",437,137,57,0
"203","2181207203","State Treasurer - DEM","Jeff Bridges",437,319,118,0
"203","2181207203","Attorney General - DEM","Jena Griswold",437,132,20,0
"203","2181207203","Attorney General - DEM","David Seligman",437,74,20,0
"203","2181207203","Attorney General - DEM","Michael Dougherty",437,173,20,0
"203","2181207203","Attorney General - DEM","Hetal Doshi",437,38,20,0
"203","2181207203","Regent of the University of Colorado - Congressional District 2 - DEM","Kubs Lalchandani",437,93,89,1
"203","2181207203","Regent of the University of Colorado - Congressional District 2 - DEM","Edie Hooton",437,151,89,1
"203","2181207203","Regent of the University of Colorado - Congressional District 2 - DEM","Murray Smith",437,103,89,1
"203","2181207203","State Representative - District 12 - DEM","Kyle Brown",437,326,111,0
"203","2181207203","Boulder County Commissioner - District 3 - DEM","Ashley Stolzmann",437,291,146,0
"203","2181207203","Boulder County Clerk and Recorder - DEM","Molly Fitzpatrick",437,324,113,0
"203","2181207203","Boulder County Treasurer - DEM","Jenn Kaaoush",437,188,59,0
"203","2181207203","Boulder County Treasurer - DEM","Rachel Friend",437,190,59,0
"203","2181207203","Boulder County Assessor - DEM","Cynthia Braddock",437,294,143,0
"203","2181207203","Boulder County Sheriff - DEM","Curtis Johnson",437,302,135,0
"203","2181207203","Boulder County Surveyor - DEM","Kayce D. W. Keane",437,291,146,0
"203","2181207203","Boulder County Coroner - DEM","Jeff Martin",437,293,144,0
"203","2181207203","United States Senator - REP","Mark Baisley",58,46,12,0
"203","2181207203","Representative to the 120th United States Congress - District 2 - REP","Kelley Anne Dennison",58,33,3,0
"203","2181207203","Representative to the 120th United States Congress - District 2 - REP","Christina Blunt (Ducommun)",58,22,3,0
"203","2181207203","Governor - REP","Scott Bottoms",58,8,0,0
"203","2181207203","Governor - REP","Victor Marx",58,16,0,0
"203","2181207203","Governor - REP","Barb Kirkmeyer",58,34,0,0
"203","2181207203","Governor - REP","Kelvin ""K-Man"" Wimberly (Write-in Candidate)",58,0,0,0
"203","2181207203","Secretary of State - REP","James Wiley",58,45,13,0
"203","2181207203","State Treasurer - REP","Kevin Grantham",58,45,13,0
"203","2181207203","Attorney General - REP","Michael J. Allen",58,31,5,0
"203","2181207203","Attorney General - REP","David Willson",58,22,5,0
"203","2181207203","Regent of the University of Colorado - Congressional District 2 - REP","Marty Neilson",58,43,15,0
"203","2181207203","State Representative - District 12 - REP","Ryan Rhatigan",58,42,16,0
"203","2181207203","Boulder County Commissioner - District 3 - REP","There are no candidates for this office",58,0,58,0
"203","2181207203","Boulder County Clerk and Recorder - REP","There are no candidates for this office",58,0,58,0
"203","2181207203","Boulder County Treasurer - REP","There are no candidates for this office",58,0,58,0
"203","2181207203","Boulder County Assessor - REP","There are no candidates for this office",58,0,58,0
"203","2181207203","Boulder County Sheriff - REP","There are no candidates for this office",58,0,58,0
"203","2181207203","Boulder County Surveyor - REP","There are no candidates for this office",58,0,58,0
"203","2181207203","Boulder County Coroner - REP","There are no candidates for this office",58,0,58,0
"203","2181207203","Governor - UNI","Paul Noël Fiorino",0,0,0,0
"203","2181207203","Governor - UNI","Jeff Peckman",0,0,0,0
"204","2181207204","United States Senator - DEM","Julie Gonzales",719,334,9,0
"204","2181207204","United States Senator - DEM","John Hickenlooper",719,376,9,0
"204","2181207204","Representative to the 120th United States Congress - District 2 - DEM","Joe Neguse",719,627,92,0
"204","2181207204","Governor - DEM","Phil Weiser",719,477,8,0
"204","2181207204","Governor - DEM","Michael Bennet",719,234,8,0
"204","2181207204","Secretary of State - DEM","Amanda Gonzalez",719,398,84,0
"204","2181207204","Secretary of State - DEM","Jessie Danielson",719,237,84,0
"204","2181207204","State Treasurer - DEM","Jeff Bridges",719,540,179,0
"204","2181207204","Attorney General - DEM","Jena Griswold",719,211,34,0
"204","2181207204","Attorney General - DEM","David Seligman",719,130,34,0
"204","2181207204","Attorney General - DEM","Michael Dougherty",719,234,34,0
"204","2181207204","Attorney General - DEM","Hetal Doshi",719,110,34,0
"204","2181207204","Regent of the University of Colorado - Congressional District 2 - DEM","Kubs Lalchandani",719,184,131,0
"204","2181207204","Regent of the University of Colorado - Congressional District 2 - DEM","Edie Hooton",719,243,131,0
"204","2181207204","Regent of the University of Colorado - Congressional District 2 - DEM","Murray Smith",719,161,131,0
"204","2181207204","State Representative - District 12 - DEM","Kyle Brown",719,542,177,0
"204","2181207204","Boulder County Commissioner - District 3 - DEM","Ashley Stolzmann",719,520,199,0
"204","2181207204","Boulder County Clerk and Recorder - DEM","Molly Fitzpatrick",719,550,169,0
"204","2181207204","Boulder County Treasurer - DEM","Jenn Kaaoush",719,266,128,1
"204","2181207204","Boulder County Treasurer - DEM","Rachel Friend",719,324,128,1
"204","2181207204","Boulder County Assessor - DEM","Cynthia Braddock",719,511,208,0
"204","2181207204","Boulder County Sheriff - DEM","Curtis Johnson",719,508,211,0
"204","2181207204","Boulder County Surveyor - DEM","Kayce D. W. Keane",719,511,208,0
"204","2181207204","Boulder County Coroner - DEM","Jeff Martin",719,513,206,0
"204","2181207204","Secretary of State - LBR","Sean Vadney",0,0,0,0
"204","2181207204","Secretary of State - LBR","Alex Astley",0,0,0,0
"204","2181207204","United States Senator - REP","Mark Baisley",91,75,16,0
"204","2181207204","Representative to the 120th United States Congress - District 2 - REP","Kelley Anne Dennison",91,52,17,0
"204","2181207204","Representative to the 120th United States Congress - District 2 - REP","Christina Blunt (Ducommun)",91,22,17,0
"204","2181207204","Governor - REP","Scott Bottoms",91,11,1,0
"204","2181207204","Governor - REP","Victor Marx",91,26,1,0
"204","2181207204","Governor - REP","Barb Kirkmeyer",91,53,1,0
"204","2181207204","Governor - REP","Kelvin ""K-Man"" Wimberly (Write-in Candidate)",91,0,1,0
"204","2181207204","Secretary of State - REP","James Wiley",91,77,14,0
"204","2181207204","State Treasurer - REP","Kevin Grantham",91,77,14,0
"204","2181207204","Attorney General - REP","Michael J. Allen",91,50,10,0
"204","2181207204","Attorney General - REP","David Willson",91,31,10,0
"204","2181207204","Regent of the University of Colorado - Congressional District 2 - REP","Marty Neilson",91,74,17,0
"204","2181207204","State Representative - District 12 - REP","Ryan Rhatigan",91,74,17,0
"204","2181207204","Boulder County Commissioner - District 3 - REP","There are no candidates for this office",91,0,91,0
"204","2181207204","Boulder County Clerk and Recorder - REP","There are no candidates for this office",91,0,91,0
"204","2181207204","Boulder County Treasurer - REP","There are no candidates for this office",91,0,91,0
"204","2181207204","Boulder County Assessor - REP","There are no candidates for this office",91,0,91,0
"204","2181207204","Boulder County Sheriff - REP","There are no candidates for this office",91,0,91,0
"204","2181207204","Boulder County Surveyor - REP","There are no candidates for this office",91,0,91,0
"204","2181207204","Boulder County Coroner - REP","There are no candidates for this office",91,0,91,0
"204","2181207204","Governor - UNI","Paul Noël Fiorino",0,0,0,0
"204","2181207204","Governor - UNI","Jeff Peckman",0,0,0,0
"205","2181207205","United States Senator - DEM","Julie Gonzales",477,218,3,0
"205","2181207205","United States Senator - DEM","John Hickenlooper",477,256,3,0
"205","2181207205","Representative to the 120th United States Congress - District 2 - DEM","Joe Neguse",477,422,55,0
"205","2181207205","Governor - DEM","Phil Weiser",477,314,4,0
"205","2181207205","Governor - DEM","Michael Bennet",477,159,4,0
"205","2181207205","Secretary of State - DEM","Amanda Gonzalez",477,247,67,0
"205","2181207205","Secretary of State - DEM","Jessie Danielson",477,163,67,0
"205","2181207205","State Treasurer - DEM","Jeff Bridges",477,361,116,0
"205","2181207205","Attorney General - DEM","Jena Griswold",477,148,14,1
"205","2181207205","Attorney General - DEM","David Seligman",477,77,14,1
"205","2181207205","Attorney General - DEM","Michael Dougherty",477,173,14,1
"205","2181207205","Attorney General - DEM","Hetal Doshi",477,64,14,1
"205","2181207205","Regent of the University of Colorado - Congressional District 2 - DEM","Kubs Lalchandani",477,89,86,1
"205","2181207205","Regent of the University of Colorado - Congressional District 2 - DEM","Edie Hooton",477,198,86,1
"205","2181207205","Regent of the University of Colorado - Congressional District 2 - DEM","Murray Smith",477,103,86,1
"205","2181207205","State Representative - District 12 - DEM","Kyle Brown",477,364,113,0
"205","2181207205","Boulder County Commissioner - District 3 - DEM","Ashley Stolzmann",477,356,121,0
"205","2181207205","Boulder County Clerk and Recorder - DEM","Molly Fitzpatrick",477,375,102,0
"205","2181207205","Boulder County Treasurer - DEM","Jenn Kaaoush",477,151,81,0
"205","2181207205","Boulder County Treasurer - DEM","Rachel Friend",477,245,81,0
"205","2181207205","Boulder County Assessor - DEM","Cynthia Braddock",477,346,131,0
"205","2181207205","Boulder County Sheriff - DEM","Curtis Johnson",477,348,129,0
"205","2181207205","Boulder County Surveyor - DEM","Kayce D. W. Keane",477,342,135,0
"205","2181207205","Boulder County Coroner - DEM","Jeff Martin",477,341,136,0
"205","2181207205","United States Senator - REP","Mark Baisley",44,32,12,0
"205","2181207205","Representative to the 120th United States Congress - District 2 - REP","Kelley Anne Dennison",44,25,3,0
"205","2181207205","Representative to the 120th United States Congress - District 2 - REP","Christina Blunt (Ducommun)",44,16,3,0
"205","2181207205","Governor - REP","Scott Bottoms",44,9,1,0
"205","2181207205","Governor - REP","Victor Marx",44,2,1,0
"205","2181207205","Governor - REP","Barb Kirkmeyer",44,32,1,0
"205","2181207205","Governor - REP","Kelvin ""K-Man"" Wimberly (Write-in Candidate)",44,0,1,0
"205","2181207205","Secretary of State - REP","James Wiley",44,33,11,0
"205","2181207205","State Treasurer - REP","Kevin Grantham",44,32,12,0
"205","2181207205","Attorney General - REP","Michael J. Allen",44,32,4,0
"205","2181207205","Attorney General - REP","David Willson",44,8,4,0
"205","2181207205","Regent of the University of Colorado - Congressional District 2 - REP","Marty Neilson",44,31,13,0
"205","2181207205","State Representative - District 12 - REP","Ryan Rhatigan",44,32,12,0
"205","2181207205","Boulder County Commissioner - District 3 - REP","There are no candidates for this office",44,0,44,0
"205","2181207205","Boulder County Clerk and Recorder - REP","There are no candidates for this office",44,0,44,0
"205","2181207205","Boulder County Treasurer - REP","There are no candidates for this office",44,0,44,0
"205","2181207205","Boulder County Assessor - REP","There are no candidates for this office",44,0,44,0
"205","2181207205","Boulder County Sheriff - REP","There are no candidates for this office",44,0,44,0
"205","2181207205","Boulder County Surveyor - REP","There are no candidates for this office",44,0,44,0
"205","2181207205","Boulder County Coroner - REP","There are no candidates for this office",44,0,44,0
"205","2181207205","Governor - UNI","Paul Noël Fiorino",0,0,0,0
"205","2181207205","Governor - UNI","Jeff Peckman",0,0,0,0
"206","2181207206","United States Senator - DEM","Julie Gonzales",534,227,6,0
"206","2181207206","United States Senator - DEM","John Hickenlooper",534,301,6,0
"206","2181207206","Representative to the 120th United States Congress - District 2 - DEM","Joe Neguse",534,481,53,0
"206","2181207206","Governor - DEM","Phil Weiser",534,335,6,0
"206","2181207206","Governor - DEM","Michael Bennet",534,193,6,0
"206","2181207206","Secretary of State - DEM","Amanda Gonzalez",534,316,63,0
"206","2181207206","Secretary of State - DEM","Jessie Danielson",534,155,63,0
"206","2181207206","State Treasurer - DEM","Jeff Bridges",534,415,119,0
"206","2181207206","Attorney General - DEM","Jena Griswold",534,165,26,0
"206","2181207206","Attorney General - DEM","David Seligman",534,84,26,0
"206","2181207206","Attorney General - DEM","Michael Dougherty",534,208,26,0
"206","2181207206","Attorney General - DEM","Hetal Doshi",534,51,26,0
"206","2181207206","Regent of the University of Colorado - Congressional District 2 - DEM","Kubs Lalchandani",534,139,96,0
"206","2181207206","Regent of the University of Colorado - Congressional District 2 - DEM","Edie Hooton",534,181,96,0
"206","2181207206","Regent of the University of Colorado - Congressional District 2 - DEM","Murray Smith",534,118,96,0
"206","2181207206","State Representative - District 12 - DEM","Kyle Brown",534,412,122,0
"206","2181207206","Boulder County Commissioner - District 3 - DEM","Ashley Stolzmann",534,389,145,0
"206","2181207206","Boulder County Clerk and Recorder - DEM","Molly Fitzpatrick",534,418,116,0
"206","2181207206","Boulder County Treasurer - DEM","Jenn Kaaoush",534,210,88,0
"206","2181207206","Boulder County Treasurer - DEM","Rachel Friend",534,236,88,0
"206","2181207206","Boulder County Assessor - DEM","Cynthia Braddock",534,395,139,0
"206","2181207206","Boulder County Sheriff - DEM","Curtis Johnson",534,396,138,0
"206","2181207206","Boulder County Surveyor - DEM","Kayce D. W. Keane",534,390,144,0
"206","2181207206","Boulder County Coroner - DEM","Jeff Martin",534,391,143,0
"206","2181207206","United States Senator - REP","Mark Baisley",51,38,13,0
"206","2181207206","Representative to the 120th United States Congress - District 2 - REP","Kelley Anne Dennison",51,23,8,0
"206","2181207206","Representative to the 120th United States Congress - District 2 - REP","Christina Blunt (Ducommun)",51,20,8,0
"206","2181207206","Governor - REP","Scott Bottoms",51,12,3,0
"206","2181207206","Governor - REP","Victor Marx",51,15,3,0
"206","2181207206","Governor - REP","Barb Kirkmeyer",51,21,3,0
"206","2181207206","Governor - REP","Kelvin ""K-Man"" Wimberly (Write-in Candidate)",51,0,3,0
"206","2181207206","Secretary of State - REP","James Wiley",51,39,12,0
"206","2181207206","State Treasurer - REP","Kevin Grantham",51,39,12,0
"206","2181207206","Attorney General - REP","Michael J. Allen",51,28,8,0
"206","2181207206","Attorney General - REP","David Willson",51,15,8,0
"206","2181207206","Regent of the University of Colorado - Congressional District 2 - REP","Marty Neilson",51,37,14,0
"206","2181207206","State Representative - District 12 - REP","Ryan Rhatigan",51,38,13,0
"206","2181207206","Boulder County Commissioner - District 3 - REP","There are no candidates for this office",51,0,51,0
"206","2181207206","Boulder County Clerk and Recorder - REP","There are no candidates for this office",51,0,51,0
"206","2181207206","Boulder County Treasurer - REP","There are no candidates for this office",51,0,51,0
"206","2181207206","Boulder County Assessor - REP","There are no candidates for this office",51,0,51,0
"206","2181207206","Boulder County Sheriff - REP","There are no candidates for this office",51,0,51,0
"206","2181207206","Boulder County Surveyor - REP","There are no candidates for this office",51,0,51,0
"206","2181207206","Boulder County Coroner - REP","There are no candidates for this office",51,0,51,0
"206","2181207206","Governor - UNI","Paul Noël Fiorino",0,0,0,0
"206","2181207206","Governor - UNI","Jeff Peckman",0,0,0,0
"207","2181207207","United States Senator - DEM","Julie Gonzales",735,296,9,0
"207","2181207207","United States Senator - DEM","John Hickenlooper",735,430,9,0
"207","2181207207","Representative to the 120th United States Congress - District 2 - DEM","Joe Neguse",735,640,95,0
"207","2181207207","Governor - DEM","Phil Weiser",735,438,17,0
"207","2181207207","Governor - DEM","Michael Bennet",735,280,17,0
"207","2181207207","Secretary of State - DEM","Amanda Gonzalez",735,382,94,0
"207","2181207207","Secretary of State - DEM","Jessie Danielson",735,259,94,0
"207","2181207207","State Treasurer - DEM","Jeff Bridges",735,549,186,0
"207","2181207207","Attorney General - DEM","Jena Griswold",735,230,28,0
"207","2181207207","Attorney General - DEM","David Seligman",735,109,28,0
"207","2181207207","Attorney General - DEM","Michael Dougherty",735,270,28,0
"207","2181207207","Attorney General - DEM","Hetal Doshi",735,98,28,0
"207","2181207207","Regent of the University of Colorado - Congressional District 2 - DEM","Kubs Lalchandani",735,191,132,0
"207","2181207207","Regent of the University of Colorado - Congressional District 2 - DEM","Edie Hooton",735,251,132,0
"207","2181207207","Regent of the University of Colorado - Congressional District 2 - DEM","Murray Smith",735,161,132,0
"207","2181207207","State Representative - District 12 - DEM","Kyle Brown",735,531,204,0
"207","2181207207","Boulder County Commissioner - District 3 - DEM","Ashley Stolzmann",735,527,208,0
"207","2181207207","Boulder County Clerk and Recorder - DEM","Molly Fitzpatrick",735,557,178,0
"207","2181207207","Boulder County Treasurer - DEM","Jenn Kaaoush",735,235,137,0
"207","2181207207","Boulder County Treasurer - DEM","Rachel Friend",735,363,137,0
"207","2181207207","Boulder County Assessor - DEM","Cynthia Braddock",735,521,214,0
"207","2181207207","Boulder County Sheriff - DEM","Curtis Johnson",735,515,220,0
"207","2181207207","Boulder County Surveyor - DEM","Kayce D. W. Keane",735,521,214,0
"207","2181207207","Boulder County Coroner - DEM","Jeff Martin",735,514,221,0
"207","2181207207","United States Senator - REP","Mark Baisley",123,88,35,0
"207","2181207207","Representative to the 120th United States Congress - District 2 - REP","Kelley Anne Dennison",123,55,21,0
"207","2181207207","Representative to the 120th United States Congress - District 2 - REP","Christina Blunt (Ducommun)",123,47,21,0
"207","2181207207","Governor - REP","Scott Bottoms",123,17,1,0
"207","2181207207","Governor - REP","Victor Marx",123,37,1,0
"207","2181207207","Governor - REP","Barb Kirkmeyer",123,68,1,0
"207","2181207207","Governor - REP","Kelvin ""K-Man"" Wimberly (Write-in Candidate)",123,0,1,0
"207","2181207207","Secretary of State - REP","James Wiley",123,90,33,0
"207","2181207207","State Treasurer - REP","Kevin Grantham",123,90,33,0
"207","2181207207","Attorney General - REP","Michael J. Allen",123,70,15,0
"207","2181207207","Attorney General - REP","David Willson",123,38,15,0
"207","2181207207","Regent of the University of Colorado - Congressional District 2 - REP","Marty Neilson",123,88,35,0
"207","2181207207","State Representative - District 12 - REP","Ryan Rhatigan",123,85,38,0
"207","2181207207","Boulder County Commissioner - District 3 - REP","There are no candidates for this office",123,0,123,0
"207","2181207207","Boulder County Clerk and Recorder - REP","There are no candidates for this office",123,0,123,0
"207","2181207207","Boulder County Treasurer - REP","There are no candidates for this office",123,0,123,0
"207","2181207207","Boulder County Assessor - REP","There are no candidates for this office",123,0,123,0
"207","2181207207","Boulder County Sheriff - REP","There are no candidates for this office",123,0,123,0
"207","2181207207","Boulder County Surveyor - REP","There are no candidates for this office",123,0,123,0
"207","2181207207","Boulder County Coroner - REP","There are no candidates for this office",123,0,123,0
"207","2181207207","Governor - UNI","Paul Noël Fiorino",0,0,0,0
"207","2181207207","Governor - UNI","Jeff Peckman",0,0,0,0
"208","2181207208","United States Senator - DEM","Julie Gonzales",434,197,6,0
"208","2181207208","United States Senator - DEM","John Hickenlooper",434,231,6,0
"208","2181207208","Representative to the 120th United States Congress - District 2 - DEM","Joe Neguse",434,375,59,0
"208","2181207208","Governor - DEM","Phil Weiser",434,262,6,0
"208","2181207208","Governor - DEM","Michael Bennet",434,166,6,0
"208","2181207208","Secretary of State - DEM","Amanda Gonzalez",434,240,65,0
"208","2181207208","Secretary of State - DEM","Jessie Danielson",434,129,65,0
"208","2181207208","State Treasurer - DEM","Jeff Bridges",434,328,106,0
"208","2181207208","Attorney General - DEM","Jena Griswold",434,130,18,0
"208","2181207208","Attorney General - DEM","David Seligman",434,85,18,0
"208","2181207208","Attorney General - DEM","Michael Dougherty",434,149,18,0
"208","2181207208","Attorney General - DEM","Hetal Doshi",434,52,18,0
"208","2181207208","Regent of the University of Colorado - Congressional District 2 - DEM","Kubs Lalchandani",434,100,91,2
"208","2181207208","Regent of the University of Colorado - Congressional District 2 - DEM","Edie Hooton",434,164,91,2
"208","2181207208","Regent of the University of Colorado - Congressional District 2 - DEM","Murray Smith",434,77,91,2
"208","2181207208","State Representative - District 12 - DEM","Kyle Brown",434,320,114,0
"208","2181207208","Boulder County Commissioner - District 3 - DEM","Ashley Stolzmann",434,317,117,0
"208","2181207208","Boulder County Clerk and Recorder - DEM","Molly Fitzpatrick",434,335,99,0
"208","2181207208","Boulder County Treasurer - DEM","Jenn Kaaoush",434,149,79,0
"208","2181207208","Boulder County Treasurer - DEM","Rachel Friend",434,206,79,0
"208","2181207208","Boulder County Assessor - DEM","Cynthia Braddock",434,309,125,0
"208","2181207208","Boulder County Sheriff - DEM","Curtis Johnson",434,308,126,0
"208","2181207208","Boulder County Surveyor - DEM","Kayce D. W. Keane",434,305,129,0
"208","2181207208","Boulder County Coroner - DEM","Jeff Martin",434,308,126,0
"208","2181207208","United States Senator - REP","Mark Baisley",69,54,15,0
"208","2181207208","Representative to the 120th United States Congress - District 2 - REP","Kelley Anne Dennison",69,35,9,0
"208","2181207208","Representative to the 120th United States Congress - District 2 - REP","Christina Blunt (Ducommun)",69,25,9,0
"208","2181207208","Governor - REP","Scott Bottoms",69,10,4,0
"208","2181207208","Governor - REP","Victor Marx",69,16,4,0
"208","2181207208","Governor - REP","Barb Kirkmeyer",69,39,4,0
"208","2181207208","Governor - REP","Kelvin ""K-Man"" Wimberly (Write-in Candidate)",69,0,4,0
"208","2181207208","Secretary of State - REP","James Wiley",69,52,17,0
"208","2181207208","State Treasurer - REP","Kevin Grantham",69,51,18,0
"208","2181207208","Attorney General - REP","Michael J. Allen",69,40,7,0
"208","2181207208","Attorney General - REP","David Willson",69,22,7,0
"208","2181207208","Regent of the University of Colorado - Congressional District 2 - REP","Marty Neilson",69,47,22,0
"208","2181207208","State Representative - District 12 - REP","Ryan Rhatigan",69,47,22,0
"208","2181207208","Boulder County Commissioner - District 3 - REP","There are no candidates for this office",69,0,69,0
"208","2181207208","Boulder County Clerk and Recorder - REP","There are no candidates for this office",69,0,69,0
"208","2181207208","Boulder County Treasurer - REP","There are no candidates for this office",69,0,69,0
"208","2181207208","Boulder County Assessor - REP","There are no candidates for this office",69,0,69,0
"208","2181207208","Boulder County Sheriff - REP","There are no candidates for this office",69,0,69,0
"208","2181207208","Boulder County Surveyor - REP","There are no candidates for this office",69,0,69,0
"208","2181207208","Boulder County Coroner - REP","There are no candidates for this office",69,0,69,0
"208","2181207208","Governor - UNI","Paul Noël Fiorino",0,0,0,0
"208","2181207208","Governor - UNI","Jeff Peckman",0,0,0,0
"209","2181207209","United States Senator - DEM","Julie Gonzales",622,319,7,0
"209","2181207209","United States Senator - DEM","John Hickenlooper",622,296,7,0
"209","2181207209","Representative to the 120th United States Congress - District 2 - DEM","Joe Neguse",622,537,85,0
"209","2181207209","Governor - DEM","Phil Weiser",622,391,14,0
"209","2181207209","Governor - DEM","Michael Bennet",622,217,14,0
"209","2181207209","Secretary of State - DEM","Amanda Gonzalez",622,360,78,0
"209","2181207209","Secretary of State - DEM","Jessie Danielson",622,184,78,0
"209","2181207209","State Treasurer - DEM","Jeff Bridges",622,474,148,0
"209","2181207209","Attorney General - DEM","Jena Griswold",622,204,18,0
"209","2181207209","Attorney General - DEM","David Seligman",622,101,18,0
"209","2181207209","Attorney General - DEM","Michael Dougherty",622,209,18,0
"209","2181207209","Attorney General - DEM","Hetal Doshi",622,90,18,0
"209","2181207209","Regent of the University of Colorado - Congressional District 2 - DEM","Kubs Lalchandani",622,132,120,0
"209","2181207209","Regent of the University of Colorado - Congressional District 2 - DEM","Edie Hooton",622,219,120,0
"209","2181207209","Regent of the University of Colorado - Congressional District 2 - DEM","Murray Smith",622,151,120,0
"209","2181207209","State Representative - District 12 - DEM","Kyle Brown",622,467,155,0
"209","2181207209","Boulder County Commissioner - District 3 - DEM","Ashley Stolzmann",622,451,171,0
"209","2181207209","Boulder County Clerk and Recorder - DEM","Molly Fitzpatrick",622,479,143,0
"209","2181207209","Boulder County Treasurer - DEM","Jenn Kaaoush",622,201,101,0
"209","2181207209","Boulder County Treasurer - DEM","Rachel Friend",622,320,101,0
"209","2181207209","Boulder County Assessor - DEM","Cynthia Braddock",622,446,176,0
"209","2181207209","Boulder County Sheriff - DEM","Curtis Johnson",622,443,179,0
"209","2181207209","Boulder County Surveyor - DEM","Kayce D. W. Keane",622,439,183,0
"209","2181207209","Boulder County Coroner - DEM","Jeff Martin",622,441,181,0
"209","2181207209","Secretary of State - LBR","Sean Vadney",0,0,0,0
"209","2181207209","Secretary of State - LBR","Alex Astley",0,0,0,0
"209","2181207209","United States Senator - REP","Mark Baisley",76,55,21,0
"209","2181207209","Representative to the 120th United States Congress - District 2 - REP","Kelley Anne Dennison",76,40,14,0
"209","2181207209","Representative to the 120th United States Congress - District 2 - REP","Christina Blunt (Ducommun)",76,22,14,0
"209","2181207209","Governor - REP","Scott Bottoms",76,7,2,0
"209","2181207209","Governor - REP","Victor Marx",76,31,2,0
"209","2181207209","Governor - REP","Barb Kirkmeyer",76,36,2,0
"209","2181207209","Governor - REP","Kelvin ""K-Man"" Wimberly (Write-in Candidate)",76,0,2,0
"209","2181207209","Secretary of State - REP","James Wiley",76,53,23,0
"209","2181207209","State Treasurer - REP","Kevin Grantham",76,53,23,0
"209","2181207209","Attorney General - REP","Michael J. Allen",76,39,10,0
"209","2181207209","Attorney General - REP","David Willson",76,27,10,0
"209","2181207209","Regent of the University of Colorado - Congressional District 2 - REP","Marty Neilson",76,50,26,0
"209","2181207209","State Representative - District 12 - REP","Ryan Rhatigan",76,49,27,0
"209","2181207209","Boulder County Commissioner - District 3 - REP","There are no candidates for this office",76,0,76,0
"209","2181207209","Boulder County Clerk and Recorder - REP","There are no candidates for this office",76,0,76,0
"209","2181207209","Boulder County Treasurer - REP","There are no candidates for this office",76,0,76,0
"209","2181207209","Boulder County Assessor - REP","There are no candidates for this office",76,0,76,0
"209","2181207209","Boulder County Sheriff - REP","There are no candidates for this office",76,0,76,0
"209","2181207209","Boulder County Surveyor - REP","There are no candidates for this office",76,0,76,0
"209","2181207209","Boulder County Coroner - REP","There are no candidates for this office",76,0,76,0
"209","2181207209","Governor - UNI","Paul Noël Fiorino",0,0,0,0
"209","2181207209","Governor - UNI","Jeff Peckman",0,0,0,0
"210","2181207210","United States Senator - DEM","Julie Gonzales",695,290,11,0
"210","2181207210","United States Senator - DEM","John Hickenlooper",695,394,11,0
"210","2181207210","Representative to the 120th United States Congress - District 2 - DEM","Joe Neguse",695,641,54,0
"210","2181207210","Governor - DEM","Phil Weiser",695,461,9,0
"210","2181207210","Governor - DEM","Michael Bennet",695,225,9,0
"210","2181207210","Secretary of State - DEM","Amanda Gonzalez",695,356,99,0
"210","2181207210","Secretary of State - DEM","Jessie Danielson",695,240,99,0
"210","2181207210","State Treasurer - DEM","Jeff Bridges",695,553,142,0
"210","2181207210","Attorney General - DEM","Jena Griswold",695,203,27,1
"210","2181207210","Attorney General - DEM","David Seligman",695,103,27,1
"210","2181207210","Attorney General - DEM","Michael Dougherty",695,262,27,1
"210","2181207210","Attorney General - DEM","Hetal Doshi",695,99,27,1
"210","2181207210","Regent of the University of Colorado - Congressional District 2 - DEM","Kubs Lalchandani",695,161,114,0
"210","2181207210","Regent of the University of Colorado - Congressional District 2 - DEM","Edie Hooton",695,287,114,0
"210","2181207210","Regent of the University of Colorado - Congressional District 2 - DEM","Murray Smith",695,133,114,0
"210","2181207210","State Representative - District 12 - DEM","Kyle Brown",695,547,148,0
"210","2181207210","Boulder County Commissioner - District 3 - DEM","Ashley Stolzmann",695,533,162,0
"210","2181207210","Boulder County Clerk and Recorder - DEM","Molly Fitzpatrick",695,562,133,0
"210","2181207210","Boulder County Treasurer - DEM","Jenn Kaaoush",695,233,121,0
"210","2181207210","Boulder County Treasurer - DEM","Rachel Friend",695,341,121,0
"210","2181207210","Boulder County Assessor - DEM","Cynthia Braddock",695,510,185,0
"210","2181207210","Boulder County Sheriff - DEM","Curtis Johnson",695,526,169,0
"210","2181207210","Boulder County Surveyor - DEM","Kayce D. W. Keane",695,506,189,0
"210","2181207210","Boulder County Coroner - DEM","Jeff Martin",695,511,184,0
"210","2181207210","Secretary of State - LBR","Sean Vadney",0,0,0,0
"210","2181207210","Secretary of State - LBR","Alex Astley",0,0,0,0
"210","2181207210","United States Senator - REP","Mark Baisley",80,56,24,0
"210","2181207210","Representative to the 120th United States Congress - District 2 - REP","Kelley Anne Dennison",80,44,14,0
"210","2181207210","Representative to the 120th United States Congress - District 2 - REP","Christina Blunt (Ducommun)",80,22,14,0
"210","2181207210","Governor - REP","Scott Bottoms",80,15,2,0
"210","2181207210","Governor - REP","Victor Marx",80,17,2,0
"210","2181207210","Governor - REP","Barb Kirkmeyer",80,46,2,0
"210","2181207210","Governor - REP","Kelvin ""K-Man"" Wimberly (Write-in Candidate)",80,0,2,0
"210","2181207210","Secretary of State - REP","James Wiley",80,58,22,0
"210","2181207210","State Treasurer - REP","Kevin Grantham",80,58,22,0
"210","2181207210","Attorney General - REP","Michael J. Allen",80,39,13,0
"210","2181207210","Attorney General - REP","David Willson",80,28,13,0
"210","2181207210","Regent of the University of Colorado - Congressional District 2 - REP","Marty Neilson",80,55,25,0
"210","2181207210","State Representative - District 12 - REP","Ryan Rhatigan",80,53,27,0
"210","2181207210","Boulder County Commissioner - District 3 - REP","There are no candidates for this office",80,0,80,0
"210","2181207210","Boulder County Clerk and Recorder - REP","There are no candidates for this office",80,0,80,0
"210","2181207210","Boulder County Treasurer - REP","There are no candidates for this office",80,0,80,0
"210","2181207210","Boulder County Assessor - REP","There are no candidates for this office",80,0,80,0
"210","2181207210","Boulder County Sheriff - REP","There are no candidates for this office",80,0,80,0
"210","2181207210","Boulder County Surveyor - REP","There are no candidates for this office",80,0,80,0
"210","2181207210","Boulder County Coroner - REP","There are no candidates for this office",80,0,80,0
"210","2181207210","Governor - UNI","Paul Noël Fiorino",0,0,0,0
"210","2181207210","Governor - UNI","Jeff Peckman",0,0,0,0
"211","2181207211","United States Senator - DEM","Julie Gonzales",332,151,2,0
"211","2181207211","United States Senator - DEM","John Hickenlooper",332,179,2,0
"211","2181207211","Representative to the 120th United States Congress - District 2 - DEM","Joe Neguse",332,295,37,0
"211","2181207211","Governor - DEM","Phil Weiser",332,192,5,0
"211","2181207211","Governor - DEM","Michael Bennet",332,135,5,0
"211","2181207211","Secretary of State - DEM","Amanda Gonzalez",332,166,40,1
"211","2181207211","Secretary of State - DEM","Jessie Danielson",332,125,40,1
"211","2181207211","State Treasurer - DEM","Jeff Bridges",332,247,85,0
"211","2181207211","Attorney General - DEM","Jena Griswold",332,102,14,0
"211","2181207211","Attorney General - DEM","David Seligman",332,50,14,0
"211","2181207211","Attorney General - DEM","Michael Dougherty",332,109,14,0
"211","2181207211","Attorney General - DEM","Hetal Doshi",332,57,14,0
"211","2181207211","Regent of the University of Colorado - Congressional District 2 - DEM","Kubs Lalchandani",332,64,57,0
"211","2181207211","Regent of the University of Colorado - Congressional District 2 - DEM","Edie Hooton",332,125,57,0
"211","2181207211","Regent of the University of Colorado - Congressional District 2 - DEM","Murray Smith",332,86,57,0
"211","2181207211","State Representative - District 12 - DEM","Kyle Brown",332,243,89,0
"211","2181207211","Boulder County Commissioner - District 3 - DEM","Ashley Stolzmann",332,237,95,0
"211","2181207211","Boulder County Clerk and Recorder - DEM","Molly Fitzpatrick",332,256,76,0
"211","2181207211","Boulder County Treasurer - DEM","Jenn Kaaoush",332,102,51,0
"211","2181207211","Boulder County Treasurer - DEM","Rachel Friend",332,179,51,0
"211","2181207211","Boulder County Assessor - DEM","Cynthia Braddock",332,229,103,0
"211","2181207211","Boulder County Sheriff - DEM","Curtis Johnson",332,230,102,0
"211","2181207211","Boulder County Surveyor - DEM","Kayce D. W. Keane",332,228,104,0
"211","2181207211","Boulder County Coroner - DEM","Jeff Martin",332,230,102,0
"211","2181207211","United States Senator - REP","Mark Baisley",77,63,14,0
"211","2181207211","Representative to the 120th United States Congress - District 2 - REP","Kelley Anne Dennison",77,37,15,0
"211","2181207211","Representative to the 120th United States Congress - District 2 - REP","Christina Blunt (Ducommun)",77,25,15,0
"211","2181207211","Governor - REP","Scott Bottoms",77,21,1,0
"211","2181207211","Governor - REP","Victor Marx",77,19,1,0
"211","2181207211","Governor - REP","Barb Kirkmeyer",77,36,1,0
"211","2181207211","Governor - REP","Kelvin ""K-Man"" Wimberly (Write-in Candidate)",77,0,1,0
"211","2181207211","Secretary of State - REP","James Wiley",77,60,17,0
"211","2181207211","State Treasurer - REP","Kevin Grantham",77,60,17,0
"211","2181207211","Attorney General - REP","Michael J. Allen",77,27,14,0
"211","2181207211","Attorney General - REP","David Willson",77,36,14,0
"211","2181207211","Regent of the University of Colorado - Congressional District 2 - REP","Marty Neilson",77,53,24,0
"211","2181207211","State Representative - District 12 - REP","Ryan Rhatigan",77,52,25,0
"211","2181207211","Boulder County Commissioner - District 3 - REP","There are no candidates for this office",77,0,77,0
"211","2181207211","Boulder County Clerk and Recorder - REP","There are no candidates for this office",77,0,77,0
"211","2181207211","Boulder County Treasurer - REP","There are no candidates for this office",77,0,77,0
"211","2181207211","Boulder County Assessor - REP","There are no candidates for this office",77,0,77,0
"211","2181207211","Boulder County Sheriff - REP","There are no candidates for this office",77,0,77,0
"211","2181207211","Boulder County Surveyor - REP","There are no candidates for this office",77,0,77,0
"211","2181207211","Boulder County Coroner - REP","There are no candidates for this office",77,0,77,0
"211","2181207211","Governor - UNI","Paul Noël Fiorino",0,0,0,0
"211","2181207211","Governor - UNI","Jeff Peckman",0,0,0,0
"212","2181207212","United States Senator - DEM","Julie Gonzales",569,240,7,0
"212","2181207212","United States Senator - DEM","John Hickenlooper",569,322,7,0
"212","2181207212","Representative to the 120th United States Congress - District 2 - DEM","Joe Neguse",569,501,68,0
"212","2181207212","Governor - DEM","Phil Weiser",569,356,11,0
"212","2181207212","Governor - DEM","Michael Bennet",569,202,11,0
"212","2181207212","Secretary of State - DEM","Amanda Gonzalez",569,308,70,0
"212","2181207212","Secretary of State - DEM","Jessie Danielson",569,191,70,0
"212","2181207212","State Treasurer - DEM","Jeff Bridges",569,447,122,0
"212","2181207212","Attorney General - DEM","Jena Griswold",569,198,22,0
"212","2181207212","Attorney General - DEM","David Seligman",569,96,22,0
"212","2181207212","Attorney General - DEM","Michael Dougherty",569,192,22,0
"212","2181207212","Attorney General - DEM","Hetal Doshi",569,61,22,0
"212","2181207212","Regent of the University of Colorado - Congressional District 2 - DEM","Kubs Lalchandani",569,127,107,0
"212","2181207212","Regent of the University of Colorado - Congressional District 2 - DEM","Edie Hooton",569,209,107,0
"212","2181207212","Regent of the University of Colorado - Congressional District 2 - DEM","Murray Smith",569,126,107,0
"212","2181207212","State Representative - District 12 - DEM","Kyle Brown",569,432,137,0
"212","2181207212","Boulder County Commissioner - District 3 - DEM","Ashley Stolzmann",569,410,159,0
"212","2181207212","Boulder County Clerk and Recorder - DEM","Molly Fitzpatrick",569,457,112,0
"212","2181207212","Boulder County Treasurer - DEM","Jenn Kaaoush",569,197,90,0
"212","2181207212","Boulder County Treasurer - DEM","Rachel Friend",569,282,90,0
"212","2181207212","Boulder County Assessor - DEM","Cynthia Braddock",569,413,156,0
"212","2181207212","Boulder County Sheriff - DEM","Curtis Johnson",569,418,151,0
"212","2181207212","Boulder County Surveyor - DEM","Kayce D. W. Keane",569,412,157,0
"212","2181207212","Boulder County Coroner - DEM","Jeff Martin",569,410,159,0
"212","2181207212","United States Senator - REP","Mark Baisley",74,53,21,0
"212","2181207212","Representative to the 120th United States Congress - District 2 - REP","Kelley Anne Dennison",74,37,19,0
"212","2181207212","Representative to the 120th United States Congress - District 2 - REP","Christina Blunt (Ducommun)",74,18,19,0
"212","2181207212","Governor - REP","Scott Bottoms",74,15,2,0
"212","2181207212","Governor - REP","Victor Marx",74,21,2,0
"212","2181207212","Governor - REP","Barb Kirkmeyer",74,36,2,0
"212","2181207212","Governor - REP","Kelvin ""K-Man"" Wimberly (Write-in Candidate)",74,0,2,0
"212","2181207212","Secretary of State - REP","James Wiley",74,50,24,0
"212","2181207212","State Treasurer - REP","Kevin Grantham",74,49,25,0
"212","2181207212","Attorney General - REP","Michael J. Allen",74,36,15,0
"212","2181207212","Attorney General - REP","David Willson",74,23,15,0
"212","2181207212","Regent of the University of Colorado - Congressional District 2 - REP","Marty Neilson",74,47,27,0
"212","2181207212","State Representative - District 12 - REP","Ryan Rhatigan",74,46,28,0
"212","2181207212","Boulder County Commissioner - District 3 - REP","There are no candidates for this office",74,0,74,0
"212","2181207212","Boulder County Clerk and Recorder - REP","There are no candidates for this office",74,0,74,0
"212","2181207212","Boulder County Treasurer - REP","There are no candidates for this office",74,0,74,0
"212","2181207212","Boulder County Assessor - REP","There are no candidates for this office",74,0,74,0
"212","2181207212","Boulder County Sheriff - REP","There are no candidates for this office",74,0,74,0
"212","2181207212","Boulder County Surveyor - REP","There are no candidates for this office",74,0,74,0
"212","2181207212","Boulder County Coroner - REP","There are no candidates for this office",74,0,74,0
"212","2181207212","Governor - UNI","Paul Noël Fiorino",0,0,0,0
"212","2181207212","Governor - UNI","Jeff Peckman",0,0,0,0
"300","2171207300","United States Senator - DEM","Julie Gonzales",641,317,8,0
"300","2171207300","United States Senator - DEM","John Hickenlooper",641,316,8,0
"300","2171207300","Representative to the 120th United States Congress - District 2 - DEM","Joe Neguse",641,553,88,0
"300","2171207300","Governor - DEM","Phil Weiser",641,364,20,0
"300","2171207300","Governor - DEM","Michael Bennet",641,257,20,0
"300","2171207300","Secretary of State - DEM","Amanda Gonzalez",641,354,68,0
"300","2171207300","Secretary of State - DEM","Jessie Danielson",641,219,68,0
"300","2171207300","State Treasurer - DEM","Jeff Bridges",641,489,152,0
"300","2171207300","Attorney General - DEM","Jena Griswold",641,194,23,0
"300","2171207300","Attorney General - DEM","David Seligman",641,128,23,0
"300","2171207300","Attorney General - DEM","Michael Dougherty",641,206,23,0
"300","2171207300","Attorney General - DEM","Hetal Doshi",641,90,23,0
"300","2171207300","Regent of the University of Colorado - Congressional District 2 - DEM","Kubs Lalchandani",641,141,121,0
"300","2171207300","Regent of the University of Colorado - Congressional District 2 - DEM","Edie Hooton",641,225,121,0
"300","2171207300","Regent of the University of Colorado - Congressional District 2 - DEM","Murray Smith",641,154,121,0
"300","2171207300","State Senator - District 17 - DEM","Katie Wallace",641,491,150,0
"300","2171207300","State Representative - District 12 - DEM","Kyle Brown",641,490,151,0
"300","2171207300","Boulder County Commissioner - District 3 - DEM","Ashley Stolzmann",641,481,160,0
"300","2171207300","Boulder County Clerk and Recorder - DEM","Molly Fitzpatrick",641,488,153,0
"300","2171207300","Boulder County Treasurer - DEM","Jenn Kaaoush",641,236,104,1
"300","2171207300","Boulder County Treasurer - DEM","Rachel Friend",641,300,104,1
"300","2171207300","Boulder County Assessor - DEM","Cynthia Braddock",641,467,174,0
"300","2171207300","Boulder County Sheriff - DEM","Curtis Johnson",641,461,180,0
"300","2171207300","Boulder County Surveyor - DEM","Kayce D. W. Keane",641,462,179,0
"300","2171207300","Boulder County Coroner - DEM","Jeff Martin",641,465,176,0
"300","2171207300","Secretary of State - LBR","Sean Vadney",0,0,0,0
"300","2171207300","Secretary of State - LBR","Alex Astley",0,0,0,0
"300","2171207300","United States Senator - REP","Mark Baisley",139,115,24,0
"300","2171207300","Representative to the 120th United States Congress - District 2 - REP","Kelley Anne Dennison",139,68,20,0
"300","2171207300","Representative to the 120th United States Congress - District 2 - REP","Christina Blunt (Ducommun)",139,51,20,0
"300","2171207300","Governor - REP","Scott Bottoms",139,35,0,0
"300","2171207300","Governor - REP","Victor Marx",139,50,0,0
"300","2171207300","Governor - REP","Barb Kirkmeyer",139,54,0,0
"300","2171207300","Governor - REP","Kelvin ""K-Man"" Wimberly (Write-in Candidate)",139,0,0,0
"300","2171207300","Secretary of State - REP","James Wiley",139,112,27,0
"300","2171207300","State Treasurer - REP","Kevin Grantham",139,112,27,0
"300","2171207300","Attorney General - REP","Michael J. Allen",139,71,22,0
"300","2171207300","Attorney General - REP","David Willson",139,46,22,0
"300","2171207300","Regent of the University of Colorado - Congressional District 2 - REP","Marty Neilson",139,108,31,0
"300","2171207300","State Senator - District 17 - REP","Pat Miller",139,103,36,0
"300","2171207300","State Representative - District 12 - REP","Ryan Rhatigan",139,109,30,0
"300","2171207300","Boulder County Commissioner - District 3 - REP","There are no candidates for this office",139,0,139,0
"300","2171207300","Boulder County Clerk and Recorder - REP","There are no candidates for this office",139,0,139,0
"300","2171207300","Boulder County Treasurer - REP","There are no candidates for this office",139,0,139,0
"300","2171207300","Boulder County Assessor - REP","There are no candidates for this office",139,0,139,0
"300","2171207300","Boulder County Sheriff - REP","There are no candidates for this office",139,0,139,0
"300","2171207300","Boulder County Surveyor - REP","There are no candidates for this office",139,0,139,0
"300","2171207300","Boulder County Coroner - REP","There are no candidates for this office",139,0,139,0
"301","2171207301","United States Senator - DEM","Julie Gonzales",737,402,5,0
"301","2171207301","United States Senator - DEM","John Hickenlooper",737,330,5,0
"301","2171207301","Representative to the 120th United States Congress - District 2 - DEM","Joe Neguse",737,658,79,0
"301","2171207301","Governor - DEM","Phil Weiser",737,429,8,0
"301","2171207301","Governor - DEM","Michael Bennet",737,300,8,0
"301","2171207301","Secretary of State - DEM","Amanda Gonzalez",737,477,47,0
"301","2171207301","Secretary of State - DEM","Jessie Danielson",737,213,47,0
"301","2171207301","State Treasurer - DEM","Jeff Bridges",737,594,143,0
"301","2171207301","Attorney General - DEM","Jena Griswold",737,245,18,0
"301","2171207301","Attorney General - DEM","David Seligman",737,194,18,0
"301","2171207301","Attorney General - DEM","Michael Dougherty",737,172,18,0
"301","2171207301","Attorney General - DEM","Hetal Doshi",737,108,18,0
"301","2171207301","Regent of the University of Colorado - Congressional District 2 - DEM","Kubs Lalchandani",737,207,109,0
"301","2171207301","Regent of the University of Colorado - Congressional District 2 - DEM","Edie Hooton",737,229,109,0
"301","2171207301","Regent of the University of Colorado - Congressional District 2 - DEM","Murray Smith",737,192,109,0
"301","2171207301","State Senator - District 17 - DEM","Katie Wallace",737,578,159,0
"301","2171207301","State Representative - District 12 - DEM","Kyle Brown",737,573,164,0
"301","2171207301","Boulder County Commissioner - District 3 - DEM","Ashley Stolzmann",737,564,173,0
"301","2171207301","Boulder County Clerk and Recorder - DEM","Molly Fitzpatrick",737,572,165,0
"301","2171207301","Boulder County Treasurer - DEM","Jenn Kaaoush",737,305,102,2
"301","2171207301","Boulder County Treasurer - DEM","Rachel Friend",737,328,102,2
"301","2171207301","Boulder County Assessor - DEM","Cynthia Braddock",737,554,183,0
"301","2171207301","Boulder County Sheriff - DEM","Curtis Johnson",737,555,182,0
"301","2171207301","Boulder County Surveyor - DEM","Kayce D. W. Keane",737,551,186,0
"301","2171207301","Boulder County Coroner - DEM","Jeff Martin",737,552,185,0
"301","2171207301","Secretary of State - LBR","Sean Vadney",0,0,0,0
"301","2171207301","Secretary of State - LBR","Alex Astley",0,0,0,0
"301","2171207301","United States Senator - REP","Mark Baisley",137,113,24,0
"301","2171207301","Representative to the 120th United States Congress - District 2 - REP","Kelley Anne Dennison",137,68,15,0
"301","2171207301","Representative to the 120th United States Congress - District 2 - REP","Christina Blunt (Ducommun)",137,54,15,0
"301","2171207301","Governor - REP","Scott Bottoms",137,28,3,0
"301","2171207301","Governor - REP","Victor Marx",137,40,3,0
"301","2171207301","Governor - REP","Barb Kirkmeyer",137,66,3,0
"301","2171207301","Governor - REP","Kelvin ""K-Man"" Wimberly (Write-in Candidate)",137,0,3,0
"301","2171207301","Secretary of State - REP","James Wiley",137,111,26,0
"301","2171207301","State Treasurer - REP","Kevin Grantham",137,111,26,0
"301","2171207301","Attorney General - REP","Michael J. Allen",137,79,13,0
"301","2171207301","Attorney General - REP","David Willson",137,45,13,0
"301","2171207301","Regent of the University of Colorado - Congressional District 2 - REP","Marty Neilson",137,108,29,0
"301","2171207301","State Senator - District 17 - REP","Pat Miller",137,108,29,0
"301","2171207301","State Representative - District 12 - REP","Ryan Rhatigan",137,110,27,0
"301","2171207301","Boulder County Commissioner - District 3 - REP","There are no candidates for this office",137,0,137,0
"301","2171207301","Boulder County Clerk and Recorder - REP","There are no candidates for this office",137,0,137,0
"301","2171207301","Boulder County Treasurer - REP","There are no candidates for this office",137,0,137,0
"301","2171207301","Boulder County Assessor - REP","There are no candidates for this office",137,0,137,0
"301","2171207301","Boulder County Sheriff - REP","There are no candidates for this office",137,0,137,0
"301","2171207301","Boulder County Surveyor - REP","There are no candidates for this office",137,0,137,0
"301","2171207301","Boulder County Coroner - REP","There are no candidates for this office",137,0,137,0
"301","2171207301","Governor - UNI","Paul Noël Fiorino",0,0,0,0
"301","2171207301","Governor - UNI","Jeff Peckman",0,0,0,0
"302","2171207302","United States Senator - DEM","Julie Gonzales",783,424,2,0
"302","2171207302","United States Senator - DEM","John Hickenlooper",783,357,2,0
"302","2171207302","Representative to the 120th United States Congress - District 2 - DEM","Joe Neguse",783,674,109,0
"302","2171207302","Governor - DEM","Phil Weiser",783,485,11,0
"302","2171207302","Governor - DEM","Michael Bennet",783,287,11,0
"302","2171207302","Secretary of State - DEM","Amanda Gonzalez",783,437,76,0
"302","2171207302","Secretary of State - DEM","Jessie Danielson",783,270,76,0
"302","2171207302","State Treasurer - DEM","Jeff Bridges",783,604,179,0
"302","2171207302","Attorney General - DEM","Jena Griswold",783,255,25,0
"302","2171207302","Attorney General - DEM","David Seligman",783,168,25,0
"302","2171207302","Attorney General - DEM","Michael Dougherty",783,220,25,0
"302","2171207302","Attorney General - DEM","Hetal Doshi",783,115,25,0
"302","2171207302","Regent of the University of Colorado - Congressional District 2 - DEM","Kubs Lalchandani",783,212,112,1
"302","2171207302","Regent of the University of Colorado - Congressional District 2 - DEM","Edie Hooton",783,247,112,1
"302","2171207302","Regent of the University of Colorado - Congressional District 2 - DEM","Murray Smith",783,211,112,1
"302","2171207302","State Senator - District 17 - DEM","Katie Wallace",783,597,186,0
"302","2171207302","State Representative - District 12 - DEM","Kyle Brown",783,594,189,0
"302","2171207302","Boulder County Commissioner - District 3 - DEM","Ashley Stolzmann",783,593,190,0
"302","2171207302","Boulder County Clerk and Recorder - DEM","Molly Fitzpatrick",783,587,196,0
"302","2171207302","Boulder County Treasurer - DEM","Jenn Kaaoush",783,300,126,2
"302","2171207302","Boulder County Treasurer - DEM","Rachel Friend",783,355,126,2
"302","2171207302","Boulder County Assessor - DEM","Cynthia Braddock",783,573,210,0
"302","2171207302","Boulder County Sheriff - DEM","Curtis Johnson",783,573,210,0
"302","2171207302","Boulder County Surveyor - DEM","Kayce D. W. Keane",783,568,215,0
"302","2171207302","Boulder County Coroner - DEM","Jeff Martin",783,567,216,0
"302","2171207302","United States Senator - REP","Mark Baisley",106,89,17,0
"302","2171207302","Representative to the 120th United States Congress - District 2 - REP","Kelley Anne Dennison",106,56,12,0
"302","2171207302","Representative to the 120th United States Congress - District 2 - REP","Christina Blunt (Ducommun)",106,38,12,0
"302","2171207302","Governor - REP","Scott Bottoms",106,18,4,0
"302","2171207302","Governor - REP","Victor Marx",106,33,4,0
"302","2171207302","Governor - REP","Barb Kirkmeyer",106,51,4,0
"302","2171207302","Governor - REP","Kelvin ""K-Man"" Wimberly (Write-in Candidate)",106,0,4,0
"302","2171207302","Secretary of State - REP","James Wiley",106,87,19,0
"302","2171207302","State Treasurer - REP","Kevin Grantham",106,87,19,0
"302","2171207302","Attorney General - REP","Michael J. Allen",106,65,10,0
"302","2171207302","Attorney General - REP","David Willson",106,31,10,0
"302","2171207302","Regent of the University of Colorado - Congressional District 2 - REP","Marty Neilson",106,87,19,0
"302","2171207302","State Senator - District 17 - REP","Pat Miller",106,87,19,0
"302","2171207302","State Representative - District 12 - REP","Ryan Rhatigan",106,90,16,0
"302","2171207302","Boulder County Commissioner - District 3 - REP","There are no candidates for this office",106,0,106,0
"302","2171207302","Boulder County Clerk and Recorder - REP","There are no candidates for this office",106,0,106,0
"302","2171207302","Boulder County Treasurer - REP","There are no candidates for this office",106,0,106,0
"302","2171207302","Boulder County Assessor - REP","There are no candidates for this office",106,0,106,0
"302","2171207302","Boulder County Sheriff - REP","There are no candidates for this office",106,0,106,0
"302","2171207302","Boulder County Surveyor - REP","There are no candidates for this office",106,0,106,0
"302","2171207302","Boulder County Coroner - REP","There are no candidates for this office",106,0,106,0
"302","2171207302","Governor - UNI","Paul Noël Fiorino",0,0,0,0
"302","2171207302","Governor - UNI","Jeff Peckman",0,0,0,0
"303","2171207303","United States Senator - DEM","Julie Gonzales",359,207,5,0
"303","2171207303","United States Senator - DEM","John Hickenlooper",359,147,5,0
"303","2171207303","Representative to the 120th United States Congress - District 2 - DEM","Joe Neguse",359,309,50,0
"303","2171207303","Governor - DEM","Phil Weiser",359,215,10,0
"303","2171207303","Governor - DEM","Michael Bennet",359,134,10,0
"303","2171207303","Secretary of State - DEM","Amanda Gonzalez",359,241,25,0
"303","2171207303","Secretary of State - DEM","Jessie Danielson",359,93,25,0
"303","2171207303","State Treasurer - DEM","Jeff Bridges",359,281,78,0
"303","2171207303","Attorney General - DEM","Jena Griswold",359,99,8,0
"303","2171207303","Attorney General - DEM","David Seligman",359,111,8,0
"303","2171207303","Attorney General - DEM","Michael Dougherty",359,88,8,0
"303","2171207303","Attorney General - DEM","Hetal Doshi",359,53,8,0
"303","2171207303","Regent of the University of Colorado - Congressional District 2 - DEM","Kubs Lalchandani",359,103,48,0
"303","2171207303","Regent of the University of Colorado - Congressional District 2 - DEM","Edie Hooton",359,105,48,0
"303","2171207303","Regent of the University of Colorado - Congressional District 2 - DEM","Murray Smith",359,103,48,0
"303","2171207303","State Senator - District 17 - DEM","Katie Wallace",359,276,83,0
"303","2171207303","State Representative - District 12 - DEM","Kyle Brown",359,273,86,0
"303","2171207303","Boulder County Commissioner - District 3 - DEM","Ashley Stolzmann",359,276,83,0
"303","2171207303","Boulder County Clerk and Recorder - DEM","Molly Fitzpatrick",359,275,84,0
"303","2171207303","Boulder County Treasurer - DEM","Jenn Kaaoush",359,181,38,0
"303","2171207303","Boulder County Treasurer - DEM","Rachel Friend",359,140,38,0
"303","2171207303","Boulder County Assessor - DEM","Cynthia Braddock",359,262,97,0
"303","2171207303","Boulder County Sheriff - DEM","Curtis Johnson",359,257,102,0
"303","2171207303","Boulder County Surveyor - DEM","Kayce D. W. Keane",359,260,99,0
"303","2171207303","Boulder County Coroner - DEM","Jeff Martin",359,259,100,0
"303","2171207303","Secretary of State - LBR","Sean Vadney",0,0,0,0
"303","2171207303","Secretary of State - LBR","Alex Astley",0,0,0,0
"303","2171207303","United States Senator - REP","Mark Baisley",44,38,6,0
"303","2171207303","Representative to the 120th United States Congress - District 2 - REP","Kelley Anne Dennison",44,33,4,0
"303","2171207303","Representative to the 120th United States Congress - District 2 - REP","Christina Blunt (Ducommun)",44,7,4,0
"303","2171207303","Governor - REP","Scott Bottoms",44,8,0,0
"303","2171207303","Governor - REP","Victor Marx",44,12,0,0
"303","2171207303","Governor - REP","Barb Kirkmeyer",44,24,0,0
"303","2171207303","Governor - REP","Kelvin ""K-Man"" Wimberly (Write-in Candidate)",44,0,0,0
"303","2171207303","Secretary of State - REP","James Wiley",44,36,8,0
"303","2171207303","State Treasurer - REP","Kevin Grantham",44,36,8,0
"303","2171207303","Attorney General - REP","Michael J. Allen",44,28,3,0
"303","2171207303","Attorney General - REP","David Willson",44,13,3,0
"303","2171207303","Regent of the University of Colorado - Congressional District 2 - REP","Marty Neilson",44,35,9,0
"303","2171207303","State Senator - District 17 - REP","Pat Miller",44,35,9,0
"303","2171207303","State Representative - District 12 - REP","Ryan Rhatigan",44,35,9,0
"303","2171207303","Boulder County Commissioner - District 3 - REP","There are no candidates for this office",44,0,44,0
"303","2171207303","Boulder County Clerk and Recorder - REP","There are no candidates for this office",44,0,44,0
"303","2171207303","Boulder County Treasurer - REP","There are no candidates for this office",44,0,44,0
"303","2171207303","Boulder County Assessor - REP","There are no candidates for this office",44,0,44,0
"303","2171207303","Boulder County Sheriff - REP","There are no candidates for this office",44,0,44,0
"303","2171207303","Boulder County Surveyor - REP","There are no candidates for this office",44,0,44,0
"303","2171207303","Boulder County Coroner - REP","There are no candidates for this office",44,0,44,0
"303","2171207303","Governor - UNI","Paul Noël Fiorino",0,0,0,0
"303","2171207303","Governor - UNI","Jeff Peckman",0,0,0,0
"304","2171207304","United States Senator - DEM","Julie Gonzales",477,259,4,0
"304","2171207304","United States Senator - DEM","John Hickenlooper",477,214,4,0
"304","2171207304","Representative to the 120th United States Congress - District 2 - DEM","Joe Neguse",477,435,42,0
"304","2171207304","Governor - DEM","Phil Weiser",477,331,2,0
"304","2171207304","Governor - DEM","Michael Bennet",477,144,2,0
"304","2171207304","Secretary of State - DEM","Amanda Gonzalez",477,269,53,0
"304","2171207304","Secretary of State - DEM","Jessie Danielson",477,155,53,0
"304","2171207304","State Treasurer - DEM","Jeff Bridges",477,380,97,0
"304","2171207304","Attorney General - DEM","Jena Griswold",477,150,11,0
"304","2171207304","Attorney General - DEM","David Seligman",477,99,11,0
"304","2171207304","Attorney General - DEM","Michael Dougherty",477,159,11,0
"304","2171207304","Attorney General - DEM","Hetal Doshi",477,58,11,0
"304","2171207304","Regent of the University of Colorado - Congressional District 2 - DEM","Kubs Lalchandani",477,151,80,0
"304","2171207304","Regent of the University of Colorado - Congressional District 2 - DEM","Edie Hooton",477,148,80,0
"304","2171207304","Regent of the University of Colorado - Congressional District 2 - DEM","Murray Smith",477,98,80,0
"304","2171207304","State Senator - District 17 - DEM","Katie Wallace",477,372,105,0
"304","2171207304","State Representative - District 12 - DEM","Kyle Brown",477,374,103,0
"304","2171207304","Boulder County Commissioner - District 3 - DEM","Ashley Stolzmann",477,371,106,0
"304","2171207304","Boulder County Clerk and Recorder - DEM","Molly Fitzpatrick",477,370,107,0
"304","2171207304","Boulder County Treasurer - DEM","Jenn Kaaoush",477,180,68,1
"304","2171207304","Boulder County Treasurer - DEM","Rachel Friend",477,228,68,1
"304","2171207304","Boulder County Assessor - DEM","Cynthia Braddock",477,359,118,0
"304","2171207304","Boulder County Sheriff - DEM","Curtis Johnson",477,364,113,0
"304","2171207304","Boulder County Surveyor - DEM","Kayce D. W. Keane",477,356,121,0
"304","2171207304","Boulder County Coroner - DEM","Jeff Martin",477,358,119,0
"304","2171207304","Secretary of State - LBR","Sean Vadney",0,0,0,0
"304","2171207304","Secretary of State - LBR","Alex Astley",0,0,0,0
"304","2171207304","United States Senator - REP","Mark Baisley",75,53,22,0
"304","2171207304","Representative to the 120th United States Congress - District 2 - REP","Kelley Anne Dennison",75,38,11,0
"304","2171207304","Representative to the 120th United States Congress - District 2 - REP","Christina Blunt (Ducommun)",75,26,11,0
"304","2171207304","Governor - REP","Scott Bottoms",75,9,0,1
"304","2171207304","Governor - REP","Victor Marx",75,24,0,1
"304","2171207304","Governor - REP","Barb Kirkmeyer",75,41,0,1
"304","2171207304","Governor - REP","Kelvin ""K-Man"" Wimberly (Write-in Candidate)",75,0,0,1
"304","2171207304","Secretary of State - REP","James Wiley",75,54,21,0
"304","2171207304","State Treasurer - REP","Kevin Grantham",75,50,25,0
"304","2171207304","Attorney General - REP","Michael J. Allen",75,44,10,0
"304","2171207304","Attorney General - REP","David Willson",75,21,10,0
"304","2171207304","Regent of the University of Colorado - Congressional District 2 - REP","Marty Neilson",75,51,24,0
"304","2171207304","State Senator - District 17 - REP","Pat Miller",75,48,27,0
"304","2171207304","State Representative - District 12 - REP","Ryan Rhatigan",75,50,25,0
"304","2171207304","Boulder County Commissioner - District 3 - REP","There are no candidates for this office",75,0,75,0
"304","2171207304","Boulder County Clerk and Recorder - REP","There are no candidates for this office",75,0,75,0
"304","2171207304","Boulder County Treasurer - REP","There are no candidates for this office",75,0,75,0
"304","2171207304","Boulder County Assessor - REP","There are no candidates for this office",75,0,75,0
"304","2171207304","Boulder County Sheriff - REP","There are no candidates for this office",75,0,75,0
"304","2171207304","Boulder County Surveyor - REP","There are no candidates for this office",75,0,75,0
"304","2171207304","Boulder County Coroner - REP","There are no candidates for this office",75,0,75,0
"304","2171207304","Governor - UNI","Paul Noël Fiorino",0,0,0,0
"304","2171207304","Governor - UNI","Jeff Peckman",0,0,0,0
"305","2171207305","United States Senator - DEM","Julie Gonzales",435,250,2,0
"305","2171207305","United States Senator - DEM","John Hickenlooper",435,183,2,0
"305","2171207305","Representative to the 120th United States Congress - District 2 - DEM","Joe Neguse",435,374,61,0
"305","2171207305","Governor - DEM","Phil Weiser",435,255,7,0
"305","2171207305","Governor - DEM","Michael Bennet",435,173,7,0
"305","2171207305","Secretary of State - DEM","Amanda Gonzalez",435,240,43,0
"305","2171207305","Secretary of State - DEM","Jessie Danielson",435,152,43,0
"305","2171207305","State Treasurer - DEM","Jeff Bridges",435,345,90,0
"305","2171207305","Attorney General - DEM","Jena Griswold",435,120,12,0
"305","2171207305","Attorney General - DEM","David Seligman",435,95,12,0
"305","2171207305","Attorney General - DEM","Michael Dougherty",435,136,12,0
"305","2171207305","Attorney General - DEM","Hetal Doshi",435,72,12,0
"305","2171207305","Regent of the University of Colorado - Congressional District 2 - DEM","Kubs Lalchandani",435,100,73,0
"305","2171207305","Regent of the University of Colorado - Congressional District 2 - DEM","Edie Hooton",435,135,73,0
"305","2171207305","Regent of the University of Colorado - Congressional District 2 - DEM","Murray Smith",435,127,73,0
"305","2171207305","State Senator - District 17 - DEM","Katie Wallace",435,337,98,0
"305","2171207305","State Representative - District 12 - DEM","Kyle Brown",435,335,100,0
"305","2171207305","Boulder County Commissioner - District 3 - DEM","Ashley Stolzmann",435,332,103,0
"305","2171207305","Boulder County Clerk and Recorder - DEM","Molly Fitzpatrick",435,323,112,0
"305","2171207305","Boulder County Treasurer - DEM","Jenn Kaaoush",435,163,88,0
"305","2171207305","Boulder County Treasurer - DEM","Rachel Friend",435,184,88,0
"305","2171207305","Boulder County Assessor - DEM","Cynthia Braddock",435,318,117,0
"305","2171207305","Boulder County Sheriff - DEM","Curtis Johnson",435,314,121,0
"305","2171207305","Boulder County Surveyor - DEM","Kayce D. W. Keane",435,317,118,0
"305","2171207305","Boulder County Coroner - DEM","Jeff Martin",435,315,120,0
"305","2171207305","United States Senator - REP","Mark Baisley",75,48,27,0
"305","2171207305","Representative to the 120th United States Congress - District 2 - REP","Kelley Anne Dennison",75,33,18,0
"305","2171207305","Representative to the 120th United States Congress - District 2 - REP","Christina Blunt (Ducommun)",75,24,18,0
"305","2171207305","Governor - REP","Scott Bottoms",75,15,0,0
"305","2171207305","Governor - REP","Victor Marx",75,29,0,0
"305","2171207305","Governor - REP","Barb Kirkmeyer",75,30,0,0
"305","2171207305","Governor - REP","Kelvin ""K-Man"" Wimberly (Write-in Candidate)",75,1,0,0
"305","2171207305","Secretary of State - REP","James Wiley",75,46,29,0
"305","2171207305","State Treasurer - REP","Kevin Grantham",75,46,29,0
"305","2171207305","Attorney General - REP","Michael J. Allen",75,32,12,0
"305","2171207305","Attorney General - REP","David Willson",75,31,12,0
"305","2171207305","Regent of the University of Colorado - Congressional District 2 - REP","Marty Neilson",75,44,31,0
"305","2171207305","State Senator - District 17 - REP","Pat Miller",75,44,31,0
"305","2171207305","State Representative - District 12 - REP","Ryan Rhatigan",75,44,31,0
"305","2171207305","Boulder County Commissioner - District 3 - REP","There are no candidates for this office",75,0,75,0
"305","2171207305","Boulder County Clerk and Recorder - REP","There are no candidates for this office",75,0,75,0
"305","2171207305","Boulder County Treasurer - REP","There are no candidates for this office",75,0,75,0
"305","2171207305","Boulder County Assessor - REP","There are no candidates for this office",75,0,75,0
"305","2171207305","Boulder County Sheriff - REP","There are no candidates for this office",75,0,75,0
"305","2171207305","Boulder County Surveyor - REP","There are no candidates for this office",75,0,75,0
"305","2171207305","Boulder County Coroner - REP","There are no candidates for this office",75,0,75,0
"305","2171207305","Governor - UNI","Paul Noël Fiorino",0,0,0,0
"305","2171207305","Governor - UNI","Jeff Peckman",0,0,0,0
"306","2171207306","United States Senator - DEM","Julie Gonzales",514,270,4,0
"306","2171207306","United States Senator - DEM","John Hickenlooper",514,240,4,0
"306","2171207306","Representative to the 120th United States Congress - District 2 - DEM","Joe Neguse",514,452,62,0
"306","2171207306","Governor - DEM","Phil Weiser",514,299,7,0
"306","2171207306","Governor - DEM","Michael Bennet",514,208,7,0
"306","2171207306","Secretary of State - DEM","Amanda Gonzalez",514,304,52,0
"306","2171207306","Secretary of State - DEM","Jessie Danielson",514,158,52,0
"306","2171207306","State Treasurer - DEM","Jeff Bridges",514,398,116,0
"306","2171207306","Attorney General - DEM","Jena Griswold",514,195,18,0
"306","2171207306","Attorney General - DEM","David Seligman",514,109,18,0
"306","2171207306","Attorney General - DEM","Michael Dougherty",514,105,18,0
"306","2171207306","Attorney General - DEM","Hetal Doshi",514,87,18,0
"306","2171207306","Regent of the University of Colorado - Congressional District 2 - DEM","Kubs Lalchandani",514,127,90,0
"306","2171207306","Regent of the University of Colorado - Congressional District 2 - DEM","Edie Hooton",514,168,90,0
"306","2171207306","Regent of the University of Colorado - Congressional District 2 - DEM","Murray Smith",514,129,90,0
"306","2171207306","State Senator - District 17 - DEM","Katie Wallace",514,398,116,0
"306","2171207306","State Representative - District 12 - DEM","Kyle Brown",514,396,118,0
"306","2171207306","Boulder County Commissioner - District 3 - DEM","Ashley Stolzmann",514,393,121,0
"306","2171207306","Boulder County Clerk and Recorder - DEM","Molly Fitzpatrick",514,394,120,0
"306","2171207306","Boulder County Treasurer - DEM","Jenn Kaaoush",514,189,77,1
"306","2171207306","Boulder County Treasurer - DEM","Rachel Friend",514,247,77,1
"306","2171207306","Boulder County Assessor - DEM","Cynthia Braddock",514,383,131,0
"306","2171207306","Boulder County Sheriff - DEM","Curtis Johnson",514,386,128,0
"306","2171207306","Boulder County Surveyor - DEM","Kayce D. W. Keane",514,380,134,0
"306","2171207306","Boulder County Coroner - DEM","Jeff Martin",514,382,132,0
"306","2171207306","Secretary of State - LBR","Sean Vadney",0,0,0,0
"306","2171207306","Secretary of State - LBR","Alex Astley",0,0,0,0
"306","2171207306","United States Senator - REP","Mark Baisley",67,45,22,0
"306","2171207306","Representative to the 120th United States Congress - District 2 - REP","Kelley Anne Dennison",67,37,17,0
"306","2171207306","Representative to the 120th United States Congress - District 2 - REP","Christina Blunt (Ducommun)",67,13,17,0
"306","2171207306","Governor - REP","Scott Bottoms",67,11,2,0
"306","2171207306","Governor - REP","Victor Marx",67,23,2,0
"306","2171207306","Governor - REP","Barb Kirkmeyer",67,31,2,0
"306","2171207306","Governor - REP","Kelvin ""K-Man"" Wimberly (Write-in Candidate)",67,0,2,0
"306","2171207306","Secretary of State - REP","James Wiley",67,42,25,0
"306","2171207306","State Treasurer - REP","Kevin Grantham",67,42,25,0
"306","2171207306","Attorney General - REP","Michael J. Allen",67,35,18,0
"306","2171207306","Attorney General - REP","David Willson",67,14,18,0
"306","2171207306","Regent of the University of Colorado - Congressional District 2 - REP","Marty Neilson",67,39,28,0
"306","2171207306","State Senator - District 17 - REP","Pat Miller",67,39,28,0
"306","2171207306","State Representative - District 12 - REP","Ryan Rhatigan",67,39,28,0
"306","2171207306","Boulder County Commissioner - District 3 - REP","There are no candidates for this office",67,0,67,0
"306","2171207306","Boulder County Clerk and Recorder - REP","There are no candidates for this office",67,0,67,0
"306","2171207306","Boulder County Treasurer - REP","There are no candidates for this office",67,0,67,0
"306","2171207306","Boulder County Assessor - REP","There are no candidates for this office",67,0,67,0
"306","2171207306","Boulder County Sheriff - REP","There are no candidates for this office",67,0,67,0
"306","2171207306","Boulder County Surveyor - REP","There are no candidates for this office",67,0,67,0
"306","2171207306","Boulder County Coroner - REP","There are no candidates for this office",67,0,67,0
"306","2171207306","Governor - UNI","Paul Noël Fiorino",0,0,0,0
"306","2171207306","Governor - UNI","Jeff Peckman",0,0,0,0
"307","2171207307","United States Senator - DEM","Julie Gonzales",410,280,1,0
"307","2171207307","United States Senator - DEM","John Hickenlooper",410,129,1,0
"307","2171207307","Representative to the 120th United States Congress - District 2 - DEM","Joe Neguse",410,354,56,0
"307","2171207307","Governor - DEM","Phil Weiser",410,272,4,0
"307","2171207307","Governor - DEM","Michael Bennet",410,134,4,0
"307","2171207307","Secretary of State - DEM","Amanda Gonzalez",410,268,32,0
"307","2171207307","Secretary of State - DEM","Jessie Danielson",410,110,32,0
"307","2171207307","State Treasurer - DEM","Jeff Bridges",410,340,70,0
"307","2171207307","Attorney General - DEM","Jena Griswold",410,125,14,0
"307","2171207307","Attorney General - DEM","David Seligman",410,128,14,0
"307","2171207307","Attorney General - DEM","Michael Dougherty",410,72,14,0
"307","2171207307","Attorney General - DEM","Hetal Doshi",410,71,14,0
"307","2171207307","Regent of the University of Colorado - Congressional District 2 - DEM","Kubs Lalchandani",410,82,52,0
"307","2171207307","Regent of the University of Colorado - Congressional District 2 - DEM","Edie Hooton",410,114,52,0
"307","2171207307","Regent of the University of Colorado - Congressional District 2 - DEM","Murray Smith",410,162,52,0
"307","2171207307","State Senator - District 17 - DEM","Katie Wallace",410,331,79,0
"307","2171207307","State Representative - District 12 - DEM","Kyle Brown",410,333,77,0
"307","2171207307","Boulder County Commissioner - District 3 - DEM","Ashley Stolzmann",410,326,84,0
"307","2171207307","Boulder County Clerk and Recorder - DEM","Molly Fitzpatrick",410,333,77,0
"307","2171207307","Boulder County Treasurer - DEM","Jenn Kaaoush",410,166,54,0
"307","2171207307","Boulder County Treasurer - DEM","Rachel Friend",410,190,54,0
"307","2171207307","Boulder County Assessor - DEM","Cynthia Braddock",410,319,91,0
"307","2171207307","Boulder County Sheriff - DEM","Curtis Johnson",410,312,98,0
"307","2171207307","Boulder County Surveyor - DEM","Kayce D. W. Keane",410,321,89,0
"307","2171207307","Boulder County Coroner - DEM","Jeff Martin",410,319,91,0
"307","2171207307","Secretary of State - LBR","Sean Vadney",0,0,0,0
"307","2171207307","Secretary of State - LBR","Alex Astley",0,0,0,0
"307","2171207307","United States Senator - REP","Mark Baisley",49,40,9,0
"307","2171207307","Representative to the 120th United States Congress - District 2 - REP","Kelley Anne Dennison",49,24,7,0
"307","2171207307","Representative to the 120th United States Congress - District 2 - REP","Christina Blunt (Ducommun)",49,18,7,0
"307","2171207307","Governor - REP","Scott Bottoms",49,14,1,0
"307","2171207307","Governor - REP","Victor Marx",49,16,1,0
"307","2171207307","Governor - REP","Barb Kirkmeyer",49,18,1,0
"307","2171207307","Governor - REP","Kelvin ""K-Man"" Wimberly (Write-in Candidate)",49,0,1,0
"307","2171207307","Secretary of State - REP","James Wiley",49,38,11,0
"307","2171207307","State Treasurer - REP","Kevin Grantham",49,38,11,0
"307","2171207307","Attorney General - REP","Michael J. Allen",49,23,5,0
"307","2171207307","Attorney General - REP","David Willson",49,21,5,0
"307","2171207307","Regent of the University of Colorado - Congressional District 2 - REP","Marty Neilson",49,38,11,0
"307","2171207307","State Senator - District 17 - REP","Pat Miller",49,40,9,0
"307","2171207307","State Representative - District 12 - REP","Ryan Rhatigan",49,38,11,0
"307","2171207307","Boulder County Commissioner - District 3 - REP","There are no candidates for this office",49,0,49,0
"307","2171207307","Boulder County Clerk and Recorder - REP","There are no candidates for this office",49,0,49,0
"307","2171207307","Boulder County Treasurer - REP","There are no candidates for this office",49,0,49,0
"307","2171207307","Boulder County Assessor - REP","There are no candidates for this office",49,0,49,0
"307","2171207307","Boulder County Sheriff - REP","There are no candidates for this office",49,0,49,0
"307","2171207307","Boulder County Surveyor - REP","There are no candidates for this office",49,0,49,0
"307","2171207307","Boulder County Coroner - REP","There are no candidates for this office",49,0,49,0
"307","2171207307","Governor - UNI","Paul Noël Fiorino",0,0,0,0
"307","2171207307","Governor - UNI","Jeff Peckman",0,0,0,0
"308","2171207308","United States Senator - DEM","Julie Gonzales",442,254,8,0
"308","2171207308","United States Senator - DEM","John Hickenlooper",442,180,8,0
"308","2171207308","Representative to the 120th United States Congress - District 2 - DEM","Joe Neguse",442,385,57,0
"308","2171207308","Governor - DEM","Phil Weiser",442,296,7,0
"308","2171207308","Governor - DEM","Michael Bennet",442,139,7,0
"308","2171207308","Secretary of State - DEM","Amanda Gonzalez",442,277,39,0
"308","2171207308","Secretary of State - DEM","Jessie Danielson",442,126,39,0
"308","2171207308","State Treasurer - DEM","Jeff Bridges",442,332,110,0
"308","2171207308","Attorney General - DEM","Jena Griswold",442,143,18,2
"308","2171207308","Attorney General - DEM","David Seligman",442,100,18,2
"308","2171207308","Attorney General - DEM","Michael Dougherty",442,115,18,2
"308","2171207308","Attorney General - DEM","Hetal Doshi",442,64,18,2
"308","2171207308","Regent of the University of Colorado - Congressional District 2 - DEM","Kubs Lalchandani",442,103,83,2
"308","2171207308","Regent of the University of Colorado - Congressional District 2 - DEM","Edie Hooton",442,143,83,2
"308","2171207308","Regent of the University of Colorado - Congressional District 2 - DEM","Murray Smith",442,111,83,2
"308","2171207308","State Senator - District 17 - DEM","Katie Wallace",442,319,123,0
"308","2171207308","State Representative - District 12 - DEM","Kyle Brown",442,319,123,0
"308","2171207308","Boulder County Commissioner - District 3 - DEM","Ashley Stolzmann",442,316,126,0
"308","2171207308","Boulder County Clerk and Recorder - DEM","Molly Fitzpatrick",442,320,122,0
"308","2171207308","Boulder County Treasurer - DEM","Jenn Kaaoush",442,167,79,2
"308","2171207308","Boulder County Treasurer - DEM","Rachel Friend",442,194,79,2
"308","2171207308","Boulder County Assessor - DEM","Cynthia Braddock",442,307,135,0
"308","2171207308","Boulder County Sheriff - DEM","Curtis Johnson",442,304,138,0
"308","2171207308","Boulder County Surveyor - DEM","Kayce D. W. Keane",442,307,135,0
"308","2171207308","Boulder County Coroner - DEM","Jeff Martin",442,308,134,0
"308","2171207308","United States Senator - REP","Mark Baisley",60,53,7,0
"308","2171207308","Representative to the 120th United States Congress - District 2 - REP","Kelley Anne Dennison",60,42,4,0
"308","2171207308","Representative to the 120th United States Congress - District 2 - REP","Christina Blunt (Ducommun)",60,14,4,0
"308","2171207308","Governor - REP","Scott Bottoms",60,11,0,0
"308","2171207308","Governor - REP","Victor Marx",60,27,0,0
"308","2171207308","Governor - REP","Barb Kirkmeyer",60,22,0,0
"308","2171207308","Governor - REP","Kelvin ""K-Man"" Wimberly (Write-in Candidate)",60,0,0,0
"308","2171207308","Secretary of State - REP","James Wiley",60,53,7,0
"308","2171207308","State Treasurer - REP","Kevin Grantham",60,54,6,0
"308","2171207308","Attorney General - REP","Michael J. Allen",60,35,3,0
"308","2171207308","Attorney General - REP","David Willson",60,22,3,0
"308","2171207308","Regent of the University of Colorado - Congressional District 2 - REP","Marty Neilson",60,52,8,0
"308","2171207308","State Senator - District 17 - REP","Pat Miller",60,54,6,0
"308","2171207308","State Representative - District 12 - REP","Ryan Rhatigan",60,53,7,0
"308","2171207308","Boulder County Commissioner - District 3 - REP","There are no candidates for this office",60,0,60,0
"308","2171207308","Boulder County Clerk and Recorder - REP","There are no candidates for this office",60,0,60,0
"308","2171207308","Boulder County Treasurer - REP","There are no candidates for this office",60,0,60,0
"308","2171207308","Boulder County Assessor - REP","There are no candidates for this office",60,0,60,0
"308","2171207308","Boulder County Sheriff - REP","There are no candidates for this office",60,0,60,0
"308","2171207308","Boulder County Surveyor - REP","There are no candidates for this office",60,0,60,0
"308","2171207308","Boulder County Coroner - REP","There are no candidates for this office",60,0,60,0
"308","2171207308","Governor - UNI","Paul Noël Fiorino",0,0,0,0
"308","2171207308","Governor - UNI","Jeff Peckman",0,0,0,0
"309","2171207309","United States Senator - DEM","Julie Gonzales",544,296,6,0
"309","2171207309","United States Senator - DEM","John Hickenlooper",544,242,6,0
"309","2171207309","Representative to the 120th United States Congress - District 2 - DEM","Joe Neguse",544,496,48,0
"309","2171207309","Governor - DEM","Phil Weiser",544,336,8,0
"309","2171207309","Governor - DEM","Michael Bennet",544,200,8,0
"309","2171207309","Secretary of State - DEM","Amanda Gonzalez",544,345,41,0
"309","2171207309","Secretary of State - DEM","Jessie Danielson",544,158,41,0
"309","2171207309","State Treasurer - DEM","Jeff Bridges",544,451,93,0
"309","2171207309","Attorney General - DEM","Jena Griswold",544,170,16,0
"309","2171207309","Attorney General - DEM","David Seligman",544,118,16,0
"309","2171207309","Attorney General - DEM","Michael Dougherty",544,164,16,0
"309","2171207309","Attorney General - DEM","Hetal Doshi",544,76,16,0
"309","2171207309","Regent of the University of Colorado - Congressional District 2 - DEM","Kubs Lalchandani",544,135,75,0
"309","2171207309","Regent of the University of Colorado - Congressional District 2 - DEM","Edie Hooton",544,189,75,0
"309","2171207309","Regent of the University of Colorado - Congressional District 2 - DEM","Murray Smith",544,145,75,0
"309","2171207309","State Senator - District 17 - DEM","Katie Wallace",544,442,102,0
"309","2171207309","State Representative - District 12 - DEM","Kyle Brown",544,443,101,0
"309","2171207309","Boulder County Commissioner - District 3 - DEM","Ashley Stolzmann",544,438,106,0
"309","2171207309","Boulder County Clerk and Recorder - DEM","Molly Fitzpatrick",544,438,106,0
"309","2171207309","Boulder County Treasurer - DEM","Jenn Kaaoush",544,195,65,0
"309","2171207309","Boulder County Treasurer - DEM","Rachel Friend",544,284,65,0
"309","2171207309","Boulder County Assessor - DEM","Cynthia Braddock",544,431,113,0
"309","2171207309","Boulder County Sheriff - DEM","Curtis Johnson",544,432,112,0
"309","2171207309","Boulder County Surveyor - DEM","Kayce D. W. Keane",544,428,116,0
"309","2171207309","Boulder County Coroner - DEM","Jeff Martin",544,433,111,0
"309","2171207309","United States Senator - REP","Mark Baisley",75,63,12,0
"309","2171207309","Representative to the 120th United States Congress - District 2 - REP","Kelley Anne Dennison",75,44,4,0
"309","2171207309","Representative to the 120th United States Congress - District 2 - REP","Christina Blunt (Ducommun)",75,27,4,0
"309","2171207309","Governor - REP","Scott Bottoms",75,13,0,0
"309","2171207309","Governor - REP","Victor Marx",75,27,0,0
"309","2171207309","Governor - REP","Barb Kirkmeyer",75,35,0,0
"309","2171207309","Governor - REP","Kelvin ""K-Man"" Wimberly (Write-in Candidate)",75,0,0,0
"309","2171207309","Secretary of State - REP","James Wiley",75,60,15,0
"309","2171207309","State Treasurer - REP","Kevin Grantham",75,60,15,0
"309","2171207309","Attorney General - REP","Michael J. Allen",75,45,3,0
"309","2171207309","Attorney General - REP","David Willson",75,27,3,0
"309","2171207309","Regent of the University of Colorado - Congressional District 2 - REP","Marty Neilson",75,58,17,0
"309","2171207309","State Senator - District 17 - REP","Pat Miller",75,62,13,0
"309","2171207309","State Representative - District 12 - REP","Ryan Rhatigan",75,61,14,0
"309","2171207309","Boulder County Commissioner - District 3 - REP","There are no candidates for this office",75,0,75,0
"309","2171207309","Boulder County Clerk and Recorder - REP","There are no candidates for this office",75,0,75,0
"309","2171207309","Boulder County Treasurer - REP","There are no candidates for this office",75,0,75,0
"309","2171207309","Boulder County Assessor - REP","There are no candidates for this office",75,0,75,0
"309","2171207309","Boulder County Sheriff - REP","There are no candidates for this office",75,0,75,0
"309","2171207309","Boulder County Surveyor - REP","There are no candidates for this office",75,0,75,0
"309","2171207309","Boulder County Coroner - REP","There are no candidates for this office",75,0,75,0
"309","2171207309","Governor - UNI","Paul Noël Fiorino",0,0,0,0
"309","2171207309","Governor - UNI","Jeff Peckman",0,0,0,0
"310","2171207310","United States Senator - DEM","Julie Gonzales",657,353,5,0
"310","2171207310","United States Senator - DEM","John Hickenlooper",657,299,5,0
"310","2171207310","Representative to the 120th United States Congress - District 2 - DEM","Joe Neguse",657,587,70,0
"310","2171207310","Governor - DEM","Phil Weiser",657,400,8,0
"310","2171207310","Governor - DEM","Michael Bennet",657,249,8,0
"310","2171207310","Secretary of State - DEM","Amanda Gonzalez",657,378,67,0
"310","2171207310","Secretary of State - DEM","Jessie Danielson",657,212,67,0
"310","2171207310","State Treasurer - DEM","Jeff Bridges",657,511,146,0
"310","2171207310","Attorney General - DEM","Jena Griswold",657,238,18,0
"310","2171207310","Attorney General - DEM","David Seligman",657,130,18,0
"310","2171207310","Attorney General - DEM","Michael Dougherty",657,177,18,0
"310","2171207310","Attorney General - DEM","Hetal Doshi",657,94,18,0
"310","2171207310","Regent of the University of Colorado - Congressional District 2 - DEM","Kubs Lalchandani",657,164,108,0
"310","2171207310","Regent of the University of Colorado - Congressional District 2 - DEM","Edie Hooton",657,194,108,0
"310","2171207310","Regent of the University of Colorado - Congressional District 2 - DEM","Murray Smith",657,191,108,0
"310","2171207310","State Senator - District 17 - DEM","Katie Wallace",657,494,163,0
"310","2171207310","State Representative - District 12 - DEM","Kyle Brown",657,486,171,0
"310","2171207310","Boulder County Commissioner - District 3 - DEM","Ashley Stolzmann",657,487,170,0
"310","2171207310","Boulder County Clerk and Recorder - DEM","Molly Fitzpatrick",657,489,168,0
"310","2171207310","Boulder County Treasurer - DEM","Jenn Kaaoush",657,260,106,1
"310","2171207310","Boulder County Treasurer - DEM","Rachel Friend",657,290,106,1
"310","2171207310","Boulder County Assessor - DEM","Cynthia Braddock",657,476,181,0
"310","2171207310","Boulder County Sheriff - DEM","Curtis Johnson",657,474,183,0
"310","2171207310","Boulder County Surveyor - DEM","Kayce D. W. Keane",657,476,181,0
"310","2171207310","Boulder County Coroner - DEM","Jeff Martin",657,476,181,0
"310","2171207310","United States Senator - REP","Mark Baisley",90,73,17,0
"310","2171207310","Representative to the 120th United States Congress - District 2 - REP","Kelley Anne Dennison",90,52,11,0
"310","2171207310","Representative to the 120th United States Congress - District 2 - REP","Christina Blunt (Ducommun)",90,27,11,0
"310","2171207310","Governor - REP","Scott Bottoms",90,6,2,0
"310","2171207310","Governor - REP","Victor Marx",90,37,2,0
"310","2171207310","Governor - REP","Barb Kirkmeyer",90,44,2,0
"310","2171207310","Governor - REP","Kelvin ""K-Man"" Wimberly (Write-in Candidate)",90,1,2,0
"310","2171207310","Secretary of State - REP","James Wiley",90,72,18,0
"310","2171207310","State Treasurer - REP","Kevin Grantham",90,74,16,0
"310","2171207310","Attorney General - REP","Michael J. Allen",90,49,13,0
"310","2171207310","Attorney General - REP","David Willson",90,28,13,0
"310","2171207310","Regent of the University of Colorado - Congressional District 2 - REP","Marty Neilson",90,71,19,0
"310","2171207310","State Senator - District 17 - REP","Pat Miller",90,70,20,0
"310","2171207310","State Representative - District 12 - REP","Ryan Rhatigan",90,70,20,0
"310","2171207310","Boulder County Commissioner - District 3 - REP","There are no candidates for this office",90,0,90,0
"310","2171207310","Boulder County Clerk and Recorder - REP","There are no candidates for this office",90,0,90,0
"310","2171207310","Boulder County Treasurer - REP","There are no candidates for this office",90,0,90,0
"310","2171207310","Boulder County Assessor - REP","There are no candidates for this office",90,0,90,0
"310","2171207310","Boulder County Sheriff - REP","There are no candidates for this office",90,0,90,0
"310","2171207310","Boulder County Surveyor - REP","There are no candidates for this office",90,0,90,0
"310","2171207310","Boulder County Coroner - REP","There are no candidates for this office",90,0,90,0
"310","2171207310","Governor - UNI","Paul Noël Fiorino",0,0,0,0
"310","2171207310","Governor - UNI","Jeff Peckman",0,0,0,0
"311","2171207311","United States Senator - DEM","Julie Gonzales",348,206,6,0
"311","2171207311","United States Senator - DEM","John Hickenlooper",348,136,6,0
"311","2171207311","Representative to the 120th United States Congress - District 2 - DEM","Joe Neguse",348,314,34,0
"311","2171207311","Governor - DEM","Phil Weiser",348,203,9,0
"311","2171207311","Governor - DEM","Michael Bennet",348,136,9,0
"311","2171207311","Secretary of State - DEM","Amanda Gonzalez",348,208,40,0
"311","2171207311","Secretary of State - DEM","Jessie Danielson",348,100,40,0
"311","2171207311","State Treasurer - DEM","Jeff Bridges",348,290,58,0
"311","2171207311","Attorney General - DEM","Jena Griswold",348,129,6,0
"311","2171207311","Attorney General - DEM","David Seligman",348,79,6,0
"311","2171207311","Attorney General - DEM","Michael Dougherty",348,90,6,0
"311","2171207311","Attorney General - DEM","Hetal Doshi",348,44,6,0
"311","2171207311","Regent of the University of Colorado - Congressional District 2 - DEM","Kubs Lalchandani",348,102,52,1
"311","2171207311","Regent of the University of Colorado - Congressional District 2 - DEM","Edie Hooton",348,92,52,1
"311","2171207311","Regent of the University of Colorado - Congressional District 2 - DEM","Murray Smith",348,101,52,1
"311","2171207311","State Senator - District 17 - DEM","Katie Wallace",348,283,65,0
"311","2171207311","State Representative - District 12 - DEM","Kyle Brown",348,283,65,0
"311","2171207311","Boulder County Commissioner - District 3 - DEM","Ashley Stolzmann",348,285,63,0
"311","2171207311","Boulder County Clerk and Recorder - DEM","Molly Fitzpatrick",348,294,54,0
"311","2171207311","Boulder County Treasurer - DEM","Jenn Kaaoush",348,138,51,0
"311","2171207311","Boulder County Treasurer - DEM","Rachel Friend",348,159,51,0
"311","2171207311","Boulder County Assessor - DEM","Cynthia Braddock",348,281,67,0
"311","2171207311","Boulder County Sheriff - DEM","Curtis Johnson",348,280,68,0
"311","2171207311","Boulder County Surveyor - DEM","Kayce D. W. Keane",348,282,66,0
"311","2171207311","Boulder County Coroner - DEM","Jeff Martin",348,285,63,0
"311","2171207311","United States Senator - REP","Mark Baisley",45,38,7,0
"311","2171207311","Representative to the 120th United States Congress - District 2 - REP","Kelley Anne Dennison",45,26,7,0
"311","2171207311","Representative to the 120th United States Congress - District 2 - REP","Christina Blunt (Ducommun)",45,12,7,0
"311","2171207311","Governor - REP","Scott Bottoms",45,4,1,0
"311","2171207311","Governor - REP","Victor Marx",45,14,1,0
"311","2171207311","Governor - REP","Barb Kirkmeyer",45,26,1,0
"311","2171207311","Governor - REP","Kelvin ""K-Man"" Wimberly (Write-in Candidate)",45,0,1,0
"311","2171207311","Secretary of State - REP","James Wiley",45,37,8,0
"311","2171207311","State Treasurer - REP","Kevin Grantham",45,36,9,0
"311","2171207311","Attorney General - REP","Michael J. Allen",45,24,6,0
"311","2171207311","Attorney General - REP","David Willson",45,15,6,0
"311","2171207311","Regent of the University of Colorado - Congressional District 2 - REP","Marty Neilson",45,37,8,0
"311","2171207311","State Senator - District 17 - REP","Pat Miller",45,35,10,0
"311","2171207311","State Representative - District 12 - REP","Ryan Rhatigan",45,35,10,0
"311","2171207311","Boulder County Commissioner - District 3 - REP","There are no candidates for this office",45,0,45,0
"311","2171207311","Boulder County Clerk and Recorder - REP","There are no candidates for this office",45,0,45,0
"311","2171207311","Boulder County Treasurer - REP","There are no candidates for this office",45,0,45,0
"311","2171207311","Boulder County Assessor - REP","There are no candidates for this office",45,0,45,0
"311","2171207311","Boulder County Sheriff - REP","There are no candidates for this office",45,0,45,0
"311","2171207311","Boulder County Surveyor - REP","There are no candidates for this office",45,0,45,0
"311","2171207311","Boulder County Coroner - REP","There are no candidates for this office",45,0,45,0
"311","2171207311","Governor - UNI","Paul Noël Fiorino",0,0,0,0
"311","2171207311","Governor - UNI","Jeff Peckman",0,0,0,0
"312","2171207312","United States Senator - DEM","Julie Gonzales",498,204,5,0
"312","2171207312","United States Senator - DEM","John Hickenlooper",498,289,5,0
"312","2171207312","Representative to the 120th United States Congress - District 2 - DEM","Joe Neguse",498,446,52,0
"312","2171207312","Governor - DEM","Phil Weiser",498,280,5,0
"312","2171207312","Governor - DEM","Michael Bennet",498,213,5,0
"312","2171207312","Secretary of State - DEM","Amanda Gonzalez",498,266,63,0
"312","2171207312","Secretary of State - DEM","Jessie Danielson",498,169,63,0
"312","2171207312","State Treasurer - DEM","Jeff Bridges",498,390,108,0
"312","2171207312","Attorney General - DEM","Jena Griswold",498,160,19,0
"312","2171207312","Attorney General - DEM","David Seligman",498,82,19,0
"312","2171207312","Attorney General - DEM","Michael Dougherty",498,172,19,0
"312","2171207312","Attorney General - DEM","Hetal Doshi",498,65,19,0
"312","2171207312","Regent of the University of Colorado - Congressional District 2 - DEM","Kubs Lalchandani",498,116,93,0
"312","2171207312","Regent of the University of Colorado - Congressional District 2 - DEM","Edie Hooton",498,179,93,0
"312","2171207312","Regent of the University of Colorado - Congressional District 2 - DEM","Murray Smith",498,110,93,0
"312","2171207312","State Senator - District 17 - DEM","Katie Wallace",498,371,127,0
"312","2171207312","State Representative - District 12 - DEM","Kyle Brown",498,372,126,0
"312","2171207312","Boulder County Commissioner - District 3 - DEM","Ashley Stolzmann",498,366,132,0
"312","2171207312","Boulder County Clerk and Recorder - DEM","Molly Fitzpatrick",498,368,130,0
"312","2171207312","Boulder County Treasurer - DEM","Jenn Kaaoush",498,170,100,1
"312","2171207312","Boulder County Treasurer - DEM","Rachel Friend",498,227,100,1
"312","2171207312","Boulder County Assessor - DEM","Cynthia Braddock",498,358,140,0
"312","2171207312","Boulder County Sheriff - DEM","Curtis Johnson",498,353,145,0
"312","2171207312","Boulder County Surveyor - DEM","Kayce D. W. Keane",498,357,141,0
"312","2171207312","Boulder County Coroner - DEM","Jeff Martin",498,356,142,0
"312","2171207312","United States Senator - REP","Mark Baisley",91,68,23,0
"312","2171207312","Representative to the 120th United States Congress - District 2 - REP","Kelley Anne Dennison",91,43,13,0
"312","2171207312","Representative to the 120th United States Congress - District 2 - REP","Christina Blunt (Ducommun)",91,35,13,0
"312","2171207312","Governor - REP","Scott Bottoms",91,17,0,0
"312","2171207312","Governor - REP","Victor Marx",91,24,0,0
"312","2171207312","Governor - REP","Barb Kirkmeyer",91,50,0,0
"312","2171207312","Governor - REP","Kelvin ""K-Man"" Wimberly (Write-in Candidate)",91,0,0,0
"312","2171207312","Secretary of State - REP","James Wiley",91,70,21,0
"312","2171207312","State Treasurer - REP","Kevin Grantham",91,68,23,0
"312","2171207312","Attorney General - REP","Michael J. Allen",91,50,13,0
"312","2171207312","Attorney General - REP","David Willson",91,28,13,0
"312","2171207312","Regent of the University of Colorado - Congressional District 2 - REP","Marty Neilson",91,68,23,0
"312","2171207312","State Senator - District 17 - REP","Pat Miller",91,66,25,0
"312","2171207312","State Representative - District 12 - REP","Ryan Rhatigan",91,66,25,0
"312","2171207312","Boulder County Commissioner - District 3 - REP","There are no candidates for this office",91,0,91,0
"312","2171207312","Boulder County Clerk and Recorder - REP","There are no candidates for this office",91,0,91,0
"312","2171207312","Boulder County Treasurer - REP","There are no candidates for this office",91,0,91,0
"312","2171207312","Boulder County Assessor - REP","There are no candidates for this office",91,0,91,0
"312","2171207312","Boulder County Sheriff - REP","There are no candidates for this office",91,0,91,0
"312","2171207312","Boulder County Surveyor - REP","There are no candidates for this office",91,0,91,0
"312","2171207312","Boulder County Coroner - REP","There are no candidates for this office",91,0,91,0
"312","2171207312","Governor - UNI","Paul Noël Fiorino",0,0,0,0
"312","2171207312","Governor - UNI","Jeff Peckman",0,0,0,0
"313","2171207313","United States Senator - DEM","Julie Gonzales",615,269,8,0
"313","2171207313","United States Senator - DEM","John Hickenlooper",615,338,8,0
"313","2171207313","Representative to the 120th United States Congress - District 2 - DEM","Joe Neguse",615,537,78,0
"313","2171207313","Governor - DEM","Phil Weiser",615,376,13,0
"313","2171207313","Governor - DEM","Michael Bennet",615,226,13,0
"313","2171207313","Secretary of State - DEM","Amanda Gonzalez",615,322,81,0
"313","2171207313","Secretary of State - DEM","Jessie Danielson",615,212,81,0
"313","2171207313","State Treasurer - DEM","Jeff Bridges",615,458,157,0
"313","2171207313","Attorney General - DEM","Jena Griswold",615,195,29,0
"313","2171207313","Attorney General - DEM","David Seligman",615,108,29,0
"313","2171207313","Attorney General - DEM","Michael Dougherty",615,208,29,0
"313","2171207313","Attorney General - DEM","Hetal Doshi",615,75,29,0
"313","2171207313","Regent of the University of Colorado - Congressional District 2 - DEM","Kubs Lalchandani",615,119,106,0
"313","2171207313","Regent of the University of Colorado - Congressional District 2 - DEM","Edie Hooton",615,241,106,0
"313","2171207313","Regent of the University of Colorado - Congressional District 2 - DEM","Murray Smith",615,149,106,0
"313","2171207313","State Senator - District 17 - DEM","Katie Wallace",615,461,154,0
"313","2171207313","State Representative - District 12 - DEM","Kyle Brown",615,457,158,0
"313","2171207313","Boulder County Commissioner - District 3 - DEM","Ashley Stolzmann",615,446,169,0
"313","2171207313","Boulder County Clerk and Recorder - DEM","Molly Fitzpatrick",615,452,163,0
"313","2171207313","Boulder County Treasurer - DEM","Jenn Kaaoush",615,208,109,1
"313","2171207313","Boulder County Treasurer - DEM","Rachel Friend",615,297,109,1
"313","2171207313","Boulder County Assessor - DEM","Cynthia Braddock",615,438,177,0
"313","2171207313","Boulder County Sheriff - DEM","Curtis Johnson",615,440,175,0
"313","2171207313","Boulder County Surveyor - DEM","Kayce D. W. Keane",615,438,177,0
"313","2171207313","Boulder County Coroner - DEM","Jeff Martin",615,435,180,0
"313","2171207313","United States Senator - REP","Mark Baisley",98,78,20,0
"313","2171207313","Representative to the 120th United States Congress - District 2 - REP","Kelley Anne Dennison",98,51,17,0
"313","2171207313","Representative to the 120th United States Congress - District 2 - REP","Christina Blunt (Ducommun)",98,30,17,0
"313","2171207313","Governor - REP","Scott Bottoms",98,23,2,0
"313","2171207313","Governor - REP","Victor Marx",98,30,2,0
"313","2171207313","Governor - REP","Barb Kirkmeyer",98,43,2,0
"313","2171207313","Governor - REP","Kelvin ""K-Man"" Wimberly (Write-in Candidate)",98,0,2,0
"313","2171207313","Secretary of State - REP","James Wiley",98,81,17,0
"313","2171207313","State Treasurer - REP","Kevin Grantham",98,81,17,0
"313","2171207313","Attorney General - REP","Michael J. Allen",98,53,9,0
"313","2171207313","Attorney General - REP","David Willson",98,36,9,0
"313","2171207313","Regent of the University of Colorado - Congressional District 2 - REP","Marty Neilson",98,79,19,0
"313","2171207313","State Senator - District 17 - REP","Pat Miller",98,80,18,0
"313","2171207313","State Representative - District 12 - REP","Ryan Rhatigan",98,79,19,0
"313","2171207313","Boulder County Commissioner - District 3 - REP","There are no candidates for this office",98,0,98,0
"313","2171207313","Boulder County Clerk and Recorder - REP","There are no candidates for this office",98,0,98,0
"313","2171207313","Boulder County Treasurer - REP","There are no candidates for this office",98,0,98,0
"313","2171207313","Boulder County Assessor - REP","There are no candidates for this office",98,0,98,0
"313","2171207313","Boulder County Sheriff - REP","There are no candidates for this office",98,0,98,0
"313","2171207313","Boulder County Surveyor - REP","There are no candidates for this office",98,0,98,0
"313","2171207313","Boulder County Coroner - REP","There are no candidates for this office",98,0,98,0
"313","2171207313","Governor - UNI","Paul Noël Fiorino",0,0,0,0
"313","2171207313","Governor - UNI","Jeff Peckman",0,0,0,0
"314","2171207314","United States Senator - DEM","Julie Gonzales",648,260,10,0
"314","2171207314","United States Senator - DEM","John Hickenlooper",648,378,10,0
"314","2171207314","Representative to the 120th United States Congress - District 2 - DEM","Joe Neguse",648,601,47,0
"314","2171207314","Governor - DEM","Phil Weiser",648,382,9,0
"314","2171207314","Governor - DEM","Michael Bennet",648,257,9,0
"314","2171207314","Secretary of State - DEM","Amanda Gonzalez",648,362,53,0
"314","2171207314","Secretary of State - DEM","Jessie Danielson",648,233,53,0
"314","2171207314","State Treasurer - DEM","Jeff Bridges",648,514,134,0
"314","2171207314","Attorney General - DEM","Jena Griswold",648,210,19,0
"314","2171207314","Attorney General - DEM","David Seligman",648,85,19,0
"314","2171207314","Attorney General - DEM","Michael Dougherty",648,250,19,0
"314","2171207314","Attorney General - DEM","Hetal Doshi",648,84,19,0
"314","2171207314","Regent of the University of Colorado - Congressional District 2 - DEM","Kubs Lalchandani",648,158,100,1
"314","2171207314","Regent of the University of Colorado - Congressional District 2 - DEM","Edie Hooton",648,240,100,1
"314","2171207314","Regent of the University of Colorado - Congressional District 2 - DEM","Murray Smith",648,149,100,1
"314","2171207314","State Senator - District 17 - DEM","Katie Wallace",648,507,141,0
"314","2171207314","State Representative - District 12 - DEM","Kyle Brown",648,516,132,0
"314","2171207314","Boulder County Commissioner - District 3 - DEM","Ashley Stolzmann",648,501,147,0
"314","2171207314","Boulder County Clerk and Recorder - DEM","Molly Fitzpatrick",648,501,147,0
"314","2171207314","Boulder County Treasurer - DEM","Jenn Kaaoush",648,222,83,1
"314","2171207314","Boulder County Treasurer - DEM","Rachel Friend",648,342,83,1
"314","2171207314","Boulder County Assessor - DEM","Cynthia Braddock",648,482,166,0
"314","2171207314","Boulder County Sheriff - DEM","Curtis Johnson",648,480,168,0
"314","2171207314","Boulder County Surveyor - DEM","Kayce D. W. Keane",648,486,162,0
"314","2171207314","Boulder County Coroner - DEM","Jeff Martin",648,485,163,0
"314","2171207314","United States Senator - REP","Mark Baisley",78,54,24,0
"314","2171207314","Representative to the 120th United States Congress - District 2 - REP","Kelley Anne Dennison",78,38,18,0
"314","2171207314","Representative to the 120th United States Congress - District 2 - REP","Christina Blunt (Ducommun)",78,22,18,0
"314","2171207314","Governor - REP","Scott Bottoms",78,15,4,0
"314","2171207314","Governor - REP","Victor Marx",78,16,4,0
"314","2171207314","Governor - REP","Barb Kirkmeyer",78,43,4,0
"314","2171207314","Governor - REP","Kelvin ""K-Man"" Wimberly (Write-in Candidate)",78,0,4,0
"314","2171207314","Secretary of State - REP","James Wiley",78,51,27,0
"314","2171207314","State Treasurer - REP","Kevin Grantham",78,52,26,0
"314","2171207314","Attorney General - REP","Michael J. Allen",78,47,11,0
"314","2171207314","Attorney General - REP","David Willson",78,20,11,0
"314","2171207314","Regent of the University of Colorado - Congressional District 2 - REP","Marty Neilson",78,50,28,0
"314","2171207314","State Senator - District 17 - REP","Pat Miller",78,50,28,0
"314","2171207314","State Representative - District 12 - REP","Ryan Rhatigan",78,48,30,0
"314","2171207314","Boulder County Commissioner - District 3 - REP","There are no candidates for this office",78,0,78,0
"314","2171207314","Boulder County Clerk and Recorder - REP","There are no candidates for this office",78,0,78,0
"314","2171207314","Boulder County Treasurer - REP","There are no candidates for this office",78,0,78,0
"314","2171207314","Boulder County Assessor - REP","There are no candidates for this office",78,0,78,0
"314","2171207314","Boulder County Sheriff - REP","There are no candidates for this office",78,0,78,0
"314","2171207314","Boulder County Surveyor - REP","There are no candidates for this office",78,0,78,0
"314","2171207314","Boulder County Coroner - REP","There are no candidates for this office",78,0,78,0
"314","2171207314","Governor - UNI","Paul Noël Fiorino",0,0,0,0
"314","2171207314","Governor - UNI","Jeff Peckman",0,0,0,0
"315","2171207315","United States Senator - DEM","Julie Gonzales",334,131,2,0
"315","2171207315","United States Senator - DEM","John Hickenlooper",334,201,2,0
"315","2171207315","Representative to the 120th United States Congress - District 2 - DEM","Joe Neguse",334,313,21,0
"315","2171207315","Governor - DEM","Phil Weiser",334,186,3,0
"315","2171207315","Governor - DEM","Michael Bennet",334,145,3,0
"315","2171207315","Secretary of State - DEM","Amanda Gonzalez",334,173,38,0
"315","2171207315","Secretary of State - DEM","Jessie Danielson",334,123,38,0
"315","2171207315","State Treasurer - DEM","Jeff Bridges",334,262,72,0
"315","2171207315","Attorney General - DEM","Jena Griswold",334,112,10,0
"315","2171207315","Attorney General - DEM","David Seligman",334,56,10,0
"315","2171207315","Attorney General - DEM","Michael Dougherty",334,120,10,0
"315","2171207315","Attorney General - DEM","Hetal Doshi",334,36,10,0
"315","2171207315","Regent of the University of Colorado - Congressional District 2 - DEM","Kubs Lalchandani",334,90,56,0
"315","2171207315","Regent of the University of Colorado - Congressional District 2 - DEM","Edie Hooton",334,118,56,0
"315","2171207315","Regent of the University of Colorado - Congressional District 2 - DEM","Murray Smith",334,70,56,0
"315","2171207315","State Senator - District 17 - DEM","Katie Wallace",334,258,76,0
"315","2171207315","State Representative - District 12 - DEM","Kyle Brown",334,259,75,0
"315","2171207315","Boulder County Commissioner - District 3 - DEM","Ashley Stolzmann",334,257,77,0
"315","2171207315","Boulder County Clerk and Recorder - DEM","Molly Fitzpatrick",334,258,76,0
"315","2171207315","Boulder County Treasurer - DEM","Jenn Kaaoush",334,106,63,1
"315","2171207315","Boulder County Treasurer - DEM","Rachel Friend",334,164,63,1
"315","2171207315","Boulder County Assessor - DEM","Cynthia Braddock",334,251,83,0
"315","2171207315","Boulder County Sheriff - DEM","Curtis Johnson",334,250,84,0
"315","2171207315","Boulder County Surveyor - DEM","Kayce D. W. Keane",334,248,86,0
"315","2171207315","Boulder County Coroner - DEM","Jeff Martin",334,250,84,0
"315","2171207315","Secretary of State - LBR","Sean Vadney",0,0,0,0
"315","2171207315","Secretary of State - LBR","Alex Astley",0,0,0,0
"315","2171207315","United States Senator - REP","Mark Baisley",51,41,10,0
"315","2171207315","Representative to the 120th United States Congress - District 2 - REP","Kelley Anne Dennison",51,26,10,0
"315","2171207315","Representative to the 120th United States Congress - District 2 - REP","Christina Blunt (Ducommun)",51,15,10,0
"315","2171207315","Governor - REP","Scott Bottoms",51,4,0,0
"315","2171207315","Governor - REP","Victor Marx",51,13,0,0
"315","2171207315","Governor - REP","Barb Kirkmeyer",51,34,0,0
"315","2171207315","Governor - REP","Kelvin ""K-Man"" Wimberly (Write-in Candidate)",51,0,0,0
"315","2171207315","Secretary of State - REP","James Wiley",51,42,9,0
"315","2171207315","State Treasurer - REP","Kevin Grantham",51,41,10,0
"315","2171207315","Attorney General - REP","Michael J. Allen",51,26,9,0
"315","2171207315","Attorney General - REP","David Willson",51,16,9,0
"315","2171207315","Regent of the University of Colorado - Congressional District 2 - REP","Marty Neilson",51,40,11,0
"315","2171207315","State Senator - District 17 - REP","Pat Miller",51,42,9,0
"315","2171207315","State Representative - District 12 - REP","Ryan Rhatigan",51,42,9,0
"315","2171207315","Boulder County Commissioner - District 3 - REP","There are no candidates for this office",51,0,51,0
"315","2171207315","Boulder County Clerk and Recorder - REP","There are no candidates for this office",51,0,51,0
"315","2171207315","Boulder County Treasurer - REP","There are no candidates for this office",51,0,51,0
"315","2171207315","Boulder County Assessor - REP","There are no candidates for this office",51,0,51,0
"315","2171207315","Boulder County Sheriff - REP","There are no candidates for this office",51,0,51,0
"315","2171207315","Boulder County Surveyor - REP","There are no candidates for this office",51,0,51,0
"315","2171207315","Boulder County Coroner - REP","There are no candidates for this office",51,0,51,0
"315","2171207315","Governor - UNI","Paul Noël Fiorino",0,0,0,0
"315","2171207315","Governor - UNI","Jeff Peckman",0,0,0,0
"316","2171207316","United States Senator - DEM","Julie Gonzales",573,243,5,0
"316","2171207316","United States Senator - DEM","John Hickenlooper",573,325,5,0
"316","2171207316","Representative to the 120th United States Congress - District 2 - DEM","Joe Neguse",573,517,56,0
"316","2171207316","Governor - DEM","Phil Weiser",573,380,8,0
"316","2171207316","Governor - DEM","Michael Bennet",573,185,8,0
"316","2171207316","Secretary of State - DEM","Amanda Gonzalez",573,285,67,0
"316","2171207316","Secretary of State - DEM","Jessie Danielson",573,221,67,0
"316","2171207316","State Treasurer - DEM","Jeff Bridges",573,458,115,0
"316","2171207316","Attorney General - DEM","Jena Griswold",573,175,13,0
"316","2171207316","Attorney General - DEM","David Seligman",573,65,13,0
"316","2171207316","Attorney General - DEM","Michael Dougherty",573,236,13,0
"316","2171207316","Attorney General - DEM","Hetal Doshi",573,84,13,0
"316","2171207316","Regent of the University of Colorado - Congressional District 2 - DEM","Kubs Lalchandani",573,179,79,0
"316","2171207316","Regent of the University of Colorado - Congressional District 2 - DEM","Edie Hooton",573,207,79,0
"316","2171207316","Regent of the University of Colorado - Congressional District 2 - DEM","Murray Smith",573,108,79,0
"316","2171207316","State Senator - District 17 - DEM","Katie Wallace",573,455,118,0
"316","2171207316","State Representative - District 12 - DEM","Kyle Brown",573,458,115,0
"316","2171207316","Boulder County Commissioner - District 3 - DEM","Ashley Stolzmann",573,442,131,0
"316","2171207316","Boulder County Clerk and Recorder - DEM","Molly Fitzpatrick",573,453,120,0
"316","2171207316","Boulder County Treasurer - DEM","Jenn Kaaoush",573,204,74,1
"316","2171207316","Boulder County Treasurer - DEM","Rachel Friend",573,294,74,1
"316","2171207316","Boulder County Assessor - DEM","Cynthia Braddock",573,445,128,0
"316","2171207316","Boulder County Sheriff - DEM","Curtis Johnson",573,440,133,0
"316","2171207316","Boulder County Surveyor - DEM","Kayce D. W. Keane",573,443,130,0
"316","2171207316","Boulder County Coroner - DEM","Jeff Martin",573,443,130,0
"316","2171207316","United States Senator - REP","Mark Baisley",119,97,22,0
"316","2171207316","Representative to the 120th United States Congress - District 2 - REP","Kelley Anne Dennison",119,58,10,0
"316","2171207316","Representative to the 120th United States Congress - District 2 - REP","Christina Blunt (Ducommun)",119,51,10,0
"316","2171207316","Governor - REP","Scott Bottoms",119,18,1,0
"316","2171207316","Governor - REP","Victor Marx",119,31,1,0
"316","2171207316","Governor - REP","Barb Kirkmeyer",119,69,1,0
"316","2171207316","Governor - REP","Kelvin ""K-Man"" Wimberly (Write-in Candidate)",119,0,1,0
"316","2171207316","Secretary of State - REP","James Wiley",119,99,20,0
"316","2171207316","State Treasurer - REP","Kevin Grantham",119,99,20,0
"316","2171207316","Attorney General - REP","Michael J. Allen",119,66,9,0
"316","2171207316","Attorney General - REP","David Willson",119,44,9,0
"316","2171207316","Regent of the University of Colorado - Congressional District 2 - REP","Marty Neilson",119,101,18,0
"316","2171207316","State Senator - District 17 - REP","Pat Miller",119,99,20,0
"316","2171207316","State Representative - District 12 - REP","Ryan Rhatigan",119,99,20,0
"316","2171207316","Boulder County Commissioner - District 3 - REP","There are no candidates for this office",119,0,119,0
"316","2171207316","Boulder County Clerk and Recorder - REP","There are no candidates for this office",119,0,119,0
"316","2171207316","Boulder County Treasurer - REP","There are no candidates for this office",119,0,119,0
"316","2171207316","Boulder County Assessor - REP","There are no candidates for this office",119,0,119,0
"316","2171207316","Boulder County Sheriff - REP","There are no candidates for this office",119,0,119,0
"316","2171207316","Boulder County Surveyor - REP","There are no candidates for this office",119,0,119,0
"316","2171207316","Boulder County Coroner - REP","There are no candidates for this office",119,0,119,0
"316","2171207316","Governor - UNI","Paul Noël Fiorino",0,0,0,0
"316","2171207316","Governor - UNI","Jeff Peckman",0,0,0,0
"400","2171907400","United States Senator - DEM","Julie Gonzales",961,485,11,0
"400","2171907400","United States Senator - DEM","John Hickenlooper",961,465,11,0
"400","2171907400","Representative to the 120th United States Congress - District 2 - DEM","Joe Neguse",961,838,123,0
"400","2171907400","Governor - DEM","Phil Weiser",961,524,11,0
"400","2171907400","Governor - DEM","Michael Bennet",961,426,11,0
"400","2171907400","Secretary of State - DEM","Amanda Gonzalez",961,556,81,0
"400","2171907400","Secretary of State - DEM","Jessie Danielson",961,324,81,0
"400","2171907400","State Treasurer - DEM","Jeff Bridges",961,772,189,0
"400","2171907400","Attorney General - DEM","Jena Griswold",961,280,27,0
"400","2171907400","Attorney General - DEM","David Seligman",961,209,27,0
"400","2171907400","Attorney General - DEM","Michael Dougherty",961,267,27,0
"400","2171907400","Attorney General - DEM","Hetal Doshi",961,178,27,0
"400","2171907400","Regent of the University of Colorado - Congressional District 2 - DEM","Kubs Lalchandani",961,273,134,0
"400","2171907400","Regent of the University of Colorado - Congressional District 2 - DEM","Edie Hooton",961,288,134,0
"400","2171907400","Regent of the University of Colorado - Congressional District 2 - DEM","Murray Smith",961,266,134,0
"400","2171907400","State Senator - District 17 - DEM","Katie Wallace",961,763,198,0
"400","2171907400","State Representative - District 19 - DEM","Anil Pesaramelli",961,473,52,0
"400","2171907400","State Representative - District 19 - DEM","Jillaire McMillan",961,319,52,0
"400","2171907400","State Representative - District 19 - DEM","Colton Jonjak Plahn",961,117,52,0
"400","2171907400","Boulder County Commissioner - District 3 - DEM","Ashley Stolzmann",961,722,239,0
"400","2171907400","Boulder County Clerk and Recorder - DEM","Molly Fitzpatrick",961,728,233,0
"400","2171907400","Boulder County Treasurer - DEM","Jenn Kaaoush",961,359,146,4
"400","2171907400","Boulder County Treasurer - DEM","Rachel Friend",961,452,146,4
"400","2171907400","Boulder County Assessor - DEM","Cynthia Braddock",961,717,244,0
"400","2171907400","Boulder County Sheriff - DEM","Curtis Johnson",961,719,242,0
"400","2171907400","Boulder County Surveyor - DEM","Kayce D. W. Keane",961,716,245,0
"400","2171907400","Boulder County Coroner - DEM","Jeff Martin",961,715,246,0
"400","2171907400","Secretary of State - LBR","Sean Vadney",0,0,0,0
"400","2171907400","Secretary of State - LBR","Alex Astley",0,0,0,0
"400","2171907400","United States Senator - REP","Mark Baisley",194,160,34,0
"400","2171907400","Representative to the 120th United States Congress - District 2 - REP","Kelley Anne Dennison",194,93,30,0
"400","2171907400","Representative to the 120th United States Congress - District 2 - REP","Christina Blunt (Ducommun)",194,71,30,0
"400","2171907400","Governor - REP","Scott Bottoms",194,21,2,0
"400","2171907400","Governor - REP","Victor Marx",194,78,2,0
"400","2171907400","Governor - REP","Barb Kirkmeyer",194,93,2,0
"400","2171907400","Governor - REP","Kelvin ""K-Man"" Wimberly (Write-in Candidate)",194,0,2,0
"400","2171907400","Secretary of State - REP","James Wiley",194,156,38,0
"400","2171907400","State Treasurer - REP","Kevin Grantham",194,161,33,0
"400","2171907400","Attorney General - REP","Michael J. Allen",194,105,26,0
"400","2171907400","Attorney General - REP","David Willson",194,63,26,0
"400","2171907400","Regent of the University of Colorado - Congressional District 2 - REP","Marty Neilson",194,157,37,0
"400","2171907400","State Senator - District 17 - REP","Pat Miller",194,155,39,0
"400","2171907400","State Representative - District 19 - REP","Dan Woog",194,161,33,0
"400","2171907400","Boulder County Commissioner - District 3 - REP","There are no candidates for this office",194,0,194,0
"400","2171907400","Boulder County Clerk and Recorder - REP","There are no candidates for this office",194,0,194,0
"400","2171907400","Boulder County Treasurer - REP","There are no candidates for this office",194,0,194,0
"400","2171907400","Boulder County Assessor - REP","There are no candidates for this office",194,0,194,0
"400","2171907400","Boulder County Sheriff - REP","There are no candidates for this office",194,0,194,0
"400","2171907400","Boulder County Surveyor - REP","There are no candidates for this office",194,0,194,0
"400","2171907400","Boulder County Coroner - REP","There are no candidates for this office",194,0,194,0
"400","2171907400","Governor - UNI","Paul Noël Fiorino",0,0,0,0
"400","2171907400","Governor - UNI","Jeff Peckman",0,0,0,0
"401","2171907401","United States Senator - DEM","Julie Gonzales",583,293,1,0
"401","2171907401","United States Senator - DEM","John Hickenlooper",583,289,1,0
"401","2171907401","Representative to the 120th United States Congress - District 2 - DEM","Joe Neguse",583,523,60,0
"401","2171907401","Governor - DEM","Phil Weiser",583,333,8,0
"401","2171907401","Governor - DEM","Michael Bennet",583,242,8,0
"401","2171907401","Secretary of State - DEM","Amanda Gonzalez",583,298,45,0
"401","2171907401","Secretary of State - DEM","Jessie Danielson",583,240,45,0
"401","2171907401","State Treasurer - DEM","Jeff Bridges",583,470,113,0
"401","2171907401","Attorney General - DEM","Jena Griswold",583,170,14,0
"401","2171907401","Attorney General - DEM","David Seligman",583,129,14,0
"401","2171907401","Attorney General - DEM","Michael Dougherty",583,198,14,0
"401","2171907401","Attorney General - DEM","Hetal Doshi",583,72,14,0
"401","2171907401","Regent of the University of Colorado - Congressional District 2 - DEM","Kubs Lalchandani",583,160,97,0
"401","2171907401","Regent of the University of Colorado - Congressional District 2 - DEM","Edie Hooton",583,198,97,0
"401","2171907401","Regent of the University of Colorado - Congressional District 2 - DEM","Murray Smith",583,128,97,0
"401","2171907401","State Senator - District 17 - DEM","Katie Wallace",583,461,122,0
"401","2171907401","State Representative - District 19 - DEM","Anil Pesaramelli",583,253,33,0
"401","2171907401","State Representative - District 19 - DEM","Jillaire McMillan",583,207,33,0
"401","2171907401","State Representative - District 19 - DEM","Colton Jonjak Plahn",583,90,33,0
"401","2171907401","Boulder County Commissioner - District 3 - DEM","Ashley Stolzmann",583,429,154,0
"401","2171907401","Boulder County Clerk and Recorder - DEM","Molly Fitzpatrick",583,433,150,0
"401","2171907401","Boulder County Treasurer - DEM","Jenn Kaaoush",583,218,100,0
"401","2171907401","Boulder County Treasurer - DEM","Rachel Friend",583,265,100,0
"401","2171907401","Boulder County Assessor - DEM","Cynthia Braddock",583,429,154,0
"401","2171907401","Boulder County Sheriff - DEM","Curtis Johnson",583,435,148,0
"401","2171907401","Boulder County Surveyor - DEM","Kayce D. W. Keane",583,428,155,0
"401","2171907401","Boulder County Coroner - DEM","Jeff Martin",583,430,153,0
"401","2171907401","United States Senator - REP","Mark Baisley",134,100,34,0
"401","2171907401","Representative to the 120th United States Congress - District 2 - REP","Kelley Anne Dennison",134,77,14,1
"401","2171907401","Representative to the 120th United States Congress - District 2 - REP","Christina Blunt (Ducommun)",134,42,14,1
"401","2171907401","Governor - REP","Scott Bottoms",134,19,1,0
"401","2171907401","Governor - REP","Victor Marx",134,41,1,0
"401","2171907401","Governor - REP","Barb Kirkmeyer",134,73,1,0
"401","2171907401","Governor - REP","Kelvin ""K-Man"" Wimberly (Write-in Candidate)",134,0,1,0
"401","2171907401","Secretary of State - REP","James Wiley",134,100,34,0
"401","2171907401","State Treasurer - REP","Kevin Grantham",134,103,31,0
"401","2171907401","Attorney General - REP","Michael J. Allen",134,66,11,0
"401","2171907401","Attorney General - REP","David Willson",134,57,11,0
"401","2171907401","Regent of the University of Colorado - Congressional District 2 - REP","Marty Neilson",134,99,35,0
"401","2171907401","State Senator - District 17 - REP","Pat Miller",134,98,36,0
"401","2171907401","State Representative - District 19 - REP","Dan Woog",134,111,23,0
"401","2171907401","Boulder County Commissioner - District 3 - REP","There are no candidates for this office",134,0,134,0
"401","2171907401","Boulder County Clerk and Recorder - REP","There are no candidates for this office",134,0,134,0
"401","2171907401","Boulder County Treasurer - REP","There are no candidates for this office",134,0,134,0
"401","2171907401","Boulder County Assessor - REP","There are no candidates for this office",134,0,134,0
"401","2171907401","Boulder County Sheriff - REP","There are no candidates for this office",134,0,134,0
"401","2171907401","Boulder County Surveyor - REP","There are no candidates for this office",134,0,134,0
"401","2171907401","Boulder County Coroner - REP","There are no candidates for this office",134,0,134,0
"401","2171907401","Governor - UNI","Paul Noël Fiorino",0,0,0,0
"401","2171907401","Governor - UNI","Jeff Peckman",0,0,0,0
"402","2171907402","United States Senator - DEM","Julie Gonzales",583,273,10,0
"402","2171907402","United States Senator - DEM","John Hickenlooper",583,300,10,0
"402","2171907402","Representative to the 120th United States Congress - District 2 - DEM","Joe Neguse",583,522,61,0
"402","2171907402","Governor - DEM","Phil Weiser",583,344,5,0
"402","2171907402","Governor - DEM","Michael Bennet",583,234,5,0
"402","2171907402","Secretary of State - DEM","Amanda Gonzalez",583,297,60,0
"402","2171907402","Secretary of State - DEM","Jessie Danielson",583,226,60,0
"402","2171907402","State Treasurer - DEM","Jeff Bridges",583,475,108,0
"402","2171907402","Attorney General - DEM","Jena Griswold",583,186,18,0
"402","2171907402","Attorney General - DEM","David Seligman",583,98,18,0
"402","2171907402","Attorney General - DEM","Michael Dougherty",583,196,18,0
"402","2171907402","Attorney General - DEM","Hetal Doshi",583,85,18,0
"402","2171907402","Regent of the University of Colorado - Congressional District 2 - DEM","Kubs Lalchandani",583,153,102,0
"402","2171907402","Regent of the University of Colorado - Congressional District 2 - DEM","Edie Hooton",583,168,102,0
"402","2171907402","Regent of the University of Colorado - Congressional District 2 - DEM","Murray Smith",583,160,102,0
"402","2171907402","State Senator - District 17 - DEM","Katie Wallace",583,464,119,0
"402","2171907402","State Representative - District 19 - DEM","Anil Pesaramelli",583,257,28,0
"402","2171907402","State Representative - District 19 - DEM","Jillaire McMillan",583,224,28,0
"402","2171907402","State Representative - District 19 - DEM","Colton Jonjak Plahn",583,74,28,0
"402","2171907402","Boulder County Commissioner - District 3 - DEM","Ashley Stolzmann",583,433,150,0
"402","2171907402","Boulder County Clerk and Recorder - DEM","Molly Fitzpatrick",583,437,146,0
"402","2171907402","Boulder County Treasurer - DEM","Jenn Kaaoush",583,217,104,0
"402","2171907402","Boulder County Treasurer - DEM","Rachel Friend",583,262,104,0
"402","2171907402","Boulder County Assessor - DEM","Cynthia Braddock",583,428,155,0
"402","2171907402","Boulder County Sheriff - DEM","Curtis Johnson",583,429,154,0
"402","2171907402","Boulder County Surveyor - DEM","Kayce D. W. Keane",583,427,156,0
"402","2171907402","Boulder County Coroner - DEM","Jeff Martin",583,429,154,0
"402","2171907402","Secretary of State - LBR","Sean Vadney",0,0,0,0
"402","2171907402","Secretary of State - LBR","Alex Astley",0,0,0,0
"402","2171907402","United States Senator - REP","Mark Baisley",129,99,30,0
"402","2171907402","Representative to the 120th United States Congress - District 2 - REP","Kelley Anne Dennison",129,74,17,0
"402","2171907402","Representative to the 120th United States Congress - District 2 - REP","Christina Blunt (Ducommun)",129,38,17,0
"402","2171907402","Governor - REP","Scott Bottoms",129,23,5,0
"402","2171907402","Governor - REP","Victor Marx",129,31,5,0
"402","2171907402","Governor - REP","Barb Kirkmeyer",129,70,5,0
"402","2171907402","Governor - REP","Kelvin ""K-Man"" Wimberly (Write-in Candidate)",129,0,5,0
"402","2171907402","Secretary of State - REP","James Wiley",129,94,35,0
"402","2171907402","State Treasurer - REP","Kevin Grantham",129,96,33,0
"402","2171907402","Attorney General - REP","Michael J. Allen",129,77,16,0
"402","2171907402","Attorney General - REP","David Willson",129,36,16,0
"402","2171907402","Regent of the University of Colorado - Congressional District 2 - REP","Marty Neilson",129,93,36,0
"402","2171907402","State Senator - District 17 - REP","Pat Miller",129,97,32,0
"402","2171907402","State Representative - District 19 - REP","Dan Woog",129,104,25,0
"402","2171907402","Boulder County Commissioner - District 3 - REP","There are no candidates for this office",129,0,129,0
"402","2171907402","Boulder County Clerk and Recorder - REP","There are no candidates for this office",129,0,129,0
"402","2171907402","Boulder County Treasurer - REP","There are no candidates for this office",129,0,129,0
"402","2171907402","Boulder County Assessor - REP","There are no candidates for this office",129,0,129,0
"402","2171907402","Boulder County Sheriff - REP","There are no candidates for this office",129,0,129,0
"402","2171907402","Boulder County Surveyor - REP","There are no candidates for this office",129,0,129,0
"402","2171907402","Boulder County Coroner - REP","There are no candidates for this office",129,0,129,0
"402","2171907402","Governor - UNI","Paul Noël Fiorino",0,0,0,0
"402","2171907402","Governor - UNI","Jeff Peckman",0,0,0,0
"403","2171907403","United States Senator - DEM","Julie Gonzales",568,249,4,0
"403","2171907403","United States Senator - DEM","John Hickenlooper",568,315,4,0
"403","2171907403","Representative to the 120th United States Congress - District 2 - DEM","Joe Neguse",568,507,61,0
"403","2171907403","Governor - DEM","Phil Weiser",568,343,4,0
"403","2171907403","Governor - DEM","Michael Bennet",568,221,4,0
"403","2171907403","Secretary of State - DEM","Amanda Gonzalez",568,313,47,0
"403","2171907403","Secretary of State - DEM","Jessie Danielson",568,208,47,0
"403","2171907403","State Treasurer - DEM","Jeff Bridges",568,468,100,0
"403","2171907403","Attorney General - DEM","Jena Griswold",568,188,18,0
"403","2171907403","Attorney General - DEM","David Seligman",568,97,18,0
"403","2171907403","Attorney General - DEM","Michael Dougherty",568,192,18,0
"403","2171907403","Attorney General - DEM","Hetal Doshi",568,73,18,0
"403","2171907403","Regent of the University of Colorado - Congressional District 2 - DEM","Kubs Lalchandani",568,119,86,0
"403","2171907403","Regent of the University of Colorado - Congressional District 2 - DEM","Edie Hooton",568,192,86,0
"403","2171907403","Regent of the University of Colorado - Congressional District 2 - DEM","Murray Smith",568,171,86,0
"403","2171907403","State Senator - District 17 - DEM","Katie Wallace",568,455,113,0
"403","2171907403","State Representative - District 19 - DEM","Anil Pesaramelli",568,247,39,0
"403","2171907403","State Representative - District 19 - DEM","Jillaire McMillan",568,205,39,0
"403","2171907403","State Representative - District 19 - DEM","Colton Jonjak Plahn",568,77,39,0
"403","2171907403","Boulder County Commissioner - District 3 - DEM","Ashley Stolzmann",568,429,139,0
"403","2171907403","Boulder County Clerk and Recorder - DEM","Molly Fitzpatrick",568,438,130,0
"403","2171907403","Boulder County Treasurer - DEM","Jenn Kaaoush",568,212,93,0
"403","2171907403","Boulder County Treasurer - DEM","Rachel Friend",568,263,93,0
"403","2171907403","Boulder County Assessor - DEM","Cynthia Braddock",568,429,139,0
"403","2171907403","Boulder County Sheriff - DEM","Curtis Johnson",568,431,137,0
"403","2171907403","Boulder County Surveyor - DEM","Kayce D. W. Keane",568,427,141,0
"403","2171907403","Boulder County Coroner - DEM","Jeff Martin",568,431,137,0
"403","2171907403","United States Senator - REP","Mark Baisley",121,105,16,0
"403","2171907403","Representative to the 120th United States Congress - District 2 - REP","Kelley Anne Dennison",121,50,23,0
"403","2171907403","Representative to the 120th United States Congress - District 2 - REP","Christina Blunt (Ducommun)",121,48,23,0
"403","2171907403","Governor - REP","Scott Bottoms",121,17,1,0
"403","2171907403","Governor - REP","Victor Marx",121,45,1,0
"403","2171907403","Governor - REP","Barb Kirkmeyer",121,58,1,0
"403","2171907403","Governor - REP","Kelvin ""K-Man"" Wimberly (Write-in Candidate)",121,0,1,0
"403","2171907403","Secretary of State - REP","James Wiley",121,103,18,0
"403","2171907403","State Treasurer - REP","Kevin Grantham",121,102,19,0
"403","2171907403","Attorney General - REP","Michael J. Allen",121,65,14,0
"403","2171907403","Attorney General - REP","David Willson",121,42,14,0
"403","2171907403","Regent of the University of Colorado - Congressional District 2 - REP","Marty Neilson",121,98,23,0
"403","2171907403","State Senator - District 17 - REP","Pat Miller",121,97,24,0
"403","2171907403","State Representative - District 19 - REP","Dan Woog",121,102,19,0
"403","2171907403","Boulder County Commissioner - District 3 - REP","There are no candidates for this office",121,0,121,0
"403","2171907403","Boulder County Clerk and Recorder - REP","There are no candidates for this office",121,0,121,0
"403","2171907403","Boulder County Treasurer - REP","There are no candidates for this office",121,0,121,0
"403","2171907403","Boulder County Assessor - REP","There are no candidates for this office",121,0,121,0
"403","2171907403","Boulder County Sheriff - REP","There are no candidates for this office",121,0,121,0
"403","2171907403","Boulder County Surveyor - REP","There are no candidates for this office",121,0,121,0
"403","2171907403","Boulder County Coroner - REP","There are no candidates for this office",121,0,121,0
"403","2171907403","Governor - UNI","Paul Noël Fiorino",0,0,0,0
"403","2171907403","Governor - UNI","Jeff Peckman",0,0,0,0
"404","2171907404","United States Senator - DEM","Julie Gonzales",599,336,5,0
"404","2171907404","United States Senator - DEM","John Hickenlooper",599,258,5,0
"404","2171907404","Representative to the 120th United States Congress - District 2 - DEM","Joe Neguse",599,544,55,0
"404","2171907404","Governor - DEM","Phil Weiser",599,391,8,0
"404","2171907404","Governor - DEM","Michael Bennet",599,200,8,0
"404","2171907404","Secretary of State - DEM","Amanda Gonzalez",599,331,61,0
"404","2171907404","Secretary of State - DEM","Jessie Danielson",599,207,61,0
"404","2171907404","State Treasurer - DEM","Jeff Bridges",599,492,107,0
"404","2171907404","Attorney General - DEM","Jena Griswold",599,191,18,0
"404","2171907404","Attorney General - DEM","David Seligman",599,121,18,0
"404","2171907404","Attorney General - DEM","Michael Dougherty",599,163,18,0
"404","2171907404","Attorney General - DEM","Hetal Doshi",599,106,18,0
"404","2171907404","Regent of the University of Colorado - Congressional District 2 - DEM","Kubs Lalchandani",599,168,99,0
"404","2171907404","Regent of the University of Colorado - Congressional District 2 - DEM","Edie Hooton",599,190,99,0
"404","2171907404","Regent of the University of Colorado - Congressional District 2 - DEM","Murray Smith",599,142,99,0
"404","2171907404","State Senator - District 17 - DEM","Katie Wallace",599,478,121,0
"404","2171907404","State Representative - District 19 - DEM","Anil Pesaramelli",599,280,34,1
"404","2171907404","State Representative - District 19 - DEM","Jillaire McMillan",599,194,34,1
"404","2171907404","State Representative - District 19 - DEM","Colton Jonjak Plahn",599,90,34,1
"404","2171907404","Boulder County Commissioner - District 3 - DEM","Ashley Stolzmann",599,433,166,0
"404","2171907404","Boulder County Clerk and Recorder - DEM","Molly Fitzpatrick",599,448,151,0
"404","2171907404","Boulder County Treasurer - DEM","Jenn Kaaoush",599,242,113,3
"404","2171907404","Boulder County Treasurer - DEM","Rachel Friend",599,241,113,3
"404","2171907404","Boulder County Assessor - DEM","Cynthia Braddock",599,431,168,0
"404","2171907404","Boulder County Sheriff - DEM","Curtis Johnson",599,433,166,0
"404","2171907404","Boulder County Surveyor - DEM","Kayce D. W. Keane",599,430,169,0
"404","2171907404","Boulder County Coroner - DEM","Jeff Martin",599,432,167,0
"404","2171907404","United States Senator - REP","Mark Baisley",172,139,33,0
"404","2171907404","Representative to the 120th United States Congress - District 2 - REP","Kelley Anne Dennison",172,87,25,0
"404","2171907404","Representative to the 120th United States Congress - District 2 - REP","Christina Blunt (Ducommun)",172,60,25,0
"404","2171907404","Governor - REP","Scott Bottoms",172,28,3,0
"404","2171907404","Governor - REP","Victor Marx",172,67,3,0
"404","2171907404","Governor - REP","Barb Kirkmeyer",172,74,3,0
"404","2171907404","Governor - REP","Kelvin ""K-Man"" Wimberly (Write-in Candidate)",172,0,3,0
"404","2171907404","Secretary of State - REP","James Wiley",172,136,36,0
"404","2171907404","State Treasurer - REP","Kevin Grantham",172,137,35,0
"404","2171907404","Attorney General - REP","Michael J. Allen",172,86,20,0
"404","2171907404","Attorney General - REP","David Willson",172,66,20,0
"404","2171907404","Regent of the University of Colorado - Congressional District 2 - REP","Marty Neilson",172,133,39,0
"404","2171907404","State Senator - District 17 - REP","Pat Miller",172,132,40,0
"404","2171907404","State Representative - District 19 - REP","Dan Woog",172,139,33,0
"404","2171907404","Boulder County Commissioner - District 3 - REP","There are no candidates for this office",172,0,172,0
"404","2171907404","Boulder County Clerk and Recorder - REP","There are no candidates for this office",172,0,172,0
"404","2171907404","Boulder County Treasurer - REP","There are no candidates for this office",172,0,172,0
"404","2171907404","Boulder County Assessor - REP","There are no candidates for this office",172,0,172,0
"404","2171907404","Boulder County Sheriff - REP","There are no candidates for this office",172,0,172,0
"404","2171907404","Boulder County Surveyor - REP","There are no candidates for this office",172,0,172,0
"404","2171907404","Boulder County Coroner - REP","There are no candidates for this office",172,0,172,0
"404","2171907404","Governor - UNI","Paul Noël Fiorino",0,0,0,0
"404","2171907404","Governor - UNI","Jeff Peckman",0,0,0,0
"405","2171907405","United States Senator - DEM","Julie Gonzales",467,202,9,0
"405","2171907405","United States Senator - DEM","John Hickenlooper",467,256,9,0
"405","2171907405","Representative to the 120th United States Congress - District 2 - DEM","Joe Neguse",467,413,54,0
"405","2171907405","Governor - DEM","Phil Weiser",467,244,9,0
"405","2171907405","Governor - DEM","Michael Bennet",467,214,9,0
"405","2171907405","Secretary of State - DEM","Amanda Gonzalez",467,220,67,0
"405","2171907405","Secretary of State - DEM","Jessie Danielson",467,180,67,0
"405","2171907405","State Treasurer - DEM","Jeff Bridges",467,370,97,0
"405","2171907405","Attorney General - DEM","Jena Griswold",467,172,23,0
"405","2171907405","Attorney General - DEM","David Seligman",467,64,23,0
"405","2171907405","Attorney General - DEM","Michael Dougherty",467,153,23,0
"405","2171907405","Attorney General - DEM","Hetal Doshi",467,55,23,0
"405","2171907405","Regent of the University of Colorado - Congressional District 2 - DEM","Kubs Lalchandani",467,121,89,0
"405","2171907405","Regent of the University of Colorado - Congressional District 2 - DEM","Edie Hooton",467,145,89,0
"405","2171907405","Regent of the University of Colorado - Congressional District 2 - DEM","Murray Smith",467,112,89,0
"405","2171907405","State Senator - District 17 - DEM","Katie Wallace",467,356,111,0
"405","2171907405","State Representative - District 19 - DEM","Anil Pesaramelli",467,205,33,0
"405","2171907405","State Representative - District 19 - DEM","Jillaire McMillan",467,159,33,0
"405","2171907405","State Representative - District 19 - DEM","Colton Jonjak Plahn",467,70,33,0
"405","2171907405","Boulder County Commissioner - District 3 - DEM","Ashley Stolzmann",467,329,138,0
"405","2171907405","Boulder County Clerk and Recorder - DEM","Molly Fitzpatrick",467,337,130,0
"405","2171907405","Boulder County Treasurer - DEM","Jenn Kaaoush",467,158,80,0
"405","2171907405","Boulder County Treasurer - DEM","Rachel Friend",467,229,80,0
"405","2171907405","Boulder County Assessor - DEM","Cynthia Braddock",467,328,139,0
"405","2171907405","Boulder County Sheriff - DEM","Curtis Johnson",467,328,139,0
"405","2171907405","Boulder County Surveyor - DEM","Kayce D. W. Keane",467,327,140,0
"405","2171907405","Boulder County Coroner - DEM","Jeff Martin",467,327,140,0
"405","2171907405","United States Senator - REP","Mark Baisley",163,136,27,0
"405","2171907405","Representative to the 120th United States Congress - District 2 - REP","Kelley Anne Dennison",163,92,17,0
"405","2171907405","Representative to the 120th United States Congress - District 2 - REP","Christina Blunt (Ducommun)",163,54,17,0
"405","2171907405","Governor - REP","Scott Bottoms",163,26,3,0
"405","2171907405","Governor - REP","Victor Marx",163,51,3,0
"405","2171907405","Governor - REP","Barb Kirkmeyer",163,83,3,0
"405","2171907405","Governor - REP","Kelvin ""K-Man"" Wimberly (Write-in Candidate)",163,0,3,0
"405","2171907405","Secretary of State - REP","James Wiley",163,134,29,0
"405","2171907405","State Treasurer - REP","Kevin Grantham",163,135,28,0
"405","2171907405","Attorney General - REP","Michael J. Allen",163,85,13,0
"405","2171907405","Attorney General - REP","David Willson",163,65,13,0
"405","2171907405","Regent of the University of Colorado - Congressional District 2 - REP","Marty Neilson",163,130,33,0
"405","2171907405","State Senator - District 17 - REP","Pat Miller",163,131,32,0
"405","2171907405","State Representative - District 19 - REP","Dan Woog",163,139,24,0
"405","2171907405","Boulder County Commissioner - District 3 - REP","There are no candidates for this office",163,0,163,0
"405","2171907405","Boulder County Clerk and Recorder - REP","There are no candidates for this office",163,0,163,0
"405","2171907405","Boulder County Treasurer - REP","There are no candidates for this office",163,0,163,0
"405","2171907405","Boulder County Assessor - REP","There are no candidates for this office",163,0,163,0
"405","2171907405","Boulder County Sheriff - REP","There are no candidates for this office",163,0,163,0
"405","2171907405","Boulder County Surveyor - REP","There are no candidates for this office",163,0,163,0
"405","2171907405","Boulder County Coroner - REP","There are no candidates for this office",163,0,163,0
"405","2171907405","Governor - UNI","Paul Noël Fiorino",0,0,0,0
"405","2171907405","Governor - UNI","Jeff Peckman",0,0,0,0
"406","2171907406","United States Senator - DEM","Julie Gonzales",534,228,5,0
"406","2171907406","United States Senator - DEM","John Hickenlooper",534,301,5,0
"406","2171907406","Representative to the 120th United States Congress - District 2 - DEM","Joe Neguse",534,460,74,0
"406","2171907406","Governor - DEM","Phil Weiser",534,332,11,0
"406","2171907406","Governor - DEM","Michael Bennet",534,191,11,0
"406","2171907406","Secretary of State - DEM","Amanda Gonzalez",534,281,71,0
"406","2171907406","Secretary of State - DEM","Jessie Danielson",534,182,71,0
"406","2171907406","State Treasurer - DEM","Jeff Bridges",534,415,119,0
"406","2171907406","Attorney General - DEM","Jena Griswold",534,192,13,0
"406","2171907406","Attorney General - DEM","David Seligman",534,85,13,0
"406","2171907406","Attorney General - DEM","Michael Dougherty",534,166,13,0
"406","2171907406","Attorney General - DEM","Hetal Doshi",534,78,13,0
"406","2171907406","Regent of the University of Colorado - Congressional District 2 - DEM","Kubs Lalchandani",534,129,109,1
"406","2171907406","Regent of the University of Colorado - Congressional District 2 - DEM","Edie Hooton",534,174,109,1
"406","2171907406","Regent of the University of Colorado - Congressional District 2 - DEM","Murray Smith",534,121,109,1
"406","2171907406","State Senator - District 17 - DEM","Katie Wallace",534,411,123,0
"406","2171907406","State Representative - District 19 - DEM","Anil Pesaramelli",534,202,40,0
"406","2171907406","State Representative - District 19 - DEM","Jillaire McMillan",534,222,40,0
"406","2171907406","State Representative - District 19 - DEM","Colton Jonjak Plahn",534,70,40,0
"406","2171907406","Boulder County Commissioner - District 3 - DEM","Ashley Stolzmann",534,382,152,0
"406","2171907406","Boulder County Clerk and Recorder - DEM","Molly Fitzpatrick",534,388,146,0
"406","2171907406","Boulder County Treasurer - DEM","Jenn Kaaoush",534,182,110,3
"406","2171907406","Boulder County Treasurer - DEM","Rachel Friend",534,239,110,3
"406","2171907406","Boulder County Assessor - DEM","Cynthia Braddock",534,383,151,0
"406","2171907406","Boulder County Sheriff - DEM","Curtis Johnson",534,384,150,0
"406","2171907406","Boulder County Surveyor - DEM","Kayce D. W. Keane",534,382,152,0
"406","2171907406","Boulder County Coroner - DEM","Jeff Martin",534,381,153,0
"406","2171907406","United States Senator - REP","Mark Baisley",169,139,30,0
"406","2171907406","Representative to the 120th United States Congress - District 2 - REP","Kelley Anne Dennison",169,73,25,0
"406","2171907406","Representative to the 120th United States Congress - District 2 - REP","Christina Blunt (Ducommun)",169,71,25,0
"406","2171907406","Governor - REP","Scott Bottoms",169,35,3,0
"406","2171907406","Governor - REP","Victor Marx",169,57,3,0
"406","2171907406","Governor - REP","Barb Kirkmeyer",169,74,3,0
"406","2171907406","Governor - REP","Kelvin ""K-Man"" Wimberly (Write-in Candidate)",169,0,3,0
"406","2171907406","Secretary of State - REP","James Wiley",169,136,33,0
"406","2171907406","State Treasurer - REP","Kevin Grantham",169,137,32,0
"406","2171907406","Attorney General - REP","Michael J. Allen",169,71,13,0
"406","2171907406","Attorney General - REP","David Willson",169,85,13,0
"406","2171907406","Regent of the University of Colorado - Congressional District 2 - REP","Marty Neilson",169,134,35,0
"406","2171907406","State Senator - District 17 - REP","Pat Miller",169,136,33,0
"406","2171907406","State Representative - District 19 - REP","Dan Woog",169,142,27,0
"406","2171907406","Boulder County Commissioner - District 3 - REP","There are no candidates for this office",169,0,169,0
"406","2171907406","Boulder County Clerk and Recorder - REP","There are no candidates for this office",169,0,169,0
"406","2171907406","Boulder County Treasurer - REP","There are no candidates for this office",169,0,169,0
"406","2171907406","Boulder County Assessor - REP","There are no candidates for this office",169,0,169,0
"406","2171907406","Boulder County Sheriff - REP","There are no candidates for this office",169,0,169,0
"406","2171907406","Boulder County Surveyor - REP","There are no candidates for this office",169,0,169,0
"406","2171907406","Boulder County Coroner - REP","There are no candidates for this office",169,0,169,0
"406","2171907406","Governor - UNI","Paul Noël Fiorino",0,0,0,0
"406","2171907406","Governor - UNI","Jeff Peckman",0,0,0,0
"407","2171907407","United States Senator - DEM","Julie Gonzales",144,59,1,0
"407","2171907407","United States Senator - DEM","John Hickenlooper",144,84,1,0
"407","2171907407","Representative to the 120th United States Congress - District 2 - DEM","Joe Neguse",144,119,25,0
"407","2171907407","Governor - DEM","Phil Weiser",144,87,3,0
"407","2171907407","Governor - DEM","Michael Bennet",144,54,3,0
"407","2171907407","Secretary of State - DEM","Amanda Gonzalez",144,75,19,0
"407","2171907407","Secretary of State - DEM","Jessie Danielson",144,50,19,0
"407","2171907407","State Treasurer - DEM","Jeff Bridges",144,110,34,0
"407","2171907407","Attorney General - DEM","Jena Griswold",144,54,10,0
"407","2171907407","Attorney General - DEM","David Seligman",144,18,10,0
"407","2171907407","Attorney General - DEM","Michael Dougherty",144,44,10,0
"407","2171907407","Attorney General - DEM","Hetal Doshi",144,18,10,0
"407","2171907407","Regent of the University of Colorado - Congressional District 2 - DEM","Kubs Lalchandani",144,47,28,0
"407","2171907407","Regent of the University of Colorado - Congressional District 2 - DEM","Edie Hooton",144,42,28,0
"407","2171907407","Regent of the University of Colorado - Congressional District 2 - DEM","Murray Smith",144,27,28,0
"407","2171907407","State Senator - District 17 - DEM","Katie Wallace",144,105,39,0
"407","2171907407","State Representative - District 19 - DEM","Anil Pesaramelli",144,35,12,0
"407","2171907407","State Representative - District 19 - DEM","Jillaire McMillan",144,65,12,0
"407","2171907407","State Representative - District 19 - DEM","Colton Jonjak Plahn",144,32,12,0
"407","2171907407","Boulder County Commissioner - District 3 - DEM","Ashley Stolzmann",144,100,44,0
"407","2171907407","Boulder County Clerk and Recorder - DEM","Molly Fitzpatrick",144,106,38,0
"407","2171907407","Boulder County Treasurer - DEM","Jenn Kaaoush",144,52,31,0
"407","2171907407","Boulder County Treasurer - DEM","Rachel Friend",144,61,31,0
"407","2171907407","Boulder County Assessor - DEM","Cynthia Braddock",144,99,45,0
"407","2171907407","Boulder County Sheriff - DEM","Curtis Johnson",144,100,44,0
"407","2171907407","Boulder County Surveyor - DEM","Kayce D. W. Keane",144,97,47,0
"407","2171907407","Boulder County Coroner - DEM","Jeff Martin",144,99,45,0
"407","2171907407","United States Senator - REP","Mark Baisley",63,45,18,0
"407","2171907407","Representative to the 120th United States Congress - District 2 - REP","Kelley Anne Dennison",63,36,14,0
"407","2171907407","Representative to the 120th United States Congress - District 2 - REP","Christina Blunt (Ducommun)",63,13,14,0
"407","2171907407","Governor - REP","Scott Bottoms",63,9,0,0
"407","2171907407","Governor - REP","Victor Marx",63,19,0,0
"407","2171907407","Governor - REP","Barb Kirkmeyer",63,35,0,0
"407","2171907407","Governor - REP","Kelvin ""K-Man"" Wimberly (Write-in Candidate)",63,0,0,0
"407","2171907407","Secretary of State - REP","James Wiley",63,46,17,0
"407","2171907407","State Treasurer - REP","Kevin Grantham",63,45,18,0
"407","2171907407","Attorney General - REP","Michael J. Allen",63,21,18,0
"407","2171907407","Attorney General - REP","David Willson",63,24,18,0
"407","2171907407","Regent of the University of Colorado - Congressional District 2 - REP","Marty Neilson",63,41,22,0
"407","2171907407","State Senator - District 17 - REP","Pat Miller",63,42,21,0
"407","2171907407","State Representative - District 19 - REP","Dan Woog",63,46,17,0
"407","2171907407","Boulder County Commissioner - District 3 - REP","There are no candidates for this office",63,0,63,0
"407","2171907407","Boulder County Clerk and Recorder - REP","There are no candidates for this office",63,0,63,0
"407","2171907407","Boulder County Treasurer - REP","There are no candidates for this office",63,0,63,0
"407","2171907407","Boulder County Assessor - REP","There are no candidates for this office",63,0,63,0
"407","2171907407","Boulder County Sheriff - REP","There are no candidates for this office",63,0,63,0
"407","2171907407","Boulder County Surveyor - REP","There are no candidates for this office",63,0,63,0
"407","2171907407","Boulder County Coroner - REP","There are no candidates for this office",63,0,63,0
"407","2171907407","Governor - UNI","Paul Noël Fiorino",0,0,0,0
"407","2171907407","Governor - UNI","Jeff Peckman",0,0,0,0
"408","2171907408","United States Senator - DEM","Julie Gonzales",169,66,0,0
"408","2171907408","United States Senator - DEM","John Hickenlooper",169,103,0,0
"408","2171907408","Representative to the 120th United States Congress - District 2 - DEM","Joe Neguse",169,145,24,0
"408","2171907408","Governor - DEM","Phil Weiser",169,103,5,0
"408","2171907408","Governor - DEM","Michael Bennet",169,61,5,0
"408","2171907408","Secretary of State - DEM","Amanda Gonzalez",169,84,26,0
"408","2171907408","Secretary of State - DEM","Jessie Danielson",169,59,26,0
"408","2171907408","State Treasurer - DEM","Jeff Bridges",169,126,43,0
"408","2171907408","Attorney General - DEM","Jena Griswold",169,63,3,0
"408","2171907408","Attorney General - DEM","David Seligman",169,27,3,0
"408","2171907408","Attorney General - DEM","Michael Dougherty",169,60,3,0
"408","2171907408","Attorney General - DEM","Hetal Doshi",169,16,3,0
"408","2171907408","Regent of the University of Colorado - Congressional District 2 - DEM","Kubs Lalchandani",169,37,41,0
"408","2171907408","Regent of the University of Colorado - Congressional District 2 - DEM","Edie Hooton",169,61,41,0
"408","2171907408","Regent of the University of Colorado - Congressional District 2 - DEM","Murray Smith",169,30,41,0
"408","2171907408","State Senator - District 17 - DEM","Katie Wallace",169,120,49,0
"408","2171907408","State Representative - District 19 - DEM","Anil Pesaramelli",169,30,29,0
"408","2171907408","State Representative - District 19 - DEM","Jillaire McMillan",169,77,29,0
"408","2171907408","State Representative - District 19 - DEM","Colton Jonjak Plahn",169,33,29,0
"408","2171907408","Boulder County Commissioner - District 3 - DEM","Ashley Stolzmann",169,109,60,0
"408","2171907408","Boulder County Clerk and Recorder - DEM","Molly Fitzpatrick",169,114,55,0
"408","2171907408","Boulder County Treasurer - DEM","Jenn Kaaoush",169,57,42,0
"408","2171907408","Boulder County Treasurer - DEM","Rachel Friend",169,70,42,0
"408","2171907408","Boulder County Assessor - DEM","Cynthia Braddock",169,107,62,0
"408","2171907408","Boulder County Sheriff - DEM","Curtis Johnson",169,110,59,0
"408","2171907408","Boulder County Surveyor - DEM","Kayce D. W. Keane",169,111,58,0
"408","2171907408","Boulder County Coroner - DEM","Jeff Martin",169,111,58,0
"408","2171907408","Secretary of State - LBR","Sean Vadney",0,0,0,0
"408","2171907408","Secretary of State - LBR","Alex Astley",0,0,0,0
"408","2171907408","United States Senator - REP","Mark Baisley",72,59,13,0
"408","2171907408","Representative to the 120th United States Congress - District 2 - REP","Kelley Anne Dennison",72,40,10,0
"408","2171907408","Representative to the 120th United States Congress - District 2 - REP","Christina Blunt (Ducommun)",72,22,10,0
"408","2171907408","Governor - REP","Scott Bottoms",72,7,1,0
"408","2171907408","Governor - REP","Victor Marx",72,31,1,0
"408","2171907408","Governor - REP","Barb Kirkmeyer",72,33,1,0
"408","2171907408","Governor - REP","Kelvin ""K-Man"" Wimberly (Write-in Candidate)",72,0,1,0
"408","2171907408","Secretary of State - REP","James Wiley",72,58,14,0
"408","2171907408","State Treasurer - REP","Kevin Grantham",72,57,15,0
"408","2171907408","Attorney General - REP","Michael J. Allen",72,38,10,0
"408","2171907408","Attorney General - REP","David Willson",72,24,10,0
"408","2171907408","Regent of the University of Colorado - Congressional District 2 - REP","Marty Neilson",72,56,16,0
"408","2171907408","State Senator - District 17 - REP","Pat Miller",72,57,15,0
"408","2171907408","State Representative - District 19 - REP","Dan Woog",72,58,14,0
"408","2171907408","Boulder County Commissioner - District 3 - REP","There are no candidates for this office",72,0,72,0
"408","2171907408","Boulder County Clerk and Recorder - REP","There are no candidates for this office",72,0,72,0
"408","2171907408","Boulder County Treasurer - REP","There are no candidates for this office",72,0,72,0
"408","2171907408","Boulder County Assessor - REP","There are no candidates for this office",72,0,72,0
"408","2171907408","Boulder County Sheriff - REP","There are no candidates for this office",72,0,72,0
"408","2171907408","Boulder County Surveyor - REP","There are no candidates for this office",72,0,72,0
"408","2171907408","Boulder County Coroner - REP","There are no candidates for this office",72,0,72,0
"408","2171907408","Governor - UNI","Paul Noël Fiorino",0,0,0,0
"408","2171907408","Governor - UNI","Jeff Peckman",0,0,0,0
"500","2181207500","United States Senator - DEM","Julie Gonzales",502,153,6,0
"500","2181207500","United States Senator - DEM","John Hickenlooper",502,343,6,0
"500","2181207500","Representative to the 120th United States Congress - District 2 - DEM","Joe Neguse",502,438,64,0
"500","2181207500","Governor - DEM","Phil Weiser",502,299,14,0
"500","2181207500","Governor - DEM","Michael Bennet",502,189,14,0
"500","2181207500","Secretary of State - DEM","Amanda Gonzalez",502,228,97,0
"500","2181207500","Secretary of State - DEM","Jessie Danielson",502,177,97,0
"500","2181207500","State Treasurer - DEM","Jeff Bridges",502,372,130,0
"500","2181207500","Attorney General - DEM","Jena Griswold",502,158,19,0
"500","2181207500","Attorney General - DEM","David Seligman",502,43,19,0
"500","2181207500","Attorney General - DEM","Michael Dougherty",502,221,19,0
"500","2181207500","Attorney General - DEM","Hetal Doshi",502,61,19,0
"500","2181207500","Regent of the University of Colorado - Congressional District 2 - DEM","Kubs Lalchandani",502,125,93,0
"500","2181207500","Regent of the University of Colorado - Congressional District 2 - DEM","Edie Hooton",502,211,93,0
"500","2181207500","Regent of the University of Colorado - Congressional District 2 - DEM","Murray Smith",502,73,93,0
"500","2181207500","State Representative - District 12 - DEM","Kyle Brown",502,358,144,0
"500","2181207500","Boulder County Commissioner - District 3 - DEM","Ashley Stolzmann",502,347,155,0
"500","2181207500","Boulder County Clerk and Recorder - DEM","Molly Fitzpatrick",502,368,134,0
"500","2181207500","Boulder County Treasurer - DEM","Jenn Kaaoush",502,141,100,0
"500","2181207500","Boulder County Treasurer - DEM","Rachel Friend",502,261,100,0
"500","2181207500","Boulder County Assessor - DEM","Cynthia Braddock",502,336,166,0
"500","2181207500","Boulder County Sheriff - DEM","Curtis Johnson",502,342,160,0
"500","2181207500","Boulder County Surveyor - DEM","Kayce D. W. Keane",502,335,167,0
"500","2181207500","Boulder County Coroner - DEM","Jeff Martin",502,338,164,0
"500","2181207500","United States Senator - REP","Mark Baisley",101,77,24,0
"500","2181207500","Representative to the 120th United States Congress - District 2 - REP","Kelley Anne Dennison",101,39,24,0
"500","2181207500","Representative to the 120th United States Congress - District 2 - REP","Christina Blunt (Ducommun)",101,38,24,0
"500","2181207500","Governor - REP","Scott Bottoms",101,30,2,0
"500","2181207500","Governor - REP","Victor Marx",101,7,2,0
"500","2181207500","Governor - REP","Barb Kirkmeyer",101,62,2,0
"500","2181207500","Governor - REP","Kelvin ""K-Man"" Wimberly (Write-in Candidate)",101,0,2,0
"500","2181207500","Secretary of State - REP","James Wiley",101,73,28,0
"500","2181207500","State Treasurer - REP","Kevin Grantham",101,74,27,0
"500","2181207500","Attorney General - REP","Michael J. Allen",101,50,10,0
"500","2181207500","Attorney General - REP","David Willson",101,41,10,0
"500","2181207500","Regent of the University of Colorado - Congressional District 2 - REP","Marty Neilson",101,74,27,0
"500","2181207500","State Representative - District 12 - REP","Ryan Rhatigan",101,73,28,0
"500","2181207500","Boulder County Commissioner - District 3 - REP","There are no candidates for this office",101,0,101,0
"500","2181207500","Boulder County Clerk and Recorder - REP","There are no candidates for this office",101,0,101,0
"500","2181207500","Boulder County Treasurer - REP","There are no candidates for this office",101,0,101,0
"500","2181207500","Boulder County Assessor - REP","There are no candidates for this office",101,0,101,0
"500","2181207500","Boulder County Sheriff - REP","There are no candidates for this office",101,0,101,0
"500","2181207500","Boulder County Surveyor - REP","There are no candidates for this office",101,0,101,0
"500","2181207500","Boulder County Coroner - REP","There are no candidates for this office",101,0,101,0
"500","2181207500","Governor - UNI","Paul Noël Fiorino",0,0,0,0
"500","2181207500","Governor - UNI","Jeff Peckman",0,0,0,0
"501","2181207501","United States Senator - DEM","Julie Gonzales",387,142,4,0
"501","2181207501","United States Senator - DEM","John Hickenlooper",387,241,4,0
"501","2181207501","Representative to the 120th United States Congress - District 2 - DEM","Joe Neguse",387,346,41,0
"501","2181207501","Governor - DEM","Phil Weiser",387,241,5,0
"501","2181207501","Governor - DEM","Michael Bennet",387,141,5,0
"501","2181207501","Secretary of State - DEM","Amanda Gonzalez",387,174,69,0
"501","2181207501","Secretary of State - DEM","Jessie Danielson",387,144,69,0
"501","2181207501","State Treasurer - DEM","Jeff Bridges",387,286,101,0
"501","2181207501","Attorney General - DEM","Jena Griswold",387,96,9,0
"501","2181207501","Attorney General - DEM","David Seligman",387,58,9,0
"501","2181207501","Attorney General - DEM","Michael Dougherty",387,188,9,0
"501","2181207501","Attorney General - DEM","Hetal Doshi",387,36,9,0
"501","2181207501","Regent of the University of Colorado - Congressional District 2 - DEM","Kubs Lalchandani",387,85,63,0
"501","2181207501","Regent of the University of Colorado - Congressional District 2 - DEM","Edie Hooton",387,159,63,0
"501","2181207501","Regent of the University of Colorado - Congressional District 2 - DEM","Murray Smith",387,80,63,0
"501","2181207501","State Representative - District 12 - DEM","Kyle Brown",387,268,119,0
"501","2181207501","Boulder County Commissioner - District 3 - DEM","Ashley Stolzmann",387,265,122,0
"501","2181207501","Boulder County Clerk and Recorder - DEM","Molly Fitzpatrick",387,277,110,0
"501","2181207501","Boulder County Treasurer - DEM","Jenn Kaaoush",387,152,70,0
"501","2181207501","Boulder County Treasurer - DEM","Rachel Friend",387,165,70,0
"501","2181207501","Boulder County Assessor - DEM","Cynthia Braddock",387,257,130,0
"501","2181207501","Boulder County Sheriff - DEM","Curtis Johnson",387,262,125,0
"501","2181207501","Boulder County Surveyor - DEM","Kayce D. W. Keane",387,254,133,0
"501","2181207501","Boulder County Coroner - DEM","Jeff Martin",387,259,128,0
"501","2181207501","Secretary of State - LBR","Sean Vadney",0,0,0,0
"501","2181207501","Secretary of State - LBR","Alex Astley",0,0,0,0
"501","2181207501","United States Senator - REP","Mark Baisley",48,34,14,0
"501","2181207501","Representative to the 120th United States Congress - District 2 - REP","Kelley Anne Dennison",48,22,10,0
"501","2181207501","Representative to the 120th United States Congress - District 2 - REP","Christina Blunt (Ducommun)",48,16,10,0
"501","2181207501","Governor - REP","Scott Bottoms",48,8,1,0
"501","2181207501","Governor - REP","Victor Marx",48,12,1,0
"501","2181207501","Governor - REP","Barb Kirkmeyer",48,27,1,0
"501","2181207501","Governor - REP","Kelvin ""K-Man"" Wimberly (Write-in Candidate)",48,0,1,0
"501","2181207501","Secretary of State - REP","James Wiley",48,33,15,0
"501","2181207501","State Treasurer - REP","Kevin Grantham",48,31,17,0
"501","2181207501","Attorney General - REP","Michael J. Allen",48,23,11,0
"501","2181207501","Attorney General - REP","David Willson",48,14,11,0
"501","2181207501","Regent of the University of Colorado - Congressional District 2 - REP","Marty Neilson",48,32,16,0
"501","2181207501","State Representative - District 12 - REP","Ryan Rhatigan",48,31,17,0
"501","2181207501","Boulder County Commissioner - District 3 - REP","There are no candidates for this office",48,0,48,0
"501","2181207501","Boulder County Clerk and Recorder - REP","There are no candidates for this office",48,0,48,0
"501","2181207501","Boulder County Treasurer - REP","There are no candidates for this office",48,0,48,0
"501","2181207501","Boulder County Assessor - REP","There are no candidates for this office",48,0,48,0
"501","2181207501","Boulder County Sheriff - REP","There are no candidates for this office",48,0,48,0
"501","2181207501","Boulder County Surveyor - REP","There are no candidates for this office",48,0,48,0
"501","2181207501","Boulder County Coroner - REP","There are no candidates for this office",48,0,48,0
"501","2181207501","Governor - UNI","Paul Noël Fiorino",0,0,0,0
"501","2181207501","Governor - UNI","Jeff Peckman",0,0,0,0
"502","2181207502","United States Senator - DEM","Julie Gonzales",549,208,9,0
"502","2181207502","United States Senator - DEM","John Hickenlooper",549,332,9,0
"502","2181207502","Representative to the 120th United States Congress - District 2 - DEM","Joe Neguse",549,477,72,0
"502","2181207502","Governor - DEM","Phil Weiser",549,327,13,0
"502","2181207502","Governor - DEM","Michael Bennet",549,209,13,0
"502","2181207502","Secretary of State - DEM","Amanda Gonzalez",549,277,77,0
"502","2181207502","Secretary of State - DEM","Jessie Danielson",549,195,77,0
"502","2181207502","State Treasurer - DEM","Jeff Bridges",549,408,141,0
"502","2181207502","Attorney General - DEM","Jena Griswold",549,167,23,0
"502","2181207502","Attorney General - DEM","David Seligman",549,64,23,0
"502","2181207502","Attorney General - DEM","Michael Dougherty",549,234,23,0
"502","2181207502","Attorney General - DEM","Hetal Doshi",549,61,23,0
"502","2181207502","Regent of the University of Colorado - Congressional District 2 - DEM","Kubs Lalchandani",549,125,117,1
"502","2181207502","Regent of the University of Colorado - Congressional District 2 - DEM","Edie Hooton",549,211,117,1
"502","2181207502","Regent of the University of Colorado - Congressional District 2 - DEM","Murray Smith",549,95,117,1
"502","2181207502","State Representative - District 12 - DEM","Kyle Brown",549,392,157,0
"502","2181207502","Boulder County Commissioner - District 3 - DEM","Ashley Stolzmann",549,387,162,0
"502","2181207502","Boulder County Clerk and Recorder - DEM","Molly Fitzpatrick",549,403,146,0
"502","2181207502","Boulder County Treasurer - DEM","Jenn Kaaoush",549,180,121,0
"502","2181207502","Boulder County Treasurer - DEM","Rachel Friend",549,248,121,0
"502","2181207502","Boulder County Assessor - DEM","Cynthia Braddock",549,367,182,0
"502","2181207502","Boulder County Sheriff - DEM","Curtis Johnson",549,376,173,0
"502","2181207502","Boulder County Surveyor - DEM","Kayce D. W. Keane",549,367,182,0
"502","2181207502","Boulder County Coroner - DEM","Jeff Martin",549,366,183,0
"502","2181207502","United States Senator - REP","Mark Baisley",118,88,30,0
"502","2181207502","Representative to the 120th United States Congress - District 2 - REP","Kelley Anne Dennison",118,65,24,0
"502","2181207502","Representative to the 120th United States Congress - District 2 - REP","Christina Blunt (Ducommun)",118,29,24,0
"502","2181207502","Governor - REP","Scott Bottoms",118,17,3,0
"502","2181207502","Governor - REP","Victor Marx",118,29,3,0
"502","2181207502","Governor - REP","Barb Kirkmeyer",118,69,3,0
"502","2181207502","Governor - REP","Kelvin ""K-Man"" Wimberly (Write-in Candidate)",118,0,3,0
"502","2181207502","Secretary of State - REP","James Wiley",118,87,31,0
"502","2181207502","State Treasurer - REP","Kevin Grantham",118,87,31,0
"502","2181207502","Attorney General - REP","Michael J. Allen",118,53,19,0
"502","2181207502","Attorney General - REP","David Willson",118,46,19,0
"502","2181207502","Regent of the University of Colorado - Congressional District 2 - REP","Marty Neilson",118,85,33,0
"502","2181207502","State Representative - District 12 - REP","Ryan Rhatigan",118,84,34,0
"502","2181207502","Boulder County Commissioner - District 3 - REP","There are no candidates for this office",118,0,118,0
"502","2181207502","Boulder County Clerk and Recorder - REP","There are no candidates for this office",118,0,118,0
"502","2181207502","Boulder County Treasurer - REP","There are no candidates for this office",118,0,118,0
"502","2181207502","Boulder County Assessor - REP","There are no candidates for this office",118,0,118,0
"502","2181207502","Boulder County Sheriff - REP","There are no candidates for this office",118,0,118,0
"502","2181207502","Boulder County Surveyor - REP","There are no candidates for this office",118,0,118,0
"502","2181207502","Boulder County Coroner - REP","There are no candidates for this office",118,0,118,0
"502","2181207502","Governor - UNI","Paul Noël Fiorino",0,0,0,0
"502","2181207502","Governor - UNI","Jeff Peckman",0,0,0,0
"503","2181207503","United States Senator - DEM","Julie Gonzales",172,83,1,0
"503","2181207503","United States Senator - DEM","John Hickenlooper",172,88,1,0
"503","2181207503","Representative to the 120th United States Congress - District 2 - DEM","Joe Neguse",172,151,21,0
"503","2181207503","Governor - DEM","Phil Weiser",172,91,3,0
"503","2181207503","Governor - DEM","Michael Bennet",172,78,3,0
"503","2181207503","Secretary of State - DEM","Amanda Gonzalez",172,98,34,0
"503","2181207503","Secretary of State - DEM","Jessie Danielson",172,40,34,0
"503","2181207503","State Treasurer - DEM","Jeff Bridges",172,121,51,0
"503","2181207503","Attorney General - DEM","Jena Griswold",172,53,3,0
"503","2181207503","Attorney General - DEM","David Seligman",172,35,3,0
"503","2181207503","Attorney General - DEM","Michael Dougherty",172,53,3,0
"503","2181207503","Attorney General - DEM","Hetal Doshi",172,28,3,0
"503","2181207503","Regent of the University of Colorado - Congressional District 2 - DEM","Kubs Lalchandani",172,33,32,0
"503","2181207503","Regent of the University of Colorado - Congressional District 2 - DEM","Edie Hooton",172,66,32,0
"503","2181207503","Regent of the University of Colorado - Congressional District 2 - DEM","Murray Smith",172,41,32,0
"503","2181207503","State Representative - District 12 - DEM","Kyle Brown",172,118,54,0
"503","2181207503","Boulder County Commissioner - District 3 - DEM","Ashley Stolzmann",172,125,47,0
"503","2181207503","Boulder County Clerk and Recorder - DEM","Molly Fitzpatrick",172,125,47,0
"503","2181207503","Boulder County Treasurer - DEM","Jenn Kaaoush",172,60,28,0
"503","2181207503","Boulder County Treasurer - DEM","Rachel Friend",172,84,28,0
"503","2181207503","Boulder County Assessor - DEM","Cynthia Braddock",172,117,55,0
"503","2181207503","Boulder County Sheriff - DEM","Curtis Johnson",172,114,58,0
"503","2181207503","Boulder County Surveyor - DEM","Kayce D. W. Keane",172,114,58,0
"503","2181207503","Boulder County Coroner - DEM","Jeff Martin",172,113,59,0
"503","2181207503","Secretary of State - LBR","Sean Vadney",0,0,0,0
"503","2181207503","Secretary of State - LBR","Alex Astley",0,0,0,0
"503","2181207503","United States Senator - REP","Mark Baisley",26,24,2,0
"503","2181207503","Representative to the 120th United States Congress - District 2 - REP","Kelley Anne Dennison",26,17,2,0
"503","2181207503","Representative to the 120th United States Congress - District 2 - REP","Christina Blunt (Ducommun)",26,7,2,0
"503","2181207503","Governor - REP","Scott Bottoms",26,4,1,0
"503","2181207503","Governor - REP","Victor Marx",26,10,1,0
"503","2181207503","Governor - REP","Barb Kirkmeyer",26,11,1,0
"503","2181207503","Governor - REP","Kelvin ""K-Man"" Wimberly (Write-in Candidate)",26,0,1,0
"503","2181207503","Secretary of State - REP","James Wiley",26,23,3,0
"503","2181207503","State Treasurer - REP","Kevin Grantham",26,23,3,0
"503","2181207503","Attorney General - REP","Michael J. Allen",26,13,2,0
"503","2181207503","Attorney General - REP","David Willson",26,11,2,0
"503","2181207503","Regent of the University of Colorado - Congressional District 2 - REP","Marty Neilson",26,22,4,0
"503","2181207503","State Representative - District 12 - REP","Ryan Rhatigan",26,22,4,0
"503","2181207503","Boulder County Commissioner - District 3 - REP","There are no candidates for this office",26,0,26,0
"503","2181207503","Boulder County Clerk and Recorder - REP","There are no candidates for this office",26,0,26,0
"503","2181207503","Boulder County Treasurer - REP","There are no candidates for this office",26,0,26,0
"503","2181207503","Boulder County Assessor - REP","There are no candidates for this office",26,0,26,0
"503","2181207503","Boulder County Sheriff - REP","There are no candidates for this office",26,0,26,0
"503","2181207503","Boulder County Surveyor - REP","There are no candidates for this office",26,0,26,0
"503","2181207503","Boulder County Coroner - REP","There are no candidates for this office",26,0,26,0
"503","2181207503","Governor - UNI","Paul Noël Fiorino",0,0,0,0
"503","2181207503","Governor - UNI","Jeff Peckman",0,0,0,0
"504","2181207504","United States Senator - DEM","Julie Gonzales","1,003",552,13,0
"504","2181207504","United States Senator - DEM","John Hickenlooper","1,003",438,13,0
"504","2181207504","Representative to the 120th United States Congress - District 2 - DEM","Joe Neguse","1,003",871,132,0
"504","2181207504","Governor - DEM","Phil Weiser","1,003",641,16,0
"504","2181207504","Governor - DEM","Michael Bennet","1,003",346,16,0
"504","2181207504","Secretary of State - DEM","Amanda Gonzalez","1,003",575,109,0
"504","2181207504","Secretary of State - DEM","Jessie Danielson","1,003",319,109,0
"504","2181207504","State Treasurer - DEM","Jeff Bridges","1,003",788,215,0
"504","2181207504","Attorney General - DEM","Jena Griswold","1,003",324,39,0
"504","2181207504","Attorney General - DEM","David Seligman","1,003",240,39,0
"504","2181207504","Attorney General - DEM","Michael Dougherty","1,003",286,39,0
"504","2181207504","Attorney General - DEM","Hetal Doshi","1,003",114,39,0
"504","2181207504","Regent of the University of Colorado - Congressional District 2 - DEM","Kubs Lalchandani","1,003",265,149,0
"504","2181207504","Regent of the University of Colorado - Congressional District 2 - DEM","Edie Hooton","1,003",315,149,0
"504","2181207504","Regent of the University of Colorado - Congressional District 2 - DEM","Murray Smith","1,003",274,149,0
"504","2181207504","State Representative - District 12 - DEM","Kyle Brown","1,003",762,241,0
"504","2181207504","Boulder County Commissioner - District 3 - DEM","Ashley Stolzmann","1,003",775,228,0
"504","2181207504","Boulder County Clerk and Recorder - DEM","Molly Fitzpatrick","1,003",795,208,0
"504","2181207504","Boulder County Treasurer - DEM","Jenn Kaaoush","1,003",421,145,0
"504","2181207504","Boulder County Treasurer - DEM","Rachel Friend","1,003",437,145,0
"504","2181207504","Boulder County Assessor - DEM","Cynthia Braddock","1,003",727,276,0
"504","2181207504","Boulder County Sheriff - DEM","Curtis Johnson","1,003",731,272,0
"504","2181207504","Boulder County Surveyor - DEM","Kayce D. W. Keane","1,003",730,273,0
"504","2181207504","Boulder County Coroner - DEM","Jeff Martin","1,003",735,268,0
"504","2181207504","Secretary of State - LBR","Sean Vadney",0,0,0,0
"504","2181207504","Secretary of State - LBR","Alex Astley",0,0,0,0
"504","2181207504","United States Senator - REP","Mark Baisley",54,39,15,0
"504","2181207504","Representative to the 120th United States Congress - District 2 - REP","Kelley Anne Dennison",54,31,4,0
"504","2181207504","Representative to the 120th United States Congress - District 2 - REP","Christina Blunt (Ducommun)",54,19,4,0
"504","2181207504","Governor - REP","Scott Bottoms",54,8,1,0
"504","2181207504","Governor - REP","Victor Marx",54,13,1,0
"504","2181207504","Governor - REP","Barb Kirkmeyer",54,32,1,0
"504","2181207504","Governor - REP","Kelvin ""K-Man"" Wimberly (Write-in Candidate)",54,0,1,0
"504","2181207504","Secretary of State - REP","James Wiley",54,39,15,0
"504","2181207504","State Treasurer - REP","Kevin Grantham",54,39,15,0
"504","2181207504","Attorney General - REP","Michael J. Allen",54,27,4,0
"504","2181207504","Attorney General - REP","David Willson",54,23,4,0
"504","2181207504","Regent of the University of Colorado - Congressional District 2 - REP","Marty Neilson",54,37,17,0
"504","2181207504","State Representative - District 12 - REP","Ryan Rhatigan",54,38,16,0
"504","2181207504","Boulder County Commissioner - District 3 - REP","There are no candidates for this office",54,0,54,0
"504","2181207504","Boulder County Clerk and Recorder - REP","There are no candidates for this office",54,0,54,0
"504","2181207504","Boulder County Treasurer - REP","There are no candidates for this office",54,0,54,0
"504","2181207504","Boulder County Assessor - REP","There are no candidates for this office",54,0,54,0
"504","2181207504","Boulder County Sheriff - REP","There are no candidates for this office",54,0,54,0
"504","2181207504","Boulder County Surveyor - REP","There are no candidates for this office",54,0,54,0
"504","2181207504","Boulder County Coroner - REP","There are no candidates for this office",54,0,54,0
"504","2181207504","Governor - UNI","Paul Noël Fiorino",0,0,0,0
"504","2181207504","Governor - UNI","Jeff Peckman",0,0,0,0
"505","2181207505","United States Senator - DEM","Julie Gonzales",362,108,3,0
"505","2181207505","United States Senator - DEM","John Hickenlooper",362,251,3,0
"505","2181207505","Representative to the 120th United States Congress - District 2 - DEM","Joe Neguse",362,328,34,0
"505","2181207505","Governor - DEM","Phil Weiser",362,213,5,0
"505","2181207505","Governor - DEM","Michael Bennet",362,144,5,0
"505","2181207505","Secretary of State - DEM","Amanda Gonzalez",362,176,58,0
"505","2181207505","Secretary of State - DEM","Jessie Danielson",362,128,58,0
"505","2181207505","State Treasurer - DEM","Jeff Bridges",362,281,81,0
"505","2181207505","Attorney General - DEM","Jena Griswold",362,132,12,0
"505","2181207505","Attorney General - DEM","David Seligman",362,38,12,0
"505","2181207505","Attorney General - DEM","Michael Dougherty",362,151,12,0
"505","2181207505","Attorney General - DEM","Hetal Doshi",362,29,12,0
"505","2181207505","Regent of the University of Colorado - Congressional District 2 - DEM","Kubs Lalchandani",362,88,47,0
"505","2181207505","Regent of the University of Colorado - Congressional District 2 - DEM","Edie Hooton",362,180,47,0
"505","2181207505","Regent of the University of Colorado - Congressional District 2 - DEM","Murray Smith",362,47,47,0
"505","2181207505","State Representative - District 12 - DEM","Kyle Brown",362,280,82,0
"505","2181207505","Boulder County Commissioner - District 3 - DEM","Ashley Stolzmann",362,278,84,0
"505","2181207505","Boulder County Clerk and Recorder - DEM","Molly Fitzpatrick",362,290,72,0
"505","2181207505","Boulder County Treasurer - DEM","Jenn Kaaoush",362,109,68,0
"505","2181207505","Boulder County Treasurer - DEM","Rachel Friend",362,185,68,0
"505","2181207505","Boulder County Assessor - DEM","Cynthia Braddock",362,268,94,0
"505","2181207505","Boulder County Sheriff - DEM","Curtis Johnson",362,273,89,0
"505","2181207505","Boulder County Surveyor - DEM","Kayce D. W. Keane",362,269,93,0
"505","2181207505","Boulder County Coroner - DEM","Jeff Martin",362,268,94,0
"505","2181207505","United States Senator - REP","Mark Baisley",62,47,15,0
"505","2181207505","Representative to the 120th United States Congress - District 2 - REP","Kelley Anne Dennison",62,28,16,0
"505","2181207505","Representative to the 120th United States Congress - District 2 - REP","Christina Blunt (Ducommun)",62,18,16,0
"505","2181207505","Governor - REP","Scott Bottoms",62,11,6,0
"505","2181207505","Governor - REP","Victor Marx",62,16,6,0
"505","2181207505","Governor - REP","Barb Kirkmeyer",62,29,6,0
"505","2181207505","Governor - REP","Kelvin ""K-Man"" Wimberly (Write-in Candidate)",62,0,6,0
"505","2181207505","Secretary of State - REP","James Wiley",62,45,17,0
"505","2181207505","State Treasurer - REP","Kevin Grantham",62,46,16,0
"505","2181207505","Attorney General - REP","Michael J. Allen",62,30,11,0
"505","2181207505","Attorney General - REP","David Willson",62,21,11,0
"505","2181207505","Regent of the University of Colorado - Congressional District 2 - REP","Marty Neilson",62,48,14,0
"505","2181207505","State Representative - District 12 - REP","Ryan Rhatigan",62,45,17,0
"505","2181207505","Boulder County Commissioner - District 3 - REP","There are no candidates for this office",62,0,62,0
"505","2181207505","Boulder County Clerk and Recorder - REP","There are no candidates for this office",62,0,62,0
"505","2181207505","Boulder County Treasurer - REP","There are no candidates for this office",62,0,62,0
"505","2181207505","Boulder County Assessor - REP","There are no candidates for this office",62,0,62,0
"505","2181207505","Boulder County Sheriff - REP","There are no candidates for this office",62,0,62,0
"505","2181207505","Boulder County Surveyor - REP","There are no candidates for this office",62,0,62,0
"505","2181207505","Boulder County Coroner - REP","There are no candidates for this office",62,0,62,0
"505","2181207505","Governor - UNI","Paul Noël Fiorino",0,0,0,0
"505","2181207505","Governor - UNI","Jeff Peckman",0,0,0,0
"506","2181207506","United States Senator - DEM","Julie Gonzales",622,263,7,0
"506","2181207506","United States Senator - DEM","John Hickenlooper",622,352,7,0
"506","2181207506","Representative to the 120th United States Congress - District 2 - DEM","Joe Neguse",622,561,61,0
"506","2181207506","Governor - DEM","Phil Weiser",622,337,8,0
"506","2181207506","Governor - DEM","Michael Bennet",622,277,8,0
"506","2181207506","Secretary of State - DEM","Amanda Gonzalez",622,343,84,0
"506","2181207506","Secretary of State - DEM","Jessie Danielson",622,195,84,0
"506","2181207506","State Treasurer - DEM","Jeff Bridges",622,463,159,0
"506","2181207506","Attorney General - DEM","Jena Griswold",622,178,21,0
"506","2181207506","Attorney General - DEM","David Seligman",622,119,21,0
"506","2181207506","Attorney General - DEM","Michael Dougherty",622,237,21,0
"506","2181207506","Attorney General - DEM","Hetal Doshi",622,67,21,0
"506","2181207506","Regent of the University of Colorado - Congressional District 2 - DEM","Kubs Lalchandani",622,170,96,0
"506","2181207506","Regent of the University of Colorado - Congressional District 2 - DEM","Edie Hooton",622,255,96,0
"506","2181207506","Regent of the University of Colorado - Congressional District 2 - DEM","Murray Smith",622,101,96,0
"506","2181207506","State Representative - District 12 - DEM","Kyle Brown",622,457,165,0
"506","2181207506","Boulder County Commissioner - District 3 - DEM","Ashley Stolzmann",622,457,165,0
"506","2181207506","Boulder County Clerk and Recorder - DEM","Molly Fitzpatrick",622,480,142,0
"506","2181207506","Boulder County Treasurer - DEM","Jenn Kaaoush",622,221,89,0
"506","2181207506","Boulder County Treasurer - DEM","Rachel Friend",622,312,89,0
"506","2181207506","Boulder County Assessor - DEM","Cynthia Braddock",622,446,176,0
"506","2181207506","Boulder County Sheriff - DEM","Curtis Johnson",622,454,168,0
"506","2181207506","Boulder County Surveyor - DEM","Kayce D. W. Keane",622,444,178,0
"506","2181207506","Boulder County Coroner - DEM","Jeff Martin",622,445,177,0
"506","2181207506","United States Senator - REP","Mark Baisley",116,90,26,0
"506","2181207506","Representative to the 120th United States Congress - District 2 - REP","Kelley Anne Dennison",116,55,20,0
"506","2181207506","Representative to the 120th United States Congress - District 2 - REP","Christina Blunt (Ducommun)",116,41,20,0
"506","2181207506","Governor - REP","Scott Bottoms",116,19,6,0
"506","2181207506","Governor - REP","Victor Marx",116,26,6,0
"506","2181207506","Governor - REP","Barb Kirkmeyer",116,65,6,0
"506","2181207506","Governor - REP","Kelvin ""K-Man"" Wimberly (Write-in Candidate)",116,0,6,0
"506","2181207506","Secretary of State - REP","James Wiley",116,84,32,0
"506","2181207506","State Treasurer - REP","Kevin Grantham",116,85,31,0
"506","2181207506","Attorney General - REP","Michael J. Allen",116,57,14,0
"506","2181207506","Attorney General - REP","David Willson",116,45,14,0
"506","2181207506","Regent of the University of Colorado - Congressional District 2 - REP","Marty Neilson",116,80,36,0
"506","2181207506","State Representative - District 12 - REP","Ryan Rhatigan",116,80,36,0
"506","2181207506","Boulder County Commissioner - District 3 - REP","There are no candidates for this office",116,0,116,0
"506","2181207506","Boulder County Clerk and Recorder - REP","There are no candidates for this office",116,0,116,0
"506","2181207506","Boulder County Treasurer - REP","There are no candidates for this office",116,0,116,0
"506","2181207506","Boulder County Assessor - REP","There are no candidates for this office",116,0,116,0
"506","2181207506","Boulder County Sheriff - REP","There are no candidates for this office",116,0,116,0
"506","2181207506","Boulder County Surveyor - REP","There are no candidates for this office",116,0,116,0
"506","2181207506","Boulder County Coroner - REP","There are no candidates for this office",116,0,116,0
"506","2181207506","Governor - UNI","Paul Noël Fiorino",0,0,0,0
"506","2181207506","Governor - UNI","Jeff Peckman",0,0,0,0
"507","2181207507","United States Senator - DEM","Julie Gonzales",720,322,6,0
"507","2181207507","United States Senator - DEM","John Hickenlooper",720,392,6,0
"507","2181207507","Representative to the 120th United States Congress - District 2 - DEM","Joe Neguse",720,628,92,0
"507","2181207507","Governor - DEM","Phil Weiser",720,408,10,0
"507","2181207507","Governor - DEM","Michael Bennet",720,302,10,0
"507","2181207507","Secretary of State - DEM","Amanda Gonzalez",720,386,92,0
"507","2181207507","Secretary of State - DEM","Jessie Danielson",720,242,92,0
"507","2181207507","State Treasurer - DEM","Jeff Bridges",720,552,168,0
"507","2181207507","Attorney General - DEM","Jena Griswold",720,252,26,1
"507","2181207507","Attorney General - DEM","David Seligman",720,116,26,1
"507","2181207507","Attorney General - DEM","Michael Dougherty",720,242,26,1
"507","2181207507","Attorney General - DEM","Hetal Doshi",720,83,26,1
"507","2181207507","Regent of the University of Colorado - Congressional District 2 - DEM","Kubs Lalchandani",720,169,107,1
"507","2181207507","Regent of the University of Colorado - Congressional District 2 - DEM","Edie Hooton",720,268,107,1
"507","2181207507","Regent of the University of Colorado - Congressional District 2 - DEM","Murray Smith",720,175,107,1
"507","2181207507","State Representative - District 12 - DEM","Kyle Brown",720,533,187,0
"507","2181207507","Boulder County Commissioner - District 3 - DEM","Ashley Stolzmann",720,530,190,0
"507","2181207507","Boulder County Clerk and Recorder - DEM","Molly Fitzpatrick",720,545,175,0
"507","2181207507","Boulder County Treasurer - DEM","Jenn Kaaoush",720,243,120,0
"507","2181207507","Boulder County Treasurer - DEM","Rachel Friend",720,357,120,0
"507","2181207507","Boulder County Assessor - DEM","Cynthia Braddock",720,516,204,0
"507","2181207507","Boulder County Sheriff - DEM","Curtis Johnson",720,524,196,0
"507","2181207507","Boulder County Surveyor - DEM","Kayce D. W. Keane",720,515,205,0
"507","2181207507","Boulder County Coroner - DEM","Jeff Martin",720,518,202,0
"507","2181207507","United States Senator - REP","Mark Baisley",134,111,23,0
"507","2181207507","Representative to the 120th United States Congress - District 2 - REP","Kelley Anne Dennison",134,71,15,0
"507","2181207507","Representative to the 120th United States Congress - District 2 - REP","Christina Blunt (Ducommun)",134,48,15,0
"507","2181207507","Governor - REP","Scott Bottoms",134,25,4,0
"507","2181207507","Governor - REP","Victor Marx",134,29,4,0
"507","2181207507","Governor - REP","Barb Kirkmeyer",134,76,4,0
"507","2181207507","Governor - REP","Kelvin ""K-Man"" Wimberly (Write-in Candidate)",134,0,4,0
"507","2181207507","Secretary of State - REP","James Wiley",134,103,31,0
"507","2181207507","State Treasurer - REP","Kevin Grantham",134,104,30,0
"507","2181207507","Attorney General - REP","Michael J. Allen",134,63,18,0
"507","2181207507","Attorney General - REP","David Willson",134,53,18,0
"507","2181207507","Regent of the University of Colorado - Congressional District 2 - REP","Marty Neilson",134,106,28,0
"507","2181207507","State Representative - District 12 - REP","Ryan Rhatigan",134,98,36,0
"507","2181207507","Boulder County Commissioner - District 3 - REP","There are no candidates for this office",134,0,134,0
"507","2181207507","Boulder County Clerk and Recorder - REP","There are no candidates for this office",134,0,134,0
"507","2181207507","Boulder County Treasurer - REP","There are no candidates for this office",134,0,134,0
"507","2181207507","Boulder County Assessor - REP","There are no candidates for this office",134,0,134,0
"507","2181207507","Boulder County Sheriff - REP","There are no candidates for this office",134,0,134,0
"507","2181207507","Boulder County Surveyor - REP","There are no candidates for this office",134,0,134,0
"507","2181207507","Boulder County Coroner - REP","There are no candidates for this office",134,0,134,0
"507","2181207507","Governor - UNI","Paul Noël Fiorino",0,0,0,0
"507","2181207507","Governor - UNI","Jeff Peckman",0,0,0,0
"508","2181207508","United States Senator - DEM","Julie Gonzales",628,282,4,0
"508","2181207508","United States Senator - DEM","John Hickenlooper",628,342,4,0
"508","2181207508","Representative to the 120th United States Congress - District 2 - DEM","Joe Neguse",628,553,75,0
"508","2181207508","Governor - DEM","Phil Weiser",628,376,3,0
"508","2181207508","Governor - DEM","Michael Bennet",628,249,3,0
"508","2181207508","Secretary of State - DEM","Amanda Gonzalez",628,329,79,0
"508","2181207508","Secretary of State - DEM","Jessie Danielson",628,220,79,0
"508","2181207508","State Treasurer - DEM","Jeff Bridges",628,485,143,0
"508","2181207508","Attorney General - DEM","Jena Griswold",628,163,23,0
"508","2181207508","Attorney General - DEM","David Seligman",628,87,23,0
"508","2181207508","Attorney General - DEM","Michael Dougherty",628,255,23,0
"508","2181207508","Attorney General - DEM","Hetal Doshi",628,100,23,0
"508","2181207508","Regent of the University of Colorado - Congressional District 2 - DEM","Kubs Lalchandani",628,162,96,0
"508","2181207508","Regent of the University of Colorado - Congressional District 2 - DEM","Edie Hooton",628,242,96,0
"508","2181207508","Regent of the University of Colorado - Congressional District 2 - DEM","Murray Smith",628,128,96,0
"508","2181207508","State Representative - District 12 - DEM","Kyle Brown",628,466,162,0
"508","2181207508","Boulder County Commissioner - District 3 - DEM","Ashley Stolzmann",628,463,165,0
"508","2181207508","Boulder County Clerk and Recorder - DEM","Molly Fitzpatrick",628,484,144,0
"508","2181207508","Boulder County Treasurer - DEM","Jenn Kaaoush",628,216,107,0
"508","2181207508","Boulder County Treasurer - DEM","Rachel Friend",628,305,107,0
"508","2181207508","Boulder County Assessor - DEM","Cynthia Braddock",628,454,174,0
"508","2181207508","Boulder County Sheriff - DEM","Curtis Johnson",628,455,173,0
"508","2181207508","Boulder County Surveyor - DEM","Kayce D. W. Keane",628,455,173,0
"508","2181207508","Boulder County Coroner - DEM","Jeff Martin",628,453,175,0
"508","2181207508","Secretary of State - LBR","Sean Vadney",0,0,0,0
"508","2181207508","Secretary of State - LBR","Alex Astley",0,0,0,0
"508","2181207508","United States Senator - REP","Mark Baisley",137,119,18,0
"508","2181207508","Representative to the 120th United States Congress - District 2 - REP","Kelley Anne Dennison",137,74,26,0
"508","2181207508","Representative to the 120th United States Congress - District 2 - REP","Christina Blunt (Ducommun)",137,37,26,0
"508","2181207508","Governor - REP","Scott Bottoms",137,23,3,0
"508","2181207508","Governor - REP","Victor Marx",137,35,3,0
"508","2181207508","Governor - REP","Barb Kirkmeyer",137,76,3,0
"508","2181207508","Governor - REP","Kelvin ""K-Man"" Wimberly (Write-in Candidate)",137,0,3,0
"508","2181207508","Secretary of State - REP","James Wiley",137,114,23,0
"508","2181207508","State Treasurer - REP","Kevin Grantham",137,114,23,0
"508","2181207508","Attorney General - REP","Michael J. Allen",137,74,24,0
"508","2181207508","Attorney General - REP","David Willson",137,39,24,0
"508","2181207508","Regent of the University of Colorado - Congressional District 2 - REP","Marty Neilson",137,111,26,0
"508","2181207508","State Representative - District 12 - REP","Ryan Rhatigan",137,113,24,0
"508","2181207508","Boulder County Commissioner - District 3 - REP","There are no candidates for this office",137,0,137,0
"508","2181207508","Boulder County Clerk and Recorder - REP","There are no candidates for this office",137,0,137,0
"508","2181207508","Boulder County Treasurer - REP","There are no candidates for this office",137,0,137,0
"508","2181207508","Boulder County Assessor - REP","There are no candidates for this office",137,0,137,0
"508","2181207508","Boulder County Sheriff - REP","There are no candidates for this office",137,0,137,0
"508","2181207508","Boulder County Surveyor - REP","There are no candidates for this office",137,0,137,0
"508","2181207508","Boulder County Coroner - REP","There are no candidates for this office",137,0,137,0
"508","2181207508","Governor - UNI","Paul Noël Fiorino",0,0,0,0
"508","2181207508","Governor - UNI","Jeff Peckman",0,0,0,0
"509","2181207509","United States Senator - DEM","Julie Gonzales",695,323,4,0
"509","2181207509","United States Senator - DEM","John Hickenlooper",695,368,4,0
"509","2181207509","Representative to the 120th United States Congress - District 2 - DEM","Joe Neguse",695,603,92,0
"509","2181207509","Governor - DEM","Phil Weiser",695,407,2,0
"509","2181207509","Governor - DEM","Michael Bennet",695,286,2,0
"509","2181207509","Secretary of State - DEM","Amanda Gonzalez",695,384,86,0
"509","2181207509","Secretary of State - DEM","Jessie Danielson",695,225,86,0
"509","2181207509","State Treasurer - DEM","Jeff Bridges",695,533,162,0
"509","2181207509","Attorney General - DEM","Jena Griswold",695,220,24,0
"509","2181207509","Attorney General - DEM","David Seligman",695,121,24,0
"509","2181207509","Attorney General - DEM","Michael Dougherty",695,252,24,0
"509","2181207509","Attorney General - DEM","Hetal Doshi",695,78,24,0
"509","2181207509","Regent of the University of Colorado - Congressional District 2 - DEM","Kubs Lalchandani",695,174,135,0
"509","2181207509","Regent of the University of Colorado - Congressional District 2 - DEM","Edie Hooton",695,248,135,0
"509","2181207509","Regent of the University of Colorado - Congressional District 2 - DEM","Murray Smith",695,138,135,0
"509","2181207509","State Representative - District 12 - DEM","Kyle Brown",695,519,176,0
"509","2181207509","Boulder County Commissioner - District 3 - DEM","Ashley Stolzmann",695,506,189,0
"509","2181207509","Boulder County Clerk and Recorder - DEM","Molly Fitzpatrick",695,540,155,0
"509","2181207509","Boulder County Treasurer - DEM","Jenn Kaaoush",695,252,117,1
"509","2181207509","Boulder County Treasurer - DEM","Rachel Friend",695,325,117,1
"509","2181207509","Boulder County Assessor - DEM","Cynthia Braddock",695,503,192,0
"509","2181207509","Boulder County Sheriff - DEM","Curtis Johnson",695,505,190,0
"509","2181207509","Boulder County Surveyor - DEM","Kayce D. W. Keane",695,499,196,0
"509","2181207509","Boulder County Coroner - DEM","Jeff Martin",695,500,195,0
"509","2181207509","United States Senator - REP","Mark Baisley",110,93,17,0
"509","2181207509","Representative to the 120th United States Congress - District 2 - REP","Kelley Anne Dennison",110,51,14,0
"509","2181207509","Representative to the 120th United States Congress - District 2 - REP","Christina Blunt (Ducommun)",110,45,14,0
"509","2181207509","Governor - REP","Scott Bottoms",110,22,1,0
"509","2181207509","Governor - REP","Victor Marx",110,24,1,0
"509","2181207509","Governor - REP","Barb Kirkmeyer",110,63,1,0
"509","2181207509","Governor - REP","Kelvin ""K-Man"" Wimberly (Write-in Candidate)",110,0,1,0
"509","2181207509","Secretary of State - REP","James Wiley",110,93,17,0
"509","2181207509","State Treasurer - REP","Kevin Grantham",110,94,16,0
"509","2181207509","Attorney General - REP","Michael J. Allen",110,60,11,0
"509","2181207509","Attorney General - REP","David Willson",110,39,11,0
"509","2181207509","Regent of the University of Colorado - Congressional District 2 - REP","Marty Neilson",110,88,22,0
"509","2181207509","State Representative - District 12 - REP","Ryan Rhatigan",110,91,19,0
"509","2181207509","Boulder County Commissioner - District 3 - REP","There are no candidates for this office",110,0,110,0
"509","2181207509","Boulder County Clerk and Recorder - REP","There are no candidates for this office",110,0,110,0
"509","2181207509","Boulder County Treasurer - REP","There are no candidates for this office",110,0,110,0
"509","2181207509","Boulder County Assessor - REP","There are no candidates for this office",110,0,110,0
"509","2181207509","Boulder County Sheriff - REP","There are no candidates for this office",110,0,110,0
"509","2181207509","Boulder County Surveyor - REP","There are no candidates for this office",110,0,110,0
"509","2181207509","Boulder County Coroner - REP","There are no candidates for this office",110,0,110,0
"509","2181207509","Governor - UNI","Paul Noël Fiorino",0,0,0,0
"509","2181207509","Governor - UNI","Jeff Peckman",0,0,0,0
"510","2181207510","United States Senator - DEM","Julie Gonzales",387,129,8,0
"510","2181207510","United States Senator - DEM","John Hickenlooper",387,250,8,0
"510","2181207510","Representative to the 120th United States Congress - District 2 - DEM","Joe Neguse",387,340,47,0
"510","2181207510","Governor - DEM","Phil Weiser",387,227,10,0
"510","2181207510","Governor - DEM","Michael Bennet",387,150,10,0
"510","2181207510","Secretary of State - DEM","Amanda Gonzalez",387,169,59,0
"510","2181207510","Secretary of State - DEM","Jessie Danielson",387,159,59,0
"510","2181207510","State Treasurer - DEM","Jeff Bridges",387,296,91,0
"510","2181207510","Attorney General - DEM","Jena Griswold",387,166,15,0
"510","2181207510","Attorney General - DEM","David Seligman",387,39,15,0
"510","2181207510","Attorney General - DEM","Michael Dougherty",387,142,15,0
"510","2181207510","Attorney General - DEM","Hetal Doshi",387,25,15,0
"510","2181207510","Regent of the University of Colorado - Congressional District 2 - DEM","Kubs Lalchandani",387,92,76,0
"510","2181207510","Regent of the University of Colorado - Congressional District 2 - DEM","Edie Hooton",387,154,76,0
"510","2181207510","Regent of the University of Colorado - Congressional District 2 - DEM","Murray Smith",387,65,76,0
"510","2181207510","State Representative - District 12 - DEM","Kyle Brown",387,286,101,0
"510","2181207510","Boulder County Commissioner - District 3 - DEM","Ashley Stolzmann",387,280,107,0
"510","2181207510","Boulder County Clerk and Recorder - DEM","Molly Fitzpatrick",387,295,92,0
"510","2181207510","Boulder County Treasurer - DEM","Jenn Kaaoush",387,140,80,0
"510","2181207510","Boulder County Treasurer - DEM","Rachel Friend",387,167,80,0
"510","2181207510","Boulder County Assessor - DEM","Cynthia Braddock",387,268,119,0
"510","2181207510","Boulder County Sheriff - DEM","Curtis Johnson",387,277,110,0
"510","2181207510","Boulder County Surveyor - DEM","Kayce D. W. Keane",387,268,119,0
"510","2181207510","Boulder County Coroner - DEM","Jeff Martin",387,270,117,0
"510","2181207510","United States Senator - REP","Mark Baisley",108,86,22,0
"510","2181207510","Representative to the 120th United States Congress - District 2 - REP","Kelley Anne Dennison",108,57,13,0
"510","2181207510","Representative to the 120th United States Congress - District 2 - REP","Christina Blunt (Ducommun)",108,38,13,0
"510","2181207510","Governor - REP","Scott Bottoms",108,15,5,0
"510","2181207510","Governor - REP","Victor Marx",108,24,5,0
"510","2181207510","Governor - REP","Barb Kirkmeyer",108,64,5,0
"510","2181207510","Governor - REP","Kelvin ""K-Man"" Wimberly (Write-in Candidate)",108,0,5,0
"510","2181207510","Secretary of State - REP","James Wiley",108,86,22,0
"510","2181207510","State Treasurer - REP","Kevin Grantham",108,85,23,0
"510","2181207510","Attorney General - REP","Michael J. Allen",108,56,11,0
"510","2181207510","Attorney General - REP","David Willson",108,41,11,0
"510","2181207510","Regent of the University of Colorado - Congressional District 2 - REP","Marty Neilson",108,86,22,0
"510","2181207510","State Representative - District 12 - REP","Ryan Rhatigan",108,86,22,0
"510","2181207510","Boulder County Commissioner - District 3 - REP","There are no candidates for this office",108,0,108,0
"510","2181207510","Boulder County Clerk and Recorder - REP","There are no candidates for this office",108,0,108,0
"510","2181207510","Boulder County Treasurer - REP","There are no candidates for this office",108,0,108,0
"510","2181207510","Boulder County Assessor - REP","There are no candidates for this office",108,0,108,0
"510","2181207510","Boulder County Sheriff - REP","There are no candidates for this office",108,0,108,0
"510","2181207510","Boulder County Surveyor - REP","There are no candidates for this office",108,0,108,0
"510","2181207510","Boulder County Coroner - REP","There are no candidates for this office",108,0,108,0
"510","2181207510","Governor - UNI","Paul Noël Fiorino",0,0,0,0
"510","2181207510","Governor - UNI","Jeff Peckman",0,0,0,0
"600","2171107600","United States Senator - DEM","Julie Gonzales",585,373,4,0
"600","2171107600","United States Senator - DEM","John Hickenlooper",585,208,4,0
"600","2171107600","Representative to the 120th United States Congress - District 2 - DEM","Joe Neguse",585,502,83,0
"600","2171107600","Governor - DEM","Phil Weiser",585,381,16,0
"600","2171107600","Governor - DEM","Michael Bennet",585,188,16,0
"600","2171107600","Secretary of State - DEM","Amanda Gonzalez",585,392,47,0
"600","2171107600","Secretary of State - DEM","Jessie Danielson",585,146,47,0
"600","2171107600","State Treasurer - DEM","Jeff Bridges",585,474,111,0
"600","2171107600","Attorney General - DEM","Jena Griswold",585,192,20,0
"600","2171107600","Attorney General - DEM","David Seligman",585,161,20,0
"600","2171107600","Attorney General - DEM","Michael Dougherty",585,129,20,0
"600","2171107600","Attorney General - DEM","Hetal Doshi",585,83,20,0
"600","2171107600","Regent of the University of Colorado - Congressional District 2 - DEM","Kubs Lalchandani",585,154,76,1
"600","2171107600","Regent of the University of Colorado - Congressional District 2 - DEM","Edie Hooton",585,193,76,1
"600","2171107600","Regent of the University of Colorado - Congressional District 2 - DEM","Murray Smith",585,161,76,1
"600","2171107600","State Senator - District 17 - DEM","Katie Wallace",585,463,122,0
"600","2171107600","State Representative - District 11 - DEM","Karen McCormick",585,462,123,0
"600","2171107600","Boulder County Commissioner - District 3 - DEM","Ashley Stolzmann",585,454,131,0
"600","2171107600","Boulder County Clerk and Recorder - DEM","Molly Fitzpatrick",585,470,115,0
"600","2171107600","Boulder County Treasurer - DEM","Jenn Kaaoush",585,253,61,0
"600","2171107600","Boulder County Treasurer - DEM","Rachel Friend",585,271,61,0
"600","2171107600","Boulder County Assessor - DEM","Cynthia Braddock",585,455,130,0
"600","2171107600","Boulder County Sheriff - DEM","Curtis Johnson",585,447,138,0
"600","2171107600","Boulder County Surveyor - DEM","Kayce D. W. Keane",585,448,137,0
"600","2171107600","Boulder County Coroner - DEM","Jeff Martin",585,448,137,0
"600","2171107600","United States Senator - REP","Mark Baisley",102,88,14,0
"600","2171107600","Representative to the 120th United States Congress - District 2 - REP","Kelley Anne Dennison",102,62,7,0
"600","2171107600","Representative to the 120th United States Congress - District 2 - REP","Christina Blunt (Ducommun)",102,33,7,0
"600","2171107600","Governor - REP","Scott Bottoms",102,19,4,0
"600","2171107600","Governor - REP","Victor Marx",102,35,4,0
"600","2171107600","Governor - REP","Barb Kirkmeyer",102,44,4,0
"600","2171107600","Governor - REP","Kelvin ""K-Man"" Wimberly (Write-in Candidate)",102,0,4,0
"600","2171107600","Secretary of State - REP","James Wiley",102,85,17,0
"600","2171107600","State Treasurer - REP","Kevin Grantham",102,86,16,0
"600","2171107600","Attorney General - REP","Michael J. Allen",102,55,5,0
"600","2171107600","Attorney General - REP","David Willson",102,42,5,0
"600","2171107600","Regent of the University of Colorado - Congressional District 2 - REP","Marty Neilson",102,86,16,0
"600","2171107600","State Senator - District 17 - REP","Pat Miller",102,87,15,0
"600","2171107600","State Representative - District 11 - REP","There are no candidates for this office",102,0,102,0
"600","2171107600","Boulder County Commissioner - District 3 - REP","There are no candidates for this office",102,0,102,0
"600","2171107600","Boulder County Clerk and Recorder - REP","There are no candidates for this office",102,0,102,0
"600","2171107600","Boulder County Treasurer - REP","There are no candidates for this office",102,0,102,0
"600","2171107600","Boulder County Assessor - REP","There are no candidates for this office",102,0,102,0
"600","2171107600","Boulder County Sheriff - REP","There are no candidates for this office",102,0,102,0
"600","2171107600","Boulder County Surveyor - REP","There are no candidates for this office",102,0,102,0
"600","2171107600","Boulder County Coroner - REP","There are no candidates for this office",102,0,102,0
"600","2171107600","Governor - UNI","Paul Noël Fiorino",0,0,0,0
"600","2171107600","Governor - UNI","Jeff Peckman",0,0,0,0
"601","2171107601","United States Senator - DEM","Julie Gonzales",362,221,1,0
"601","2171107601","United States Senator - DEM","John Hickenlooper",362,140,1,0
"601","2171107601","Representative to the 120th United States Congress - District 2 - DEM","Joe Neguse",362,303,59,0
"601","2171107601","Governor - DEM","Phil Weiser",362,217,5,0
"601","2171107601","Governor - DEM","Michael Bennet",362,140,5,0
"601","2171107601","Secretary of State - DEM","Amanda Gonzalez",362,250,19,0
"601","2171107601","Secretary of State - DEM","Jessie Danielson",362,93,19,0
"601","2171107601","State Treasurer - DEM","Jeff Bridges",362,281,81,0
"601","2171107601","Attorney General - DEM","Jena Griswold",362,104,7,0
"601","2171107601","Attorney General - DEM","David Seligman",362,90,7,0
"601","2171107601","Attorney General - DEM","Michael Dougherty",362,96,7,0
"601","2171107601","Attorney General - DEM","Hetal Doshi",362,65,7,0
"601","2171107601","Regent of the University of Colorado - Congressional District 2 - DEM","Kubs Lalchandani",362,101,57,0
"601","2171107601","Regent of the University of Colorado - Congressional District 2 - DEM","Edie Hooton",362,116,57,0
"601","2171107601","Regent of the University of Colorado - Congressional District 2 - DEM","Murray Smith",362,88,57,0
"601","2171107601","State Senator - District 17 - DEM","Katie Wallace",362,273,89,0
"601","2171107601","State Representative - District 11 - DEM","Karen McCormick",362,274,88,0
"601","2171107601","Boulder County Commissioner - District 3 - DEM","Ashley Stolzmann",362,259,103,0
"601","2171107601","Boulder County Clerk and Recorder - DEM","Molly Fitzpatrick",362,278,84,0
"601","2171107601","Boulder County Treasurer - DEM","Jenn Kaaoush",362,147,39,2
"601","2171107601","Boulder County Treasurer - DEM","Rachel Friend",362,174,39,2
"601","2171107601","Boulder County Assessor - DEM","Cynthia Braddock",362,263,99,0
"601","2171107601","Boulder County Sheriff - DEM","Curtis Johnson",362,266,96,0
"601","2171107601","Boulder County Surveyor - DEM","Kayce D. W. Keane",362,267,95,0
"601","2171107601","Boulder County Coroner - DEM","Jeff Martin",362,265,97,0
"601","2171107601","United States Senator - REP","Mark Baisley",43,34,9,0
"601","2171107601","Representative to the 120th United States Congress - District 2 - REP","Kelley Anne Dennison",43,22,9,0
"601","2171107601","Representative to the 120th United States Congress - District 2 - REP","Christina Blunt (Ducommun)",43,12,9,0
"601","2171107601","Governor - REP","Scott Bottoms",43,11,2,0
"601","2171107601","Governor - REP","Victor Marx",43,20,2,0
"601","2171107601","Governor - REP","Barb Kirkmeyer",43,10,2,0
"601","2171107601","Governor - REP","Kelvin ""K-Man"" Wimberly (Write-in Candidate)",43,0,2,0
"601","2171107601","Secretary of State - REP","James Wiley",43,35,8,0
"601","2171107601","State Treasurer - REP","Kevin Grantham",43,35,8,0
"601","2171107601","Attorney General - REP","Michael J. Allen",43,23,8,0
"601","2171107601","Attorney General - REP","David Willson",43,12,8,0
"601","2171107601","Regent of the University of Colorado - Congressional District 2 - REP","Marty Neilson",43,34,9,0
"601","2171107601","State Senator - District 17 - REP","Pat Miller",43,34,9,0
"601","2171107601","State Representative - District 11 - REP","There are no candidates for this office",43,0,43,0
"601","2171107601","Boulder County Commissioner - District 3 - REP","There are no candidates for this office",43,0,43,0
"601","2171107601","Boulder County Clerk and Recorder - REP","There are no candidates for this office",43,0,43,0
"601","2171107601","Boulder County Treasurer - REP","There are no candidates for this office",43,0,43,0
"601","2171107601","Boulder County Assessor - REP","There are no candidates for this office",43,0,43,0
"601","2171107601","Boulder County Sheriff - REP","There are no candidates for this office",43,0,43,0
"601","2171107601","Boulder County Surveyor - REP","There are no candidates for this office",43,0,43,0
"601","2171107601","Boulder County Coroner - REP","There are no candidates for this office",43,0,43,0
"602","2171107602","United States Senator - DEM","Julie Gonzales",264,143,1,0
"602","2171107602","United States Senator - DEM","John Hickenlooper",264,120,1,0
"602","2171107602","Representative to the 120th United States Congress - District 2 - DEM","Joe Neguse",264,239,25,0
"602","2171107602","Governor - DEM","Phil Weiser",264,170,3,0
"602","2171107602","Governor - DEM","Michael Bennet",264,91,3,0
"602","2171107602","Secretary of State - DEM","Amanda Gonzalez",264,177,13,0
"602","2171107602","Secretary of State - DEM","Jessie Danielson",264,74,13,0
"602","2171107602","State Treasurer - DEM","Jeff Bridges",264,217,47,0
"602","2171107602","Attorney General - DEM","Jena Griswold",264,79,5,0
"602","2171107602","Attorney General - DEM","David Seligman",264,65,5,0
"602","2171107602","Attorney General - DEM","Michael Dougherty",264,77,5,0
"602","2171107602","Attorney General - DEM","Hetal Doshi",264,38,5,0
"602","2171107602","Regent of the University of Colorado - Congressional District 2 - DEM","Kubs Lalchandani",264,79,27,0
"602","2171107602","Regent of the University of Colorado - Congressional District 2 - DEM","Edie Hooton",264,86,27,0
"602","2171107602","Regent of the University of Colorado - Congressional District 2 - DEM","Murray Smith",264,72,27,0
"602","2171107602","State Senator - District 17 - DEM","Katie Wallace",264,215,49,0
"602","2171107602","State Representative - District 11 - DEM","Karen McCormick",264,215,49,0
"602","2171107602","Boulder County Commissioner - District 3 - DEM","Ashley Stolzmann",264,209,55,0
"602","2171107602","Boulder County Clerk and Recorder - DEM","Molly Fitzpatrick",264,217,47,0
"602","2171107602","Boulder County Treasurer - DEM","Jenn Kaaoush",264,128,22,1
"602","2171107602","Boulder County Treasurer - DEM","Rachel Friend",264,113,22,1
"602","2171107602","Boulder County Assessor - DEM","Cynthia Braddock",264,207,57,0
"602","2171107602","Boulder County Sheriff - DEM","Curtis Johnson",264,205,59,0
"602","2171107602","Boulder County Surveyor - DEM","Kayce D. W. Keane",264,208,56,0
"602","2171107602","Boulder County Coroner - DEM","Jeff Martin",264,209,55,0
"602","2171107602","United States Senator - REP","Mark Baisley",78,70,8,0
"602","2171107602","Representative to the 120th United States Congress - District 2 - REP","Kelley Anne Dennison",78,40,11,0
"602","2171107602","Representative to the 120th United States Congress - District 2 - REP","Christina Blunt (Ducommun)",78,27,11,0
"602","2171107602","Governor - REP","Scott Bottoms",78,13,4,0
"602","2171107602","Governor - REP","Victor Marx",78,34,4,0
"602","2171107602","Governor - REP","Barb Kirkmeyer",78,27,4,0
"602","2171107602","Governor - REP","Kelvin ""K-Man"" Wimberly (Write-in Candidate)",78,0,4,0
"602","2171107602","Secretary of State - REP","James Wiley",78,69,9,0
"602","2171107602","State Treasurer - REP","Kevin Grantham",78,69,9,0
"602","2171107602","Attorney General - REP","Michael J. Allen",78,40,7,0
"602","2171107602","Attorney General - REP","David Willson",78,31,7,0
"602","2171107602","Regent of the University of Colorado - Congressional District 2 - REP","Marty Neilson",78,69,9,0
"602","2171107602","State Senator - District 17 - REP","Pat Miller",78,70,8,0
"602","2171107602","State Representative - District 11 - REP","There are no candidates for this office",78,0,78,0
"602","2171107602","Boulder County Commissioner - District 3 - REP","There are no candidates for this office",78,0,78,0
"602","2171107602","Boulder County Clerk and Recorder - REP","There are no candidates for this office",78,0,78,0
"602","2171107602","Boulder County Treasurer - REP","There are no candidates for this office",78,0,78,0
"602","2171107602","Boulder County Assessor - REP","There are no candidates for this office",78,0,78,0
"602","2171107602","Boulder County Sheriff - REP","There are no candidates for this office",78,0,78,0
"602","2171107602","Boulder County Surveyor - REP","There are no candidates for this office",78,0,78,0
"602","2171107602","Boulder County Coroner - REP","There are no candidates for this office",78,0,78,0
"602","2171107602","Governor - UNI","Paul Noël Fiorino",0,0,0,0
"602","2171107602","Governor - UNI","Jeff Peckman",0,0,0,0
"603","2171107603","United States Senator - DEM","Julie Gonzales",596,244,13,0
"603","2171107603","United States Senator - DEM","John Hickenlooper",596,339,13,0
"603","2171107603","Representative to the 120th United States Congress - District 2 - DEM","Joe Neguse",596,517,79,0
"603","2171107603","Governor - DEM","Phil Weiser",596,355,6,0
"603","2171107603","Governor - DEM","Michael Bennet",596,235,6,0
"603","2171107603","Secretary of State - DEM","Amanda Gonzalez",596,308,73,0
"603","2171107603","Secretary of State - DEM","Jessie Danielson",596,215,73,0
"603","2171107603","State Treasurer - DEM","Jeff Bridges",596,466,130,0
"603","2171107603","Attorney General - DEM","Jena Griswold",596,192,23,0
"603","2171107603","Attorney General - DEM","David Seligman",596,99,23,0
"603","2171107603","Attorney General - DEM","Michael Dougherty",596,215,23,0
"603","2171107603","Attorney General - DEM","Hetal Doshi",596,67,23,0
"603","2171107603","Regent of the University of Colorado - Congressional District 2 - DEM","Kubs Lalchandani",596,153,91,0
"603","2171107603","Regent of the University of Colorado - Congressional District 2 - DEM","Edie Hooton",596,213,91,0
"603","2171107603","Regent of the University of Colorado - Congressional District 2 - DEM","Murray Smith",596,139,91,0
"603","2171107603","State Senator - District 17 - DEM","Katie Wallace",596,469,127,0
"603","2171107603","State Representative - District 11 - DEM","Karen McCormick",596,474,122,0
"603","2171107603","Boulder County Commissioner - District 3 - DEM","Ashley Stolzmann",596,459,137,0
"603","2171107603","Boulder County Clerk and Recorder - DEM","Molly Fitzpatrick",596,462,134,0
"603","2171107603","Boulder County Treasurer - DEM","Jenn Kaaoush",596,210,90,1
"603","2171107603","Boulder County Treasurer - DEM","Rachel Friend",596,295,90,1
"603","2171107603","Boulder County Assessor - DEM","Cynthia Braddock",596,447,149,0
"603","2171107603","Boulder County Sheriff - DEM","Curtis Johnson",596,451,145,0
"603","2171107603","Boulder County Surveyor - DEM","Kayce D. W. Keane",596,449,147,0
"603","2171107603","Boulder County Coroner - DEM","Jeff Martin",596,447,149,0
"603","2171107603","Secretary of State - LBR","Sean Vadney",0,0,0,0
"603","2171107603","Secretary of State - LBR","Alex Astley",0,0,0,0
"603","2171107603","United States Senator - REP","Mark Baisley",156,123,33,0
"603","2171107603","Representative to the 120th United States Congress - District 2 - REP","Kelley Anne Dennison",156,66,21,0
"603","2171107603","Representative to the 120th United States Congress - District 2 - REP","Christina Blunt (Ducommun)",156,69,21,0
"603","2171107603","Governor - REP","Scott Bottoms",156,26,2,0
"603","2171107603","Governor - REP","Victor Marx",156,55,2,0
"603","2171107603","Governor - REP","Barb Kirkmeyer",156,73,2,0
"603","2171107603","Governor - REP","Kelvin ""K-Man"" Wimberly (Write-in Candidate)",156,0,2,0
"603","2171107603","Secretary of State - REP","James Wiley",156,117,39,0
"603","2171107603","State Treasurer - REP","Kevin Grantham",156,118,38,0
"603","2171107603","Attorney General - REP","Michael J. Allen",156,77,15,0
"603","2171107603","Attorney General - REP","David Willson",156,64,15,0
"603","2171107603","Regent of the University of Colorado - Congressional District 2 - REP","Marty Neilson",156,117,39,0
"603","2171107603","State Senator - District 17 - REP","Pat Miller",156,119,37,0
"603","2171107603","State Representative - District 11 - REP","There are no candidates for this office",156,0,156,0
"603","2171107603","Boulder County Commissioner - District 3 - REP","There are no candidates for this office",156,0,156,0
"603","2171107603","Boulder County Clerk and Recorder - REP","There are no candidates for this office",156,0,156,0
"603","2171107603","Boulder County Treasurer - REP","There are no candidates for this office",156,0,156,0
"603","2171107603","Boulder County Assessor - REP","There are no candidates for this office",156,0,156,0
"603","2171107603","Boulder County Sheriff - REP","There are no candidates for this office",156,0,156,0
"603","2171107603","Boulder County Surveyor - REP","There are no candidates for this office",156,0,156,0
"603","2171107603","Boulder County Coroner - REP","There are no candidates for this office",156,0,156,0
"603","2171107603","Governor - UNI","Paul Noël Fiorino",0,0,0,0
"603","2171107603","Governor - UNI","Jeff Peckman",0,0,0,0
"604","2171107604","United States Senator - DEM","Julie Gonzales",391,232,6,0
"604","2171107604","United States Senator - DEM","John Hickenlooper",391,153,6,0
"604","2171107604","Representative to the 120th United States Congress - District 2 - DEM","Joe Neguse",391,343,48,0
"604","2171107604","Governor - DEM","Phil Weiser",391,245,12,0
"604","2171107604","Governor - DEM","Michael Bennet",391,134,12,0
"604","2171107604","Secretary of State - DEM","Amanda Gonzalez",391,237,43,1
"604","2171107604","Secretary of State - DEM","Jessie Danielson",391,110,43,1
"604","2171107604","State Treasurer - DEM","Jeff Bridges",391,306,85,0
"604","2171107604","Attorney General - DEM","Jena Griswold",391,106,18,0
"604","2171107604","Attorney General - DEM","David Seligman",391,96,18,0
"604","2171107604","Attorney General - DEM","Michael Dougherty",391,116,18,0
"604","2171107604","Attorney General - DEM","Hetal Doshi",391,55,18,0
"604","2171107604","Regent of the University of Colorado - Congressional District 2 - DEM","Kubs Lalchandani",391,110,66,1
"604","2171107604","Regent of the University of Colorado - Congressional District 2 - DEM","Edie Hooton",391,101,66,1
"604","2171107604","Regent of the University of Colorado - Congressional District 2 - DEM","Murray Smith",391,113,66,1
"604","2171107604","State Senator - District 17 - DEM","Katie Wallace",391,292,99,0
"604","2171107604","State Representative - District 11 - DEM","Karen McCormick",391,296,95,0
"604","2171107604","Boulder County Commissioner - District 3 - DEM","Ashley Stolzmann",391,287,104,0
"604","2171107604","Boulder County Clerk and Recorder - DEM","Molly Fitzpatrick",391,293,98,0
"604","2171107604","Boulder County Treasurer - DEM","Jenn Kaaoush",391,174,58,1
"604","2171107604","Boulder County Treasurer - DEM","Rachel Friend",391,158,58,1
"604","2171107604","Boulder County Assessor - DEM","Cynthia Braddock",391,282,109,0
"604","2171107604","Boulder County Sheriff - DEM","Curtis Johnson",391,281,110,0
"604","2171107604","Boulder County Surveyor - DEM","Kayce D. W. Keane",391,280,111,0
"604","2171107604","Boulder County Coroner - DEM","Jeff Martin",391,283,108,0
"604","2171107604","Secretary of State - LBR","Sean Vadney",0,0,0,0
"604","2171107604","Secretary of State - LBR","Alex Astley",0,0,0,0
"604","2171107604","United States Senator - REP","Mark Baisley",90,74,16,0
"604","2171107604","Representative to the 120th United States Congress - District 2 - REP","Kelley Anne Dennison",90,52,12,0
"604","2171107604","Representative to the 120th United States Congress - District 2 - REP","Christina Blunt (Ducommun)",90,26,12,0
"604","2171107604","Governor - REP","Scott Bottoms",90,21,0,0
"604","2171107604","Governor - REP","Victor Marx",90,21,0,0
"604","2171107604","Governor - REP","Barb Kirkmeyer",90,48,0,0
"604","2171107604","Governor - REP","Kelvin ""K-Man"" Wimberly (Write-in Candidate)",90,0,0,0
"604","2171107604","Secretary of State - REP","James Wiley",90,68,22,0
"604","2171107604","State Treasurer - REP","Kevin Grantham",90,69,21,0
"604","2171107604","Attorney General - REP","Michael J. Allen",90,49,9,0
"604","2171107604","Attorney General - REP","David Willson",90,32,9,0
"604","2171107604","Regent of the University of Colorado - Congressional District 2 - REP","Marty Neilson",90,67,23,0
"604","2171107604","State Senator - District 17 - REP","Pat Miller",90,68,22,0
"604","2171107604","State Representative - District 11 - REP","There are no candidates for this office",90,0,90,0
"604","2171107604","Boulder County Commissioner - District 3 - REP","There are no candidates for this office",90,0,90,0
"604","2171107604","Boulder County Clerk and Recorder - REP","There are no candidates for this office",90,0,90,0
"604","2171107604","Boulder County Treasurer - REP","There are no candidates for this office",90,0,90,0
"604","2171107604","Boulder County Assessor - REP","There are no candidates for this office",90,0,90,0
"604","2171107604","Boulder County Sheriff - REP","There are no candidates for this office",90,0,90,0
"604","2171107604","Boulder County Surveyor - REP","There are no candidates for this office",90,0,90,0
"604","2171107604","Boulder County Coroner - REP","There are no candidates for this office",90,0,90,0
"604","2171107604","Governor - UNI","Paul Noël Fiorino",0,0,0,0
"604","2171107604","Governor - UNI","Jeff Peckman",0,0,0,0
"605","2171107605","United States Senator - DEM","Julie Gonzales",468,253,3,0
"605","2171107605","United States Senator - DEM","John Hickenlooper",468,212,3,0
"605","2171107605","Representative to the 120th United States Congress - District 2 - DEM","Joe Neguse",468,423,45,0
"605","2171107605","Governor - DEM","Phil Weiser",468,282,7,0
"605","2171107605","Governor - DEM","Michael Bennet",468,179,7,0
"605","2171107605","Secretary of State - DEM","Amanda Gonzalez",468,275,45,0
"605","2171107605","Secretary of State - DEM","Jessie Danielson",468,148,45,0
"605","2171107605","State Treasurer - DEM","Jeff Bridges",468,396,72,0
"605","2171107605","Attorney General - DEM","Jena Griswold",468,158,8,0
"605","2171107605","Attorney General - DEM","David Seligman",468,97,8,0
"605","2171107605","Attorney General - DEM","Michael Dougherty",468,130,8,0
"605","2171107605","Attorney General - DEM","Hetal Doshi",468,75,8,0
"605","2171107605","Regent of the University of Colorado - Congressional District 2 - DEM","Kubs Lalchandani",468,124,54,1
"605","2171107605","Regent of the University of Colorado - Congressional District 2 - DEM","Edie Hooton",468,158,54,1
"605","2171107605","Regent of the University of Colorado - Congressional District 2 - DEM","Murray Smith",468,131,54,1
"605","2171107605","State Senator - District 17 - DEM","Katie Wallace",468,381,87,0
"605","2171107605","State Representative - District 11 - DEM","Karen McCormick",468,385,83,0
"605","2171107605","Boulder County Commissioner - District 3 - DEM","Ashley Stolzmann",468,381,87,0
"605","2171107605","Boulder County Clerk and Recorder - DEM","Molly Fitzpatrick",468,389,79,0
"605","2171107605","Boulder County Treasurer - DEM","Jenn Kaaoush",468,187,60,1
"605","2171107605","Boulder County Treasurer - DEM","Rachel Friend",468,220,60,1
"605","2171107605","Boulder County Assessor - DEM","Cynthia Braddock",468,380,88,0
"605","2171107605","Boulder County Sheriff - DEM","Curtis Johnson",468,377,91,0
"605","2171107605","Boulder County Surveyor - DEM","Kayce D. W. Keane",468,377,91,0
"605","2171107605","Boulder County Coroner - DEM","Jeff Martin",468,377,91,0
"605","2171107605","United States Senator - REP","Mark Baisley",110,87,23,0
"605","2171107605","Representative to the 120th United States Congress - District 2 - REP","Kelley Anne Dennison",110,62,18,0
"605","2171107605","Representative to the 120th United States Congress - District 2 - REP","Christina Blunt (Ducommun)",110,30,18,0
"605","2171107605","Governor - REP","Scott Bottoms",110,21,1,0
"605","2171107605","Governor - REP","Victor Marx",110,22,1,0
"605","2171107605","Governor - REP","Barb Kirkmeyer",110,66,1,0
"605","2171107605","Governor - REP","Kelvin ""K-Man"" Wimberly (Write-in Candidate)",110,0,1,0
"605","2171107605","Secretary of State - REP","James Wiley",110,80,30,0
"605","2171107605","State Treasurer - REP","Kevin Grantham",110,80,30,0
"605","2171107605","Attorney General - REP","Michael J. Allen",110,64,12,0
"605","2171107605","Attorney General - REP","David Willson",110,34,12,0
"605","2171107605","Regent of the University of Colorado - Congressional District 2 - REP","Marty Neilson",110,83,27,0
"605","2171107605","State Senator - District 17 - REP","Pat Miller",110,81,29,0
"605","2171107605","State Representative - District 11 - REP","There are no candidates for this office",110,0,110,0
"605","2171107605","Boulder County Commissioner - District 3 - REP","There are no candidates for this office",110,0,110,0
"605","2171107605","Boulder County Clerk and Recorder - REP","There are no candidates for this office",110,0,110,0
"605","2171107605","Boulder County Treasurer - REP","There are no candidates for this office",110,0,110,0
"605","2171107605","Boulder County Assessor - REP","There are no candidates for this office",110,0,110,0
"605","2171107605","Boulder County Sheriff - REP","There are no candidates for this office",110,0,110,0
"605","2171107605","Boulder County Surveyor - REP","There are no candidates for this office",110,0,110,0
"605","2171107605","Boulder County Coroner - REP","There are no candidates for this office",110,0,110,0
"605","2171107605","Governor - UNI","Paul Noël Fiorino",0,0,0,0
"605","2171107605","Governor - UNI","Jeff Peckman",0,0,0,0
"606","2171107606","United States Senator - DEM","Julie Gonzales",585,247,1,0
"606","2171107606","United States Senator - DEM","John Hickenlooper",585,337,1,0
"606","2171107606","Representative to the 120th United States Congress - District 2 - DEM","Joe Neguse",585,531,54,0
"606","2171107606","Governor - DEM","Phil Weiser",585,300,6,0
"606","2171107606","Governor - DEM","Michael Bennet",585,279,6,0
"606","2171107606","Secretary of State - DEM","Amanda Gonzalez",585,295,54,0
"606","2171107606","Secretary of State - DEM","Jessie Danielson",585,236,54,0
"606","2171107606","State Treasurer - DEM","Jeff Bridges",585,481,104,0
"606","2171107606","Attorney General - DEM","Jena Griswold",585,222,15,2
"606","2171107606","Attorney General - DEM","David Seligman",585,91,15,2
"606","2171107606","Attorney General - DEM","Michael Dougherty",585,189,15,2
"606","2171107606","Attorney General - DEM","Hetal Doshi",585,66,15,2
"606","2171107606","Regent of the University of Colorado - Congressional District 2 - DEM","Kubs Lalchandani",585,123,84,0
"606","2171107606","Regent of the University of Colorado - Congressional District 2 - DEM","Edie Hooton",585,235,84,0
"606","2171107606","Regent of the University of Colorado - Congressional District 2 - DEM","Murray Smith",585,143,84,0
"606","2171107606","State Senator - District 17 - DEM","Katie Wallace",585,477,108,0
"606","2171107606","State Representative - District 11 - DEM","Karen McCormick",585,484,101,0
"606","2171107606","Boulder County Commissioner - District 3 - DEM","Ashley Stolzmann",585,470,115,0
"606","2171107606","Boulder County Clerk and Recorder - DEM","Molly Fitzpatrick",585,468,117,0
"606","2171107606","Boulder County Treasurer - DEM","Jenn Kaaoush",585,193,74,0
"606","2171107606","Boulder County Treasurer - DEM","Rachel Friend",585,318,74,0
"606","2171107606","Boulder County Assessor - DEM","Cynthia Braddock",585,460,125,0
"606","2171107606","Boulder County Sheriff - DEM","Curtis Johnson",585,461,124,0
"606","2171107606","Boulder County Surveyor - DEM","Kayce D. W. Keane",585,457,128,0
"606","2171107606","Boulder County Coroner - DEM","Jeff Martin",585,457,128,0
"606","2171107606","United States Senator - REP","Mark Baisley",129,103,26,0
"606","2171107606","Representative to the 120th United States Congress - District 2 - REP","Kelley Anne Dennison",129,62,22,0
"606","2171107606","Representative to the 120th United States Congress - District 2 - REP","Christina Blunt (Ducommun)",129,45,22,0
"606","2171107606","Governor - REP","Scott Bottoms",129,26,3,0
"606","2171107606","Governor - REP","Victor Marx",129,31,3,0
"606","2171107606","Governor - REP","Barb Kirkmeyer",129,69,3,0
"606","2171107606","Governor - REP","Kelvin ""K-Man"" Wimberly (Write-in Candidate)",129,0,3,0
"606","2171107606","Secretary of State - REP","James Wiley",129,98,31,0
"606","2171107606","State Treasurer - REP","Kevin Grantham",129,100,29,0
"606","2171107606","Attorney General - REP","Michael J. Allen",129,62,23,0
"606","2171107606","Attorney General - REP","David Willson",129,44,23,0
"606","2171107606","Regent of the University of Colorado - Congressional District 2 - REP","Marty Neilson",129,97,32,0
"606","2171107606","State Senator - District 17 - REP","Pat Miller",129,97,32,0
"606","2171107606","State Representative - District 11 - REP","There are no candidates for this office",129,0,129,0
"606","2171107606","Boulder County Commissioner - District 3 - REP","There are no candidates for this office",129,0,129,0
"606","2171107606","Boulder County Clerk and Recorder - REP","There are no candidates for this office",129,0,129,0
"606","2171107606","Boulder County Treasurer - REP","There are no candidates for this office",129,0,129,0
"606","2171107606","Boulder County Assessor - REP","There are no candidates for this office",129,0,129,0
"606","2171107606","Boulder County Sheriff - REP","There are no candidates for this office",129,0,129,0
"606","2171107606","Boulder County Surveyor - REP","There are no candidates for this office",129,0,129,0
"606","2171107606","Boulder County Coroner - REP","There are no candidates for this office",129,0,129,0
"606","2171107606","Governor - UNI","Paul Noël Fiorino",0,0,0,0
"606","2171107606","Governor - UNI","Jeff Peckman",0,0,0,0
"607","2171107607","United States Senator - DEM","Julie Gonzales",670,363,5,0
"607","2171107607","United States Senator - DEM","John Hickenlooper",670,302,5,0
"607","2171107607","Representative to the 120th United States Congress - District 2 - DEM","Joe Neguse",670,579,91,0
"607","2171107607","Governor - DEM","Phil Weiser",670,406,8,1
"607","2171107607","Governor - DEM","Michael Bennet",670,255,8,1
"607","2171107607","Secretary of State - DEM","Amanda Gonzalez",670,390,58,0
"607","2171107607","Secretary of State - DEM","Jessie Danielson",670,222,58,0
"607","2171107607","State Treasurer - DEM","Jeff Bridges",670,532,138,0
"607","2171107607","Attorney General - DEM","Jena Griswold",670,237,20,0
"607","2171107607","Attorney General - DEM","David Seligman",670,133,20,0
"607","2171107607","Attorney General - DEM","Michael Dougherty",670,193,20,0
"607","2171107607","Attorney General - DEM","Hetal Doshi",670,87,20,0
"607","2171107607","Regent of the University of Colorado - Congressional District 2 - DEM","Kubs Lalchandani",670,177,86,1
"607","2171107607","Regent of the University of Colorado - Congressional District 2 - DEM","Edie Hooton",670,219,86,1
"607","2171107607","Regent of the University of Colorado - Congressional District 2 - DEM","Murray Smith",670,187,86,1
"607","2171107607","State Senator - District 17 - DEM","Katie Wallace",670,529,141,0
"607","2171107607","State Representative - District 11 - DEM","Karen McCormick",670,533,137,0
"607","2171107607","Boulder County Commissioner - District 3 - DEM","Ashley Stolzmann",670,528,142,0
"607","2171107607","Boulder County Clerk and Recorder - DEM","Molly Fitzpatrick",670,526,144,0
"607","2171107607","Boulder County Treasurer - DEM","Jenn Kaaoush",670,262,91,1
"607","2171107607","Boulder County Treasurer - DEM","Rachel Friend",670,316,91,1
"607","2171107607","Boulder County Assessor - DEM","Cynthia Braddock",670,513,157,0
"607","2171107607","Boulder County Sheriff - DEM","Curtis Johnson",670,505,165,0
"607","2171107607","Boulder County Surveyor - DEM","Kayce D. W. Keane",670,508,162,0
"607","2171107607","Boulder County Coroner - DEM","Jeff Martin",670,509,161,0
"607","2171107607","United States Senator - REP","Mark Baisley",120,105,15,0
"607","2171107607","Representative to the 120th United States Congress - District 2 - REP","Kelley Anne Dennison",120,71,13,0
"607","2171107607","Representative to the 120th United States Congress - District 2 - REP","Christina Blunt (Ducommun)",120,36,13,0
"607","2171107607","Governor - REP","Scott Bottoms",120,17,5,0
"607","2171107607","Governor - REP","Victor Marx",120,42,5,0
"607","2171107607","Governor - REP","Barb Kirkmeyer",120,56,5,0
"607","2171107607","Governor - REP","Kelvin ""K-Man"" Wimberly (Write-in Candidate)",120,0,5,0
"607","2171107607","Secretary of State - REP","James Wiley",120,101,19,0
"607","2171107607","State Treasurer - REP","Kevin Grantham",120,103,17,0
"607","2171107607","Attorney General - REP","Michael J. Allen",120,70,8,0
"607","2171107607","Attorney General - REP","David Willson",120,42,8,0
"607","2171107607","Regent of the University of Colorado - Congressional District 2 - REP","Marty Neilson",120,100,20,0
"607","2171107607","State Senator - District 17 - REP","Pat Miller",120,99,21,0
"607","2171107607","State Representative - District 11 - REP","There are no candidates for this office",120,0,120,0
"607","2171107607","Boulder County Commissioner - District 3 - REP","There are no candidates for this office",120,0,120,0
"607","2171107607","Boulder County Clerk and Recorder - REP","There are no candidates for this office",120,0,120,0
"607","2171107607","Boulder County Treasurer - REP","There are no candidates for this office",120,0,120,0
"607","2171107607","Boulder County Assessor - REP","There are no candidates for this office",120,0,120,0
"607","2171107607","Boulder County Sheriff - REP","There are no candidates for this office",120,0,120,0
"607","2171107607","Boulder County Surveyor - REP","There are no candidates for this office",120,0,120,0
"607","2171107607","Boulder County Coroner - REP","There are no candidates for this office",120,0,120,0
"607","2171107607","Governor - UNI","Paul Noël Fiorino",0,0,0,0
"607","2171107607","Governor - UNI","Jeff Peckman",0,0,0,0
"608","2171107608","United States Senator - DEM","Julie Gonzales",579,281,4,0
"608","2171107608","United States Senator - DEM","John Hickenlooper",579,294,4,0
"608","2171107608","Representative to the 120th United States Congress - District 2 - DEM","Joe Neguse",579,499,80,0
"608","2171107608","Governor - DEM","Phil Weiser",579,328,7,0
"608","2171107608","Governor - DEM","Michael Bennet",579,244,7,0
"608","2171107608","Secretary of State - DEM","Amanda Gonzalez",579,337,50,0
"608","2171107608","Secretary of State - DEM","Jessie Danielson",579,192,50,0
"608","2171107608","State Treasurer - DEM","Jeff Bridges",579,460,119,0
"608","2171107608","Attorney General - DEM","Jena Griswold",579,171,20,0
"608","2171107608","Attorney General - DEM","David Seligman",579,100,20,0
"608","2171107608","Attorney General - DEM","Michael Dougherty",579,214,20,0
"608","2171107608","Attorney General - DEM","Hetal Doshi",579,74,20,0
"608","2171107608","Regent of the University of Colorado - Congressional District 2 - DEM","Kubs Lalchandani",579,136,94,2
"608","2171107608","Regent of the University of Colorado - Congressional District 2 - DEM","Edie Hooton",579,216,94,2
"608","2171107608","Regent of the University of Colorado - Congressional District 2 - DEM","Murray Smith",579,131,94,2
"608","2171107608","State Senator - District 17 - DEM","Katie Wallace",579,455,124,0
"608","2171107608","State Representative - District 11 - DEM","Karen McCormick",579,452,127,0
"608","2171107608","Boulder County Commissioner - District 3 - DEM","Ashley Stolzmann",579,449,130,0
"608","2171107608","Boulder County Clerk and Recorder - DEM","Molly Fitzpatrick",579,453,126,0
"608","2171107608","Boulder County Treasurer - DEM","Jenn Kaaoush",579,205,95,0
"608","2171107608","Boulder County Treasurer - DEM","Rachel Friend",579,279,95,0
"608","2171107608","Boulder County Assessor - DEM","Cynthia Braddock",579,444,135,0
"608","2171107608","Boulder County Sheriff - DEM","Curtis Johnson",579,441,138,0
"608","2171107608","Boulder County Surveyor - DEM","Kayce D. W. Keane",579,443,136,0
"608","2171107608","Boulder County Coroner - DEM","Jeff Martin",579,444,135,0
"608","2171107608","United States Senator - REP","Mark Baisley",111,77,34,0
"608","2171107608","Representative to the 120th United States Congress - District 2 - REP","Kelley Anne Dennison",111,47,17,0
"608","2171107608","Representative to the 120th United States Congress - District 2 - REP","Christina Blunt (Ducommun)",111,47,17,0
"608","2171107608","Governor - REP","Scott Bottoms",111,23,2,0
"608","2171107608","Governor - REP","Victor Marx",111,43,2,0
"608","2171107608","Governor - REP","Barb Kirkmeyer",111,43,2,0
"608","2171107608","Governor - REP","Kelvin ""K-Man"" Wimberly (Write-in Candidate)",111,0,2,0
"608","2171107608","Secretary of State - REP","James Wiley",111,76,35,0
"608","2171107608","State Treasurer - REP","Kevin Grantham",111,78,33,0
"608","2171107608","Attorney General - REP","Michael J. Allen",111,47,15,0
"608","2171107608","Attorney General - REP","David Willson",111,49,15,0
"608","2171107608","Regent of the University of Colorado - Congressional District 2 - REP","Marty Neilson",111,77,34,0
"608","2171107608","State Senator - District 17 - REP","Pat Miller",111,76,35,0
"608","2171107608","State Representative - District 11 - REP","There are no candidates for this office",111,0,111,0
"608","2171107608","Boulder County Commissioner - District 3 - REP","There are no candidates for this office",111,0,111,0
"608","2171107608","Boulder County Clerk and Recorder - REP","There are no candidates for this office",111,0,111,0
"608","2171107608","Boulder County Treasurer - REP","There are no candidates for this office",111,0,111,0
"608","2171107608","Boulder County Assessor - REP","There are no candidates for this office",111,0,111,0
"608","2171107608","Boulder County Sheriff - REP","There are no candidates for this office",111,0,111,0
"608","2171107608","Boulder County Surveyor - REP","There are no candidates for this office",111,0,111,0
"608","2171107608","Boulder County Coroner - REP","There are no candidates for this office",111,0,111,0
"608","2171107608","Governor - UNI","Paul Noël Fiorino",0,0,0,0
"608","2171107608","Governor - UNI","Jeff Peckman",0,0,0,0
"609","2171107609","United States Senator - DEM","Julie Gonzales",578,313,1,0
"609","2171107609","United States Senator - DEM","John Hickenlooper",578,264,1,0
"609","2171107609","Representative to the 120th United States Congress - District 2 - DEM","Joe Neguse",578,506,72,0
"609","2171107609","Governor - DEM","Phil Weiser",578,362,8,0
"609","2171107609","Governor - DEM","Michael Bennet",578,208,8,0
"609","2171107609","Secretary of State - DEM","Amanda Gonzalez",578,325,42,0
"609","2171107609","Secretary of State - DEM","Jessie Danielson",578,211,42,0
"609","2171107609","State Treasurer - DEM","Jeff Bridges",578,475,103,0
"609","2171107609","Attorney General - DEM","Jena Griswold",578,170,12,0
"609","2171107609","Attorney General - DEM","David Seligman",578,146,12,0
"609","2171107609","Attorney General - DEM","Michael Dougherty",578,183,12,0
"609","2171107609","Attorney General - DEM","Hetal Doshi",578,67,12,0
"609","2171107609","Regent of the University of Colorado - Congressional District 2 - DEM","Kubs Lalchandani",578,175,69,0
"609","2171107609","Regent of the University of Colorado - Congressional District 2 - DEM","Edie Hooton",578,176,69,0
"609","2171107609","Regent of the University of Colorado - Congressional District 2 - DEM","Murray Smith",578,158,69,0
"609","2171107609","State Senator - District 17 - DEM","Katie Wallace",578,468,110,0
"609","2171107609","State Representative - District 11 - DEM","Karen McCormick",578,458,120,0
"609","2171107609","Boulder County Commissioner - District 3 - DEM","Ashley Stolzmann",578,454,124,0
"609","2171107609","Boulder County Clerk and Recorder - DEM","Molly Fitzpatrick",578,460,118,0
"609","2171107609","Boulder County Treasurer - DEM","Jenn Kaaoush",578,236,61,0
"609","2171107609","Boulder County Treasurer - DEM","Rachel Friend",578,281,61,0
"609","2171107609","Boulder County Assessor - DEM","Cynthia Braddock",578,445,133,0
"609","2171107609","Boulder County Sheriff - DEM","Curtis Johnson",578,445,133,0
"609","2171107609","Boulder County Surveyor - DEM","Kayce D. W. Keane",578,447,131,0
"609","2171107609","Boulder County Coroner - DEM","Jeff Martin",578,445,133,0
"609","2171107609","United States Senator - REP","Mark Baisley",88,73,15,0
"609","2171107609","Representative to the 120th United States Congress - District 2 - REP","Kelley Anne Dennison",88,35,16,0
"609","2171107609","Representative to the 120th United States Congress - District 2 - REP","Christina Blunt (Ducommun)",88,37,16,0
"609","2171107609","Governor - REP","Scott Bottoms",88,22,2,0
"609","2171107609","Governor - REP","Victor Marx",88,27,2,0
"609","2171107609","Governor - REP","Barb Kirkmeyer",88,37,2,0
"609","2171107609","Governor - REP","Kelvin ""K-Man"" Wimberly (Write-in Candidate)",88,0,2,0
"609","2171107609","Secretary of State - REP","James Wiley",88,71,17,0
"609","2171107609","State Treasurer - REP","Kevin Grantham",88,71,17,0
"609","2171107609","Attorney General - REP","Michael J. Allen",88,32,11,0
"609","2171107609","Attorney General - REP","David Willson",88,45,11,0
"609","2171107609","Regent of the University of Colorado - Congressional District 2 - REP","Marty Neilson",88,68,20,0
"609","2171107609","State Senator - District 17 - REP","Pat Miller",88,69,19,0
"609","2171107609","State Representative - District 11 - REP","There are no candidates for this office",88,0,88,0
"609","2171107609","Boulder County Commissioner - District 3 - REP","There are no candidates for this office",88,0,88,0
"609","2171107609","Boulder County Clerk and Recorder - REP","There are no candidates for this office",88,0,88,0
"609","2171107609","Boulder County Treasurer - REP","There are no candidates for this office",88,0,88,0
"609","2171107609","Boulder County Assessor - REP","There are no candidates for this office",88,0,88,0
"609","2171107609","Boulder County Sheriff - REP","There are no candidates for this office",88,0,88,0
"609","2171107609","Boulder County Surveyor - REP","There are no candidates for this office",88,0,88,0
"609","2171107609","Boulder County Coroner - REP","There are no candidates for this office",88,0,88,0
"609","2171107609","Governor - UNI","Paul Noël Fiorino",0,0,0,0
"609","2171107609","Governor - UNI","Jeff Peckman",0,0,0,0
"610","2171107610","United States Senator - DEM","Julie Gonzales",801,390,4,0
"610","2171107610","United States Senator - DEM","John Hickenlooper",801,407,4,0
"610","2171107610","Representative to the 120th United States Congress - District 2 - DEM","Joe Neguse",801,702,99,0
"610","2171107610","Governor - DEM","Phil Weiser",801,456,13,0
"610","2171107610","Governor - DEM","Michael Bennet",801,332,13,0
"610","2171107610","Secretary of State - DEM","Amanda Gonzalez",801,484,81,0
"610","2171107610","Secretary of State - DEM","Jessie Danielson",801,236,81,0
"610","2171107610","State Treasurer - DEM","Jeff Bridges",801,648,153,0
"610","2171107610","Attorney General - DEM","Jena Griswold",801,276,24,0
"610","2171107610","Attorney General - DEM","David Seligman",801,175,24,0
"610","2171107610","Attorney General - DEM","Michael Dougherty",801,214,24,0
"610","2171107610","Attorney General - DEM","Hetal Doshi",801,112,24,0
"610","2171107610","Regent of the University of Colorado - Congressional District 2 - DEM","Kubs Lalchandani",801,191,116,0
"610","2171107610","Regent of the University of Colorado - Congressional District 2 - DEM","Edie Hooton",801,265,116,0
"610","2171107610","Regent of the University of Colorado - Congressional District 2 - DEM","Murray Smith",801,229,116,0
"610","2171107610","State Senator - District 17 - DEM","Katie Wallace",801,642,159,0
"610","2171107610","State Representative - District 11 - DEM","Karen McCormick",801,645,156,0
"610","2171107610","Boulder County Commissioner - District 3 - DEM","Ashley Stolzmann",801,636,165,0
"610","2171107610","Boulder County Clerk and Recorder - DEM","Molly Fitzpatrick",801,636,165,0
"610","2171107610","Boulder County Treasurer - DEM","Jenn Kaaoush",801,279,114,0
"610","2171107610","Boulder County Treasurer - DEM","Rachel Friend",801,408,114,0
"610","2171107610","Boulder County Assessor - DEM","Cynthia Braddock",801,627,174,0
"610","2171107610","Boulder County Sheriff - DEM","Curtis Johnson",801,620,181,0
"610","2171107610","Boulder County Surveyor - DEM","Kayce D. W. Keane",801,623,178,0
"610","2171107610","Boulder County Coroner - DEM","Jeff Martin",801,625,176,0
"610","2171107610","Secretary of State - LBR","Sean Vadney",0,0,0,0
"610","2171107610","Secretary of State - LBR","Alex Astley",0,0,0,0
"610","2171107610","United States Senator - REP","Mark Baisley",191,157,34,0
"610","2171107610","Representative to the 120th United States Congress - District 2 - REP","Kelley Anne Dennison",191,95,26,0
"610","2171107610","Representative to the 120th United States Congress - District 2 - REP","Christina Blunt (Ducommun)",191,70,26,0
"610","2171107610","Governor - REP","Scott Bottoms",191,49,9,0
"610","2171107610","Governor - REP","Victor Marx",191,51,9,0
"610","2171107610","Governor - REP","Barb Kirkmeyer",191,82,9,0
"610","2171107610","Governor - REP","Kelvin ""K-Man"" Wimberly (Write-in Candidate)",191,0,9,0
"610","2171107610","Secretary of State - REP","James Wiley",191,157,34,0
"610","2171107610","State Treasurer - REP","Kevin Grantham",191,158,33,0
"610","2171107610","Attorney General - REP","Michael J. Allen",191,94,23,0
"610","2171107610","Attorney General - REP","David Willson",191,74,23,0
"610","2171107610","Regent of the University of Colorado - Congressional District 2 - REP","Marty Neilson",191,156,35,0
"610","2171107610","State Senator - District 17 - REP","Pat Miller",191,154,37,0
"610","2171107610","State Representative - District 11 - REP","There are no candidates for this office",191,0,191,0
"610","2171107610","Boulder County Commissioner - District 3 - REP","There are no candidates for this office",191,0,191,0
"610","2171107610","Boulder County Clerk and Recorder - REP","There are no candidates for this office",191,0,191,0
"610","2171107610","Boulder County Treasurer - REP","There are no candidates for this office",191,0,191,0
"610","2171107610","Boulder County Assessor - REP","There are no candidates for this office",191,0,191,0
"610","2171107610","Boulder County Sheriff - REP","There are no candidates for this office",191,0,191,0
"610","2171107610","Boulder County Surveyor - REP","There are no candidates for this office",191,0,191,0
"610","2171107610","Boulder County Coroner - REP","There are no candidates for this office",191,0,191,0
"610","2171107610","Governor - UNI","Paul Noël Fiorino",0,0,0,0
"610","2171107610","Governor - UNI","Jeff Peckman",0,0,0,0
"611","2171107611","United States Senator - DEM","Julie Gonzales",430,225,2,0
"611","2171107611","United States Senator - DEM","John Hickenlooper",430,203,2,0
"611","2171107611","Representative to the 120th United States Congress - District 2 - DEM","Joe Neguse",430,377,53,0
"611","2171107611","Governor - DEM","Phil Weiser",430,287,4,0
"611","2171107611","Governor - DEM","Michael Bennet",430,139,4,0
"611","2171107611","Secretary of State - DEM","Amanda Gonzalez",430,275,41,0
"611","2171107611","Secretary of State - DEM","Jessie Danielson",430,114,41,0
"611","2171107611","State Treasurer - DEM","Jeff Bridges",430,348,82,0
"611","2171107611","Attorney General - DEM","Jena Griswold",430,140,6,0
"611","2171107611","Attorney General - DEM","David Seligman",430,84,6,0
"611","2171107611","Attorney General - DEM","Michael Dougherty",430,142,6,0
"611","2171107611","Attorney General - DEM","Hetal Doshi",430,58,6,0
"611","2171107611","Regent of the University of Colorado - Congressional District 2 - DEM","Kubs Lalchandani",430,117,62,0
"611","2171107611","Regent of the University of Colorado - Congressional District 2 - DEM","Edie Hooton",430,136,62,0
"611","2171107611","Regent of the University of Colorado - Congressional District 2 - DEM","Murray Smith",430,115,62,0
"611","2171107611","State Senator - District 17 - DEM","Katie Wallace",430,332,98,0
"611","2171107611","State Representative - District 11 - DEM","Karen McCormick",430,340,90,0
"611","2171107611","Boulder County Commissioner - District 3 - DEM","Ashley Stolzmann",430,329,101,0
"611","2171107611","Boulder County Clerk and Recorder - DEM","Molly Fitzpatrick",430,324,106,0
"611","2171107611","Boulder County Treasurer - DEM","Jenn Kaaoush",430,168,64,0
"611","2171107611","Boulder County Treasurer - DEM","Rachel Friend",430,198,64,0
"611","2171107611","Boulder County Assessor - DEM","Cynthia Braddock",430,315,115,0
"611","2171107611","Boulder County Sheriff - DEM","Curtis Johnson",430,321,109,0
"611","2171107611","Boulder County Surveyor - DEM","Kayce D. W. Keane",430,315,115,0
"611","2171107611","Boulder County Coroner - DEM","Jeff Martin",430,315,115,0
"611","2171107611","United States Senator - REP","Mark Baisley",78,51,27,0
"611","2171107611","Representative to the 120th United States Congress - District 2 - REP","Kelley Anne Dennison",78,52,14,2
"611","2171107611","Representative to the 120th United States Congress - District 2 - REP","Christina Blunt (Ducommun)",78,10,14,2
"611","2171107611","Governor - REP","Scott Bottoms",78,12,1,0
"611","2171107611","Governor - REP","Victor Marx",78,24,1,0
"611","2171107611","Governor - REP","Barb Kirkmeyer",78,41,1,0
"611","2171107611","Governor - REP","Kelvin ""K-Man"" Wimberly (Write-in Candidate)",78,0,1,0
"611","2171107611","Secretary of State - REP","James Wiley",78,48,30,0
"611","2171107611","State Treasurer - REP","Kevin Grantham",78,49,29,0
"611","2171107611","Attorney General - REP","Michael J. Allen",78,31,14,0
"611","2171107611","Attorney General - REP","David Willson",78,33,14,0
"611","2171107611","Regent of the University of Colorado - Congressional District 2 - REP","Marty Neilson",78,47,31,0
"611","2171107611","State Senator - District 17 - REP","Pat Miller",78,48,30,0
"611","2171107611","State Representative - District 11 - REP","There are no candidates for this office",78,0,78,0
"611","2171107611","Boulder County Commissioner - District 3 - REP","There are no candidates for this office",78,0,78,0
"611","2171107611","Boulder County Clerk and Recorder - REP","There are no candidates for this office",78,0,78,0
"611","2171107611","Boulder County Treasurer - REP","There are no candidates for this office",78,0,78,0
"611","2171107611","Boulder County Assessor - REP","There are no candidates for this office",78,0,78,0
"611","2171107611","Boulder County Sheriff - REP","There are no candidates for this office",78,0,78,0
"611","2171107611","Boulder County Surveyor - REP","There are no candidates for this office",78,0,78,0
"611","2171107611","Boulder County Coroner - REP","There are no candidates for this office",78,0,78,0
"611","2171107611","Governor - UNI","Paul Noël Fiorino",0,0,0,0
"611","2171107611","Governor - UNI","Jeff Peckman",0,0,0,0
"612","2171107612","United States Senator - DEM","Julie Gonzales",398,242,4,0
"612","2171107612","United States Senator - DEM","John Hickenlooper",398,152,4,0
"612","2171107612","Representative to the 120th United States Congress - District 2 - DEM","Joe Neguse",398,336,62,0
"612","2171107612","Governor - DEM","Phil Weiser",398,266,5,0
"612","2171107612","Governor - DEM","Michael Bennet",398,127,5,0
"612","2171107612","Secretary of State - DEM","Amanda Gonzalez",398,256,34,0
"612","2171107612","Secretary of State - DEM","Jessie Danielson",398,108,34,0
"612","2171107612","State Treasurer - DEM","Jeff Bridges",398,313,85,0
"612","2171107612","Attorney General - DEM","Jena Griswold",398,122,5,0
"612","2171107612","Attorney General - DEM","David Seligman",398,94,5,0
"612","2171107612","Attorney General - DEM","Michael Dougherty",398,107,5,0
"612","2171107612","Attorney General - DEM","Hetal Doshi",398,70,5,0
"612","2171107612","Regent of the University of Colorado - Congressional District 2 - DEM","Kubs Lalchandani",398,126,53,1
"612","2171107612","Regent of the University of Colorado - Congressional District 2 - DEM","Edie Hooton",398,110,53,1
"612","2171107612","Regent of the University of Colorado - Congressional District 2 - DEM","Murray Smith",398,108,53,1
"612","2171107612","State Senator - District 17 - DEM","Katie Wallace",398,305,93,0
"612","2171107612","State Representative - District 11 - DEM","Karen McCormick",398,304,94,0
"612","2171107612","Boulder County Commissioner - District 3 - DEM","Ashley Stolzmann",398,299,99,0
"612","2171107612","Boulder County Clerk and Recorder - DEM","Molly Fitzpatrick",398,302,96,0
"612","2171107612","Boulder County Treasurer - DEM","Jenn Kaaoush",398,167,50,1
"612","2171107612","Boulder County Treasurer - DEM","Rachel Friend",398,180,50,1
"612","2171107612","Boulder County Assessor - DEM","Cynthia Braddock",398,297,101,0
"612","2171107612","Boulder County Sheriff - DEM","Curtis Johnson",398,293,105,0
"612","2171107612","Boulder County Surveyor - DEM","Kayce D. W. Keane",398,295,103,0
"612","2171107612","Boulder County Coroner - DEM","Jeff Martin",398,294,104,0
"612","2171107612","United States Senator - REP","Mark Baisley",81,57,24,0
"612","2171107612","Representative to the 120th United States Congress - District 2 - REP","Kelley Anne Dennison",81,49,15,0
"612","2171107612","Representative to the 120th United States Congress - District 2 - REP","Christina Blunt (Ducommun)",81,17,15,0
"612","2171107612","Governor - REP","Scott Bottoms",81,11,1,1
"612","2171107612","Governor - REP","Victor Marx",81,35,1,1
"612","2171107612","Governor - REP","Barb Kirkmeyer",81,33,1,1
"612","2171107612","Governor - REP","Kelvin ""K-Man"" Wimberly (Write-in Candidate)",81,0,1,1
"612","2171107612","Secretary of State - REP","James Wiley",81,57,24,0
"612","2171107612","State Treasurer - REP","Kevin Grantham",81,57,24,0
"612","2171107612","Attorney General - REP","Michael J. Allen",81,37,7,0
"612","2171107612","Attorney General - REP","David Willson",81,37,7,0
"612","2171107612","Regent of the University of Colorado - Congressional District 2 - REP","Marty Neilson",81,54,27,0
"612","2171107612","State Senator - District 17 - REP","Pat Miller",81,53,28,0
"612","2171107612","State Representative - District 11 - REP","There are no candidates for this office",81,0,81,0
"612","2171107612","Boulder County Commissioner - District 3 - REP","There are no candidates for this office",81,0,81,0
"612","2171107612","Boulder County Clerk and Recorder - REP","There are no candidates for this office",81,0,81,0
"612","2171107612","Boulder County Treasurer - REP","There are no candidates for this office",81,0,81,0
"612","2171107612","Boulder County Assessor - REP","There are no candidates for this office",81,0,81,0
"612","2171107612","Boulder County Sheriff - REP","There are no candidates for this office",81,0,81,0
"612","2171107612","Boulder County Surveyor - REP","There are no candidates for this office",81,0,81,0
"612","2171107612","Boulder County Coroner - REP","There are no candidates for this office",81,0,81,0
"612","2171107612","Governor - UNI","Paul Noël Fiorino",0,0,0,0
"612","2171107612","Governor - UNI","Jeff Peckman",0,0,0,0
"613","2171107613","United States Senator - DEM","Julie Gonzales",353,200,0,0
"613","2171107613","United States Senator - DEM","John Hickenlooper",353,153,0,0
"613","2171107613","Representative to the 120th United States Congress - District 2 - DEM","Joe Neguse",353,313,40,0
"613","2171107613","Governor - DEM","Phil Weiser",353,207,3,0
"613","2171107613","Governor - DEM","Michael Bennet",353,143,3,0
"613","2171107613","Secretary of State - DEM","Amanda Gonzalez",353,210,23,0
"613","2171107613","Secretary of State - DEM","Jessie Danielson",353,120,23,0
"613","2171107613","State Treasurer - DEM","Jeff Bridges",353,287,66,0
"613","2171107613","Attorney General - DEM","Jena Griswold",353,121,8,0
"613","2171107613","Attorney General - DEM","David Seligman",353,59,8,0
"613","2171107613","Attorney General - DEM","Michael Dougherty",353,102,8,0
"613","2171107613","Attorney General - DEM","Hetal Doshi",353,63,8,0
"613","2171107613","Regent of the University of Colorado - Congressional District 2 - DEM","Kubs Lalchandani",353,86,46,0
"613","2171107613","Regent of the University of Colorado - Congressional District 2 - DEM","Edie Hooton",353,112,46,0
"613","2171107613","Regent of the University of Colorado - Congressional District 2 - DEM","Murray Smith",353,109,46,0
"613","2171107613","State Senator - District 17 - DEM","Katie Wallace",353,286,67,0
"613","2171107613","State Representative - District 11 - DEM","Karen McCormick",353,291,62,0
"613","2171107613","Boulder County Commissioner - District 3 - DEM","Ashley Stolzmann",353,280,73,0
"613","2171107613","Boulder County Clerk and Recorder - DEM","Molly Fitzpatrick",353,280,73,0
"613","2171107613","Boulder County Treasurer - DEM","Jenn Kaaoush",353,165,38,0
"613","2171107613","Boulder County Treasurer - DEM","Rachel Friend",353,150,38,0
"613","2171107613","Boulder County Assessor - DEM","Cynthia Braddock",353,279,74,0
"613","2171107613","Boulder County Sheriff - DEM","Curtis Johnson",353,277,76,0
"613","2171107613","Boulder County Surveyor - DEM","Kayce D. W. Keane",353,277,76,0
"613","2171107613","Boulder County Coroner - DEM","Jeff Martin",353,278,75,0
"613","2171107613","Secretary of State - LBR","Sean Vadney",0,0,0,0
"613","2171107613","Secretary of State - LBR","Alex Astley",0,0,0,0
"613","2171107613","United States Senator - REP","Mark Baisley",81,71,10,0
"613","2171107613","Representative to the 120th United States Congress - District 2 - REP","Kelley Anne Dennison",81,47,7,0
"613","2171107613","Representative to the 120th United States Congress - District 2 - REP","Christina Blunt (Ducommun)",81,27,7,0
"613","2171107613","Governor - REP","Scott Bottoms",81,18,2,0
"613","2171107613","Governor - REP","Victor Marx",81,36,2,0
"613","2171107613","Governor - REP","Barb Kirkmeyer",81,25,2,0
"613","2171107613","Governor - REP","Kelvin ""K-Man"" Wimberly (Write-in Candidate)",81,0,2,0
"613","2171107613","Secretary of State - REP","James Wiley",81,72,9,0
"613","2171107613","State Treasurer - REP","Kevin Grantham",81,73,8,0
"613","2171107613","Attorney General - REP","Michael J. Allen",81,27,7,0
"613","2171107613","Attorney General - REP","David Willson",81,47,7,0
"613","2171107613","Regent of the University of Colorado - Congressional District 2 - REP","Marty Neilson",81,68,13,0
"613","2171107613","State Senator - District 17 - REP","Pat Miller",81,67,14,0
"613","2171107613","State Representative - District 11 - REP","There are no candidates for this office",81,0,81,0
"613","2171107613","Boulder County Commissioner - District 3 - REP","There are no candidates for this office",81,0,81,0
"613","2171107613","Boulder County Clerk and Recorder - REP","There are no candidates for this office",81,0,81,0
"613","2171107613","Boulder County Treasurer - REP","There are no candidates for this office",81,0,81,0
"613","2171107613","Boulder County Assessor - REP","There are no candidates for this office",81,0,81,0
"613","2171107613","Boulder County Sheriff - REP","There are no candidates for this office",81,0,81,0
"613","2171107613","Boulder County Surveyor - REP","There are no candidates for this office",81,0,81,0
"613","2171107613","Boulder County Coroner - REP","There are no candidates for this office",81,0,81,0
"613","2171107613","Governor - UNI","Paul Noël Fiorino",0,0,0,0
"613","2171107613","Governor - UNI","Jeff Peckman",0,0,0,0
"614","2171107614","United States Senator - DEM","Julie Gonzales",235,134,0,0
"614","2171107614","United States Senator - DEM","John Hickenlooper",235,101,0,0
"614","2171107614","Representative to the 120th United States Congress - District 2 - DEM","Joe Neguse",235,198,37,0
"614","2171107614","Governor - DEM","Phil Weiser",235,155,5,0
"614","2171107614","Governor - DEM","Michael Bennet",235,75,5,0
"614","2171107614","Secretary of State - DEM","Amanda Gonzalez",235,147,19,0
"614","2171107614","Secretary of State - DEM","Jessie Danielson",235,69,19,0
"614","2171107614","State Treasurer - DEM","Jeff Bridges",235,188,47,0
"614","2171107614","Attorney General - DEM","Jena Griswold",235,82,10,0
"614","2171107614","Attorney General - DEM","David Seligman",235,55,10,0
"614","2171107614","Attorney General - DEM","Michael Dougherty",235,60,10,0
"614","2171107614","Attorney General - DEM","Hetal Doshi",235,28,10,0
"614","2171107614","Regent of the University of Colorado - Congressional District 2 - DEM","Kubs Lalchandani",235,57,40,0
"614","2171107614","Regent of the University of Colorado - Congressional District 2 - DEM","Edie Hooton",235,81,40,0
"614","2171107614","Regent of the University of Colorado - Congressional District 2 - DEM","Murray Smith",235,57,40,0
"614","2171107614","State Senator - District 17 - DEM","Katie Wallace",235,182,53,0
"614","2171107614","State Representative - District 11 - DEM","Karen McCormick",235,186,49,0
"614","2171107614","Boulder County Commissioner - District 3 - DEM","Ashley Stolzmann",235,182,53,0
"614","2171107614","Boulder County Clerk and Recorder - DEM","Molly Fitzpatrick",235,187,48,0
"614","2171107614","Boulder County Treasurer - DEM","Jenn Kaaoush",235,101,29,1
"614","2171107614","Boulder County Treasurer - DEM","Rachel Friend",235,104,29,1
"614","2171107614","Boulder County Assessor - DEM","Cynthia Braddock",235,180,55,0
"614","2171107614","Boulder County Sheriff - DEM","Curtis Johnson",235,176,59,0
"614","2171107614","Boulder County Surveyor - DEM","Kayce D. W. Keane",235,181,54,0
"614","2171107614","Boulder County Coroner - DEM","Jeff Martin",235,180,55,0
"614","2171107614","Secretary of State - LBR","Sean Vadney",0,0,0,0
"614","2171107614","Secretary of State - LBR","Alex Astley",0,0,0,0
"614","2171107614","United States Senator - REP","Mark Baisley",52,38,14,0
"614","2171107614","Representative to the 120th United States Congress - District 2 - REP","Kelley Anne Dennison",52,28,7,0
"614","2171107614","Representative to the 120th United States Congress - District 2 - REP","Christina Blunt (Ducommun)",52,17,7,0
"614","2171107614","Governor - REP","Scott Bottoms",52,9,2,0
"614","2171107614","Governor - REP","Victor Marx",52,19,2,0
"614","2171107614","Governor - REP","Barb Kirkmeyer",52,22,2,0
"614","2171107614","Governor - REP","Kelvin ""K-Man"" Wimberly (Write-in Candidate)",52,0,2,0
"614","2171107614","Secretary of State - REP","James Wiley",52,39,13,0
"614","2171107614","State Treasurer - REP","Kevin Grantham",52,41,11,0
"614","2171107614","Attorney General - REP","Michael J. Allen",52,23,4,0
"614","2171107614","Attorney General - REP","David Willson",52,25,4,0
"614","2171107614","Regent of the University of Colorado - Congressional District 2 - REP","Marty Neilson",52,36,16,0
"614","2171107614","State Senator - District 17 - REP","Pat Miller",52,39,13,0
"614","2171107614","State Representative - District 11 - REP","There are no candidates for this office",52,0,52,0
"614","2171107614","Boulder County Commissioner - District 3 - REP","There are no candidates for this office",52,0,52,0
"614","2171107614","Boulder County Clerk and Recorder - REP","There are no candidates for this office",52,0,52,0
"614","2171107614","Boulder County Treasurer - REP","There are no candidates for this office",52,0,52,0
"614","2171107614","Boulder County Assessor - REP","There are no candidates for this office",52,0,52,0
"614","2171107614","Boulder County Sheriff - REP","There are no candidates for this office",52,0,52,0
"614","2171107614","Boulder County Surveyor - REP","There are no candidates for this office",52,0,52,0
"614","2171107614","Boulder County Coroner - REP","There are no candidates for this office",52,0,52,0
"614","2171107614","Governor - UNI","Paul Noël Fiorino",0,0,0,0
"614","2171107614","Governor - UNI","Jeff Peckman",0,0,0,0
"615","2171107615","United States Senator - DEM","Julie Gonzales",842,422,10,0
"615","2171107615","United States Senator - DEM","John Hickenlooper",842,410,10,0
"615","2171107615","Representative to the 120th United States Congress - District 2 - DEM","Joe Neguse",842,740,102,0
"615","2171107615","Governor - DEM","Phil Weiser",842,535,8,0
"615","2171107615","Governor - DEM","Michael Bennet",842,299,8,0
"615","2171107615","Secretary of State - DEM","Amanda Gonzalez",842,493,86,0
"615","2171107615","Secretary of State - DEM","Jessie Danielson",842,263,86,0
"615","2171107615","State Treasurer - DEM","Jeff Bridges",842,681,161,0
"615","2171107615","Attorney General - DEM","Jena Griswold",842,289,31,0
"615","2171107615","Attorney General - DEM","David Seligman",842,146,31,0
"615","2171107615","Attorney General - DEM","Michael Dougherty",842,272,31,0
"615","2171107615","Attorney General - DEM","Hetal Doshi",842,104,31,0
"615","2171107615","Regent of the University of Colorado - Congressional District 2 - DEM","Kubs Lalchandani",842,218,139,3
"615","2171107615","Regent of the University of Colorado - Congressional District 2 - DEM","Edie Hooton",842,278,139,3
"615","2171107615","Regent of the University of Colorado - Congressional District 2 - DEM","Murray Smith",842,204,139,3
"615","2171107615","State Senator - District 17 - DEM","Katie Wallace",842,674,168,0
"615","2171107615","State Representative - District 11 - DEM","Karen McCormick",842,678,164,0
"615","2171107615","Boulder County Commissioner - District 3 - DEM","Ashley Stolzmann",842,660,182,0
"615","2171107615","Boulder County Clerk and Recorder - DEM","Molly Fitzpatrick",842,670,172,0
"615","2171107615","Boulder County Treasurer - DEM","Jenn Kaaoush",842,314,119,1
"615","2171107615","Boulder County Treasurer - DEM","Rachel Friend",842,408,119,1
"615","2171107615","Boulder County Assessor - DEM","Cynthia Braddock",842,655,187,0
"615","2171107615","Boulder County Sheriff - DEM","Curtis Johnson",842,646,196,0
"615","2171107615","Boulder County Surveyor - DEM","Kayce D. W. Keane",842,643,199,0
"615","2171107615","Boulder County Coroner - DEM","Jeff Martin",842,643,199,0
"615","2171107615","United States Senator - REP","Mark Baisley",118,100,18,0
"615","2171107615","Representative to the 120th United States Congress - District 2 - REP","Kelley Anne Dennison",118,64,11,0
"615","2171107615","Representative to the 120th United States Congress - District 2 - REP","Christina Blunt (Ducommun)",118,43,11,0
"615","2171107615","Governor - REP","Scott Bottoms",118,30,3,0
"615","2171107615","Governor - REP","Victor Marx",118,33,3,0
"615","2171107615","Governor - REP","Barb Kirkmeyer",118,52,3,0
"615","2171107615","Governor - REP","Kelvin ""K-Man"" Wimberly (Write-in Candidate)",118,0,3,0
"615","2171107615","Secretary of State - REP","James Wiley",118,100,18,0
"615","2171107615","State Treasurer - REP","Kevin Grantham",118,100,18,0
"615","2171107615","Attorney General - REP","Michael J. Allen",118,66,7,0
"615","2171107615","Attorney General - REP","David Willson",118,45,7,0
"615","2171107615","Regent of the University of Colorado - Congressional District 2 - REP","Marty Neilson",118,99,19,0
"615","2171107615","State Senator - District 17 - REP","Pat Miller",118,98,20,0
"615","2171107615","State Representative - District 11 - REP","There are no candidates for this office",118,0,118,0
"615","2171107615","Boulder County Commissioner - District 3 - REP","There are no candidates for this office",118,0,118,0
"615","2171107615","Boulder County Clerk and Recorder - REP","There are no candidates for this office",118,0,118,0
"615","2171107615","Boulder County Treasurer - REP","There are no candidates for this office",118,0,118,0
"615","2171107615","Boulder County Assessor - REP","There are no candidates for this office",118,0,118,0
"615","2171107615","Boulder County Sheriff - REP","There are no candidates for this office",118,0,118,0
"615","2171107615","Boulder County Surveyor - REP","There are no candidates for this office",118,0,118,0
"615","2171107615","Boulder County Coroner - REP","There are no candidates for this office",118,0,118,0
"615","2171107615","Governor - UNI","Paul Noël Fiorino",0,0,0,0
"615","2171107615","Governor - UNI","Jeff Peckman",0,0,0,0
"616","2171107616","United States Senator - DEM","Julie Gonzales",498,332,2,0
"616","2171107616","United States Senator - DEM","John Hickenlooper",498,164,2,0
"616","2171107616","Representative to the 120th United States Congress - District 2 - DEM","Joe Neguse",498,418,80,0
"616","2171107616","Governor - DEM","Phil Weiser",498,328,8,0
"616","2171107616","Governor - DEM","Michael Bennet",498,162,8,0
"616","2171107616","Secretary of State - DEM","Amanda Gonzalez",498,334,44,0
"616","2171107616","Secretary of State - DEM","Jessie Danielson",498,120,44,0
"616","2171107616","State Treasurer - DEM","Jeff Bridges",498,380,118,0
"616","2171107616","Attorney General - DEM","Jena Griswold",498,176,15,0
"616","2171107616","Attorney General - DEM","David Seligman",498,125,15,0
"616","2171107616","Attorney General - DEM","Michael Dougherty",498,125,15,0
"616","2171107616","Attorney General - DEM","Hetal Doshi",498,57,15,0
"616","2171107616","Regent of the University of Colorado - Congressional District 2 - DEM","Kubs Lalchandani",498,127,71,0
"616","2171107616","Regent of the University of Colorado - Congressional District 2 - DEM","Edie Hooton",498,133,71,0
"616","2171107616","Regent of the University of Colorado - Congressional District 2 - DEM","Murray Smith",498,167,71,0
"616","2171107616","State Senator - District 17 - DEM","Katie Wallace",498,379,119,0
"616","2171107616","State Representative - District 11 - DEM","Karen McCormick",498,382,116,0
"616","2171107616","Boulder County Commissioner - District 3 - DEM","Ashley Stolzmann",498,377,121,0
"616","2171107616","Boulder County Clerk and Recorder - DEM","Molly Fitzpatrick",498,377,121,0
"616","2171107616","Boulder County Treasurer - DEM","Jenn Kaaoush",498,213,57,2
"616","2171107616","Boulder County Treasurer - DEM","Rachel Friend",498,226,57,2
"616","2171107616","Boulder County Assessor - DEM","Cynthia Braddock",498,372,126,0
"616","2171107616","Boulder County Sheriff - DEM","Curtis Johnson",498,362,136,0
"616","2171107616","Boulder County Surveyor - DEM","Kayce D. W. Keane",498,367,131,0
"616","2171107616","Boulder County Coroner - DEM","Jeff Martin",498,369,129,0
"616","2171107616","United States Senator - REP","Mark Baisley",70,55,15,0
"616","2171107616","Representative to the 120th United States Congress - District 2 - REP","Kelley Anne Dennison",70,43,8,0
"616","2171107616","Representative to the 120th United States Congress - District 2 - REP","Christina Blunt (Ducommun)",70,19,8,0
"616","2171107616","Governor - REP","Scott Bottoms",70,17,3,0
"616","2171107616","Governor - REP","Victor Marx",70,29,3,0
"616","2171107616","Governor - REP","Barb Kirkmeyer",70,21,3,0
"616","2171107616","Governor - REP","Kelvin ""K-Man"" Wimberly (Write-in Candidate)",70,0,3,0
"616","2171107616","Secretary of State - REP","James Wiley",70,54,16,0
"616","2171107616","State Treasurer - REP","Kevin Grantham",70,54,16,0
"616","2171107616","Attorney General - REP","Michael J. Allen",70,32,6,0
"616","2171107616","Attorney General - REP","David Willson",70,32,6,0
"616","2171107616","Regent of the University of Colorado - Congressional District 2 - REP","Marty Neilson",70,55,15,0
"616","2171107616","State Senator - District 17 - REP","Pat Miller",70,54,16,0
"616","2171107616","State Representative - District 11 - REP","There are no candidates for this office",70,0,70,0
"616","2171107616","Boulder County Commissioner - District 3 - REP","There are no candidates for this office",70,0,70,0
"616","2171107616","Boulder County Clerk and Recorder - REP","There are no candidates for this office",70,0,70,0
"616","2171107616","Boulder County Treasurer - REP","There are no candidates for this office",70,0,70,0
"616","2171107616","Boulder County Assessor - REP","There are no candidates for this office",70,0,70,0
"616","2171107616","Boulder County Sheriff - REP","There are no candidates for this office",70,0,70,0
"616","2171107616","Boulder County Surveyor - REP","There are no candidates for this office",70,0,70,0
"616","2171107616","Boulder County Coroner - REP","There are no candidates for this office",70,0,70,0
"617","2171107617","United States Senator - DEM","Julie Gonzales",370,227,2,0
"617","2171107617","United States Senator - DEM","John Hickenlooper",370,141,2,0
"617","2171107617","Representative to the 120th United States Congress - District 2 - DEM","Joe Neguse",370,316,54,0
"617","2171107617","Governor - DEM","Phil Weiser",370,212,5,0
"617","2171107617","Governor - DEM","Michael Bennet",370,153,5,0
"617","2171107617","Secretary of State - DEM","Amanda Gonzalez",370,277,26,0
"617","2171107617","Secretary of State - DEM","Jessie Danielson",370,67,26,0
"617","2171107617","State Treasurer - DEM","Jeff Bridges",370,296,74,0
"617","2171107617","Attorney General - DEM","Jena Griswold",370,137,6,0
"617","2171107617","Attorney General - DEM","David Seligman",370,99,6,0
"617","2171107617","Attorney General - DEM","Michael Dougherty",370,75,6,0
"617","2171107617","Attorney General - DEM","Hetal Doshi",370,53,6,0
"617","2171107617","Regent of the University of Colorado - Congressional District 2 - DEM","Kubs Lalchandani",370,100,49,0
"617","2171107617","Regent of the University of Colorado - Congressional District 2 - DEM","Edie Hooton",370,101,49,0
"617","2171107617","Regent of the University of Colorado - Congressional District 2 - DEM","Murray Smith",370,120,49,0
"617","2171107617","State Senator - District 17 - DEM","Katie Wallace",370,296,74,0
"617","2171107617","State Representative - District 11 - DEM","Karen McCormick",370,296,74,0
"617","2171107617","Boulder County Commissioner - District 3 - DEM","Ashley Stolzmann",370,292,78,0
"617","2171107617","Boulder County Clerk and Recorder - DEM","Molly Fitzpatrick",370,293,77,0
"617","2171107617","Boulder County Treasurer - DEM","Jenn Kaaoush",370,179,45,0
"617","2171107617","Boulder County Treasurer - DEM","Rachel Friend",370,146,45,0
"617","2171107617","Boulder County Assessor - DEM","Cynthia Braddock",370,283,87,0
"617","2171107617","Boulder County Sheriff - DEM","Curtis Johnson",370,278,92,0
"617","2171107617","Boulder County Surveyor - DEM","Kayce D. W. Keane",370,281,89,0
"617","2171107617","Boulder County Coroner - DEM","Jeff Martin",370,282,88,0
"617","2171107617","United States Senator - REP","Mark Baisley",88,70,18,0
"617","2171107617","Representative to the 120th United States Congress - District 2 - REP","Kelley Anne Dennison",88,48,9,0
"617","2171107617","Representative to the 120th United States Congress - District 2 - REP","Christina Blunt (Ducommun)",88,31,9,0
"617","2171107617","Governor - REP","Scott Bottoms",88,13,1,0
"617","2171107617","Governor - REP","Victor Marx",88,39,1,0
"617","2171107617","Governor - REP","Barb Kirkmeyer",88,35,1,0
"617","2171107617","Governor - REP","Kelvin ""K-Man"" Wimberly (Write-in Candidate)",88,0,1,0
"617","2171107617","Secretary of State - REP","James Wiley",88,70,18,0
"617","2171107617","State Treasurer - REP","Kevin Grantham",88,70,18,0
"617","2171107617","Attorney General - REP","Michael J. Allen",88,38,8,0
"617","2171107617","Attorney General - REP","David Willson",88,42,8,0
"617","2171107617","Regent of the University of Colorado - Congressional District 2 - REP","Marty Neilson",88,70,18,0
"617","2171107617","State Senator - District 17 - REP","Pat Miller",88,70,18,0
"617","2171107617","State Representative - District 11 - REP","There are no candidates for this office",88,0,88,0
"617","2171107617","Boulder County Commissioner - District 3 - REP","There are no candidates for this office",88,0,88,0
"617","2171107617","Boulder County Clerk and Recorder - REP","There are no candidates for this office",88,0,88,0
"617","2171107617","Boulder County Treasurer - REP","There are no candidates for this office",88,0,88,0
"617","2171107617","Boulder County Assessor - REP","There are no candidates for this office",88,0,88,0
"617","2171107617","Boulder County Sheriff - REP","There are no candidates for this office",88,0,88,0
"617","2171107617","Boulder County Surveyor - REP","There are no candidates for this office",88,0,88,0
"617","2171107617","Boulder County Coroner - REP","There are no candidates for this office",88,0,88,0
"617","2171107617","Governor - UNI","Paul Noël Fiorino",0,0,0,0
"617","2171107617","Governor - UNI","Jeff Peckman",0,0,0,0
"618","2171107618","United States Senator - DEM","Julie Gonzales",463,255,4,0
"618","2171107618","United States Senator - DEM","John Hickenlooper",463,204,4,0
"618","2171107618","Representative to the 120th United States Congress - District 2 - DEM","Joe Neguse",463,411,52,0
"618","2171107618","Governor - DEM","Phil Weiser",463,267,3,0
"618","2171107618","Governor - DEM","Michael Bennet",463,193,3,0
"618","2171107618","Secretary of State - DEM","Amanda Gonzalez",463,296,41,0
"618","2171107618","Secretary of State - DEM","Jessie Danielson",463,126,41,0
"618","2171107618","State Treasurer - DEM","Jeff Bridges",463,386,77,0
"618","2171107618","Attorney General - DEM","Jena Griswold",463,155,18,0
"618","2171107618","Attorney General - DEM","David Seligman",463,83,18,0
"618","2171107618","Attorney General - DEM","Michael Dougherty",463,137,18,0
"618","2171107618","Attorney General - DEM","Hetal Doshi",463,70,18,0
"618","2171107618","Regent of the University of Colorado - Congressional District 2 - DEM","Kubs Lalchandani",463,128,83,0
"618","2171107618","Regent of the University of Colorado - Congressional District 2 - DEM","Edie Hooton",463,140,83,0
"618","2171107618","Regent of the University of Colorado - Congressional District 2 - DEM","Murray Smith",463,112,83,0
"618","2171107618","State Senator - District 17 - DEM","Katie Wallace",463,382,81,0
"618","2171107618","State Representative - District 11 - DEM","Karen McCormick",463,383,80,0
"618","2171107618","Boulder County Commissioner - District 3 - DEM","Ashley Stolzmann",463,376,87,0
"618","2171107618","Boulder County Clerk and Recorder - DEM","Molly Fitzpatrick",463,373,90,0
"618","2171107618","Boulder County Treasurer - DEM","Jenn Kaaoush",463,174,68,0
"618","2171107618","Boulder County Treasurer - DEM","Rachel Friend",463,221,68,0
"618","2171107618","Boulder County Assessor - DEM","Cynthia Braddock",463,371,92,0
"618","2171107618","Boulder County Sheriff - DEM","Curtis Johnson",463,365,98,0
"618","2171107618","Boulder County Surveyor - DEM","Kayce D. W. Keane",463,367,96,0
"618","2171107618","Boulder County Coroner - DEM","Jeff Martin",463,367,96,0
"618","2171107618","United States Senator - REP","Mark Baisley",148,116,32,0
"618","2171107618","Representative to the 120th United States Congress - District 2 - REP","Kelley Anne Dennison",148,85,21,0
"618","2171107618","Representative to the 120th United States Congress - District 2 - REP","Christina Blunt (Ducommun)",148,42,21,0
"618","2171107618","Governor - REP","Scott Bottoms",148,22,1,0
"618","2171107618","Governor - REP","Victor Marx",148,76,1,0
"618","2171107618","Governor - REP","Barb Kirkmeyer",148,49,1,0
"618","2171107618","Governor - REP","Kelvin ""K-Man"" Wimberly (Write-in Candidate)",148,0,1,0
"618","2171107618","Secretary of State - REP","James Wiley",148,114,34,0
"618","2171107618","State Treasurer - REP","Kevin Grantham",148,114,34,0
"618","2171107618","Attorney General - REP","Michael J. Allen",148,57,19,0
"618","2171107618","Attorney General - REP","David Willson",148,72,19,0
"618","2171107618","Regent of the University of Colorado - Congressional District 2 - REP","Marty Neilson",148,113,35,0
"618","2171107618","State Senator - District 17 - REP","Pat Miller",148,113,35,0
"618","2171107618","State Representative - District 11 - REP","There are no candidates for this office",148,0,148,0
"618","2171107618","Boulder County Commissioner - District 3 - REP","There are no candidates for this office",148,0,148,0
"618","2171107618","Boulder County Clerk and Recorder - REP","There are no candidates for this office",148,0,148,0
"618","2171107618","Boulder County Treasurer - REP","There are no candidates for this office",148,0,148,0
"618","2171107618","Boulder County Assessor - REP","There are no candidates for this office",148,0,148,0
"618","2171107618","Boulder County Sheriff - REP","There are no candidates for this office",148,0,148,0
"618","2171107618","Boulder County Surveyor - REP","There are no candidates for this office",148,0,148,0
"618","2171107618","Boulder County Coroner - REP","There are no candidates for this office",148,0,148,0
"618","2171107618","Governor - UNI","Paul Noël Fiorino",0,0,0,0
"618","2171107618","Governor - UNI","Jeff Peckman",0,0,0,0
"619","2171907619","United States Senator - DEM","Julie Gonzales",603,311,2,0
"619","2171907619","United States Senator - DEM","John Hickenlooper",603,290,2,0
"619","2171907619","Representative to the 120th United States Congress - District 2 - DEM","Joe Neguse",603,536,67,0
"619","2171907619","Governor - DEM","Phil Weiser",603,323,7,0
"619","2171907619","Governor - DEM","Michael Bennet",603,273,7,0
"619","2171907619","Secretary of State - DEM","Amanda Gonzalez",603,353,48,0
"619","2171907619","Secretary of State - DEM","Jessie Danielson",603,202,48,0
"619","2171907619","State Treasurer - DEM","Jeff Bridges",603,500,103,0
"619","2171907619","Attorney General - DEM","Jena Griswold",603,207,15,2
"619","2171907619","Attorney General - DEM","David Seligman",603,127,15,2
"619","2171907619","Attorney General - DEM","Michael Dougherty",603,174,15,2
"619","2171907619","Attorney General - DEM","Hetal Doshi",603,78,15,2
"619","2171907619","Regent of the University of Colorado - Congressional District 2 - DEM","Kubs Lalchandani",603,156,80,0
"619","2171907619","Regent of the University of Colorado - Congressional District 2 - DEM","Edie Hooton",603,214,80,0
"619","2171907619","Regent of the University of Colorado - Congressional District 2 - DEM","Murray Smith",603,153,80,0
"619","2171907619","State Senator - District 17 - DEM","Katie Wallace",603,489,114,0
"619","2171907619","State Representative - District 19 - DEM","Anil Pesaramelli",603,150,28,0
"619","2171907619","State Representative - District 19 - DEM","Jillaire McMillan",603,342,28,0
"619","2171907619","State Representative - District 19 - DEM","Colton Jonjak Plahn",603,83,28,0
"619","2171907619","Boulder County Commissioner - District 3 - DEM","Ashley Stolzmann",603,466,137,0
"619","2171907619","Boulder County Clerk and Recorder - DEM","Molly Fitzpatrick",603,472,131,0
"619","2171907619","Boulder County Treasurer - DEM","Jenn Kaaoush",603,231,92,0
"619","2171907619","Boulder County Treasurer - DEM","Rachel Friend",603,280,92,0
"619","2171907619","Boulder County Assessor - DEM","Cynthia Braddock",603,464,139,0
"619","2171907619","Boulder County Sheriff - DEM","Curtis Johnson",603,463,140,0
"619","2171907619","Boulder County Surveyor - DEM","Kayce D. W. Keane",603,465,138,0
"619","2171907619","Boulder County Coroner - DEM","Jeff Martin",603,465,138,0
"619","2171907619","Secretary of State - LBR","Sean Vadney",0,0,0,0
"619","2171907619","Secretary of State - LBR","Alex Astley",0,0,0,0
"619","2171907619","United States Senator - REP","Mark Baisley",232,194,38,0
"619","2171907619","Representative to the 120th United States Congress - District 2 - REP","Kelley Anne Dennison",232,109,28,0
"619","2171907619","Representative to the 120th United States Congress - District 2 - REP","Christina Blunt (Ducommun)",232,95,28,0
"619","2171907619","Governor - REP","Scott Bottoms",232,44,4,0
"619","2171907619","Governor - REP","Victor Marx",232,88,4,0
"619","2171907619","Governor - REP","Barb Kirkmeyer",232,96,4,0
"619","2171907619","Governor - REP","Kelvin ""K-Man"" Wimberly (Write-in Candidate)",232,0,4,0
"619","2171907619","Secretary of State - REP","James Wiley",232,195,37,0
"619","2171907619","State Treasurer - REP","Kevin Grantham",232,194,38,0
"619","2171907619","Attorney General - REP","Michael J. Allen",232,133,17,0
"619","2171907619","Attorney General - REP","David Willson",232,82,17,0
"619","2171907619","Regent of the University of Colorado - Congressional District 2 - REP","Marty Neilson",232,194,38,0
"619","2171907619","State Senator - District 17 - REP","Pat Miller",232,189,43,0
"619","2171907619","State Representative - District 19 - REP","Dan Woog",232,193,39,0
"619","2171907619","Boulder County Commissioner - District 3 - REP","There are no candidates for this office",232,0,232,0
"619","2171907619","Boulder County Clerk and Recorder - REP","There are no candidates for this office",232,0,232,0
"619","2171907619","Boulder County Treasurer - REP","There are no candidates for this office",232,0,232,0
"619","2171907619","Boulder County Assessor - REP","There are no candidates for this office",232,0,232,0
"619","2171907619","Boulder County Sheriff - REP","There are no candidates for this office",232,0,232,0
"619","2171907619","Boulder County Surveyor - REP","There are no candidates for this office",232,0,232,0
"619","2171907619","Boulder County Coroner - REP","There are no candidates for this office",232,0,232,0
"619","2171907619","Governor - UNI","Paul Noël Fiorino",0,0,0,0
"619","2171907619","Governor - UNI","Jeff Peckman",0,0,0,0
"620","2171907620","United States Senator - DEM","Julie Gonzales",609,299,4,0
"620","2171907620","United States Senator - DEM","John Hickenlooper",609,306,4,0
"620","2171907620","Representative to the 120th United States Congress - District 2 - DEM","Joe Neguse",609,525,84,0
"620","2171907620","Governor - DEM","Phil Weiser",609,331,5,0
"620","2171907620","Governor - DEM","Michael Bennet",609,273,5,0
"620","2171907620","Secretary of State - DEM","Amanda Gonzalez",609,367,40,0
"620","2171907620","Secretary of State - DEM","Jessie Danielson",609,202,40,0
"620","2171907620","State Treasurer - DEM","Jeff Bridges",609,491,118,0
"620","2171907620","Attorney General - DEM","Jena Griswold",609,228,12,0
"620","2171907620","Attorney General - DEM","David Seligman",609,117,12,0
"620","2171907620","Attorney General - DEM","Michael Dougherty",609,184,12,0
"620","2171907620","Attorney General - DEM","Hetal Doshi",609,68,12,0
"620","2171907620","Regent of the University of Colorado - Congressional District 2 - DEM","Kubs Lalchandani",609,169,88,0
"620","2171907620","Regent of the University of Colorado - Congressional District 2 - DEM","Edie Hooton",609,202,88,0
"620","2171907620","Regent of the University of Colorado - Congressional District 2 - DEM","Murray Smith",609,150,88,0
"620","2171907620","State Senator - District 17 - DEM","Katie Wallace",609,485,124,0
"620","2171907620","State Representative - District 19 - DEM","Anil Pesaramelli",609,152,46,0
"620","2171907620","State Representative - District 19 - DEM","Jillaire McMillan",609,304,46,0
"620","2171907620","State Representative - District 19 - DEM","Colton Jonjak Plahn",609,107,46,0
"620","2171907620","Boulder County Commissioner - District 3 - DEM","Ashley Stolzmann",609,473,136,0
"620","2171907620","Boulder County Clerk and Recorder - DEM","Molly Fitzpatrick",609,479,130,0
"620","2171907620","Boulder County Treasurer - DEM","Jenn Kaaoush",609,245,76,2
"620","2171907620","Boulder County Treasurer - DEM","Rachel Friend",609,286,76,2
"620","2171907620","Boulder County Assessor - DEM","Cynthia Braddock",609,470,139,0
"620","2171907620","Boulder County Sheriff - DEM","Curtis Johnson",609,467,142,0
"620","2171907620","Boulder County Surveyor - DEM","Kayce D. W. Keane",609,469,140,0
"620","2171907620","Boulder County Coroner - DEM","Jeff Martin",609,472,137,0
"620","2171907620","United States Senator - REP","Mark Baisley",142,125,17,0
"620","2171907620","Representative to the 120th United States Congress - District 2 - REP","Kelley Anne Dennison",142,76,22,1
"620","2171907620","Representative to the 120th United States Congress - District 2 - REP","Christina Blunt (Ducommun)",142,43,22,1
"620","2171907620","Governor - REP","Scott Bottoms",142,36,6,0
"620","2171907620","Governor - REP","Victor Marx",142,30,6,0
"620","2171907620","Governor - REP","Barb Kirkmeyer",142,70,6,0
"620","2171907620","Governor - REP","Kelvin ""K-Man"" Wimberly (Write-in Candidate)",142,0,6,0
"620","2171907620","Secretary of State - REP","James Wiley",142,122,20,0
"620","2171907620","State Treasurer - REP","Kevin Grantham",142,121,21,0
"620","2171907620","Attorney General - REP","Michael J. Allen",142,77,10,0
"620","2171907620","Attorney General - REP","David Willson",142,55,10,0
"620","2171907620","Regent of the University of Colorado - Congressional District 2 - REP","Marty Neilson",142,122,20,0
"620","2171907620","State Senator - District 17 - REP","Pat Miller",142,120,22,0
"620","2171907620","State Representative - District 19 - REP","Dan Woog",142,120,22,0
"620","2171907620","Boulder County Commissioner - District 3 - REP","There are no candidates for this office",142,0,142,0
"620","2171907620","Boulder County Clerk and Recorder - REP","There are no candidates for this office",142,0,142,0
"620","2171907620","Boulder County Treasurer - REP","There are no candidates for this office",142,0,142,0
"620","2171907620","Boulder County Assessor - REP","There are no candidates for this office",142,0,142,0
"620","2171907620","Boulder County Sheriff - REP","There are no candidates for this office",142,0,142,0
"620","2171907620","Boulder County Surveyor - REP","There are no candidates for this office",142,0,142,0
"620","2171907620","Boulder County Coroner - REP","There are no candidates for this office",142,0,142,0
"620","2171907620","Governor - UNI","Paul Noël Fiorino",0,0,0,0
"620","2171907620","Governor - UNI","Jeff Peckman",0,0,0,0
"621","2171907621","United States Senator - DEM","Julie Gonzales",274,132,2,0
"621","2171907621","United States Senator - DEM","John Hickenlooper",274,140,2,0
"621","2171907621","Representative to the 120th United States Congress - District 2 - DEM","Joe Neguse",274,224,50,0
"621","2171907621","Governor - DEM","Phil Weiser",274,162,2,0
"621","2171907621","Governor - DEM","Michael Bennet",274,110,2,0
"621","2171907621","Secretary of State - DEM","Amanda Gonzalez",274,171,23,0
"621","2171907621","Secretary of State - DEM","Jessie Danielson",274,80,23,0
"621","2171907621","State Treasurer - DEM","Jeff Bridges",274,211,63,0
"621","2171907621","Attorney General - DEM","Jena Griswold",274,102,8,0
"621","2171907621","Attorney General - DEM","David Seligman",274,55,8,0
"621","2171907621","Attorney General - DEM","Michael Dougherty",274,73,8,0
"621","2171907621","Attorney General - DEM","Hetal Doshi",274,36,8,0
"621","2171907621","Regent of the University of Colorado - Congressional District 2 - DEM","Kubs Lalchandani",274,65,50,0
"621","2171907621","Regent of the University of Colorado - Congressional District 2 - DEM","Edie Hooton",274,87,50,0
"621","2171907621","Regent of the University of Colorado - Congressional District 2 - DEM","Murray Smith",274,72,50,0
"621","2171907621","State Senator - District 17 - DEM","Katie Wallace",274,213,61,0
"621","2171907621","State Representative - District 19 - DEM","Anil Pesaramelli",274,66,21,0
"621","2171907621","State Representative - District 19 - DEM","Jillaire McMillan",274,154,21,0
"621","2171907621","State Representative - District 19 - DEM","Colton Jonjak Plahn",274,33,21,0
"621","2171907621","Boulder County Commissioner - District 3 - DEM","Ashley Stolzmann",274,198,76,0
"621","2171907621","Boulder County Clerk and Recorder - DEM","Molly Fitzpatrick",274,205,69,0
"621","2171907621","Boulder County Treasurer - DEM","Jenn Kaaoush",274,115,48,1
"621","2171907621","Boulder County Treasurer - DEM","Rachel Friend",274,110,48,1
"621","2171907621","Boulder County Assessor - DEM","Cynthia Braddock",274,198,76,0
"621","2171907621","Boulder County Sheriff - DEM","Curtis Johnson",274,201,73,0
"621","2171907621","Boulder County Surveyor - DEM","Kayce D. W. Keane",274,198,76,0
"621","2171907621","Boulder County Coroner - DEM","Jeff Martin",274,201,73,0
"621","2171907621","Secretary of State - LBR","Sean Vadney",0,0,0,0
"621","2171907621","Secretary of State - LBR","Alex Astley",0,0,0,0
"621","2171907621","United States Senator - REP","Mark Baisley",108,84,24,0
"621","2171907621","Representative to the 120th United States Congress - District 2 - REP","Kelley Anne Dennison",108,59,10,0
"621","2171907621","Representative to the 120th United States Congress - District 2 - REP","Christina Blunt (Ducommun)",108,39,10,0
"621","2171907621","Governor - REP","Scott Bottoms",108,13,0,0
"621","2171907621","Governor - REP","Victor Marx",108,37,0,0
"621","2171907621","Governor - REP","Barb Kirkmeyer",108,58,0,0
"621","2171907621","Governor - REP","Kelvin ""K-Man"" Wimberly (Write-in Candidate)",108,0,0,0
"621","2171907621","Secretary of State - REP","James Wiley",108,79,29,0
"621","2171907621","State Treasurer - REP","Kevin Grantham",108,79,29,0
"621","2171907621","Attorney General - REP","Michael J. Allen",108,52,15,0
"621","2171907621","Attorney General - REP","David Willson",108,41,15,0
"621","2171907621","Regent of the University of Colorado - Congressional District 2 - REP","Marty Neilson",108,79,29,0
"621","2171907621","State Senator - District 17 - REP","Pat Miller",108,80,28,0
"621","2171907621","State Representative - District 19 - REP","Dan Woog",108,81,27,0
"621","2171907621","Boulder County Commissioner - District 3 - REP","There are no candidates for this office",108,0,108,0
"621","2171907621","Boulder County Clerk and Recorder - REP","There are no candidates for this office",108,0,108,0
"621","2171907621","Boulder County Treasurer - REP","There are no candidates for this office",108,0,108,0
"621","2171907621","Boulder County Assessor - REP","There are no candidates for this office",108,0,108,0
"621","2171907621","Boulder County Sheriff - REP","There are no candidates for this office",108,0,108,0
"621","2171907621","Boulder County Surveyor - REP","There are no candidates for this office",108,0,108,0
"621","2171907621","Boulder County Coroner - REP","There are no candidates for this office",108,0,108,0
"621","2171907621","Governor - UNI","Paul Noël Fiorino",0,0,0,0
"621","2171907621","Governor - UNI","Jeff Peckman",0,0,0,0
"622","2171107622","United States Senator - DEM","Julie Gonzales",295,155,1,0
"622","2171107622","United States Senator - DEM","John Hickenlooper",295,139,1,0
"622","2171107622","Representative to the 120th United States Congress - District 2 - DEM","Joe Neguse",295,260,35,0
"622","2171107622","Governor - DEM","Phil Weiser",295,148,10,0
"622","2171107622","Governor - DEM","Michael Bennet",295,137,10,0
"622","2171107622","Secretary of State - DEM","Amanda Gonzalez",295,184,19,0
"622","2171107622","Secretary of State - DEM","Jessie Danielson",295,92,19,0
"622","2171107622","State Treasurer - DEM","Jeff Bridges",295,246,49,0
"622","2171107622","Attorney General - DEM","Jena Griswold",295,101,7,0
"622","2171107622","Attorney General - DEM","David Seligman",295,61,7,0
"622","2171107622","Attorney General - DEM","Michael Dougherty",295,77,7,0
"622","2171107622","Attorney General - DEM","Hetal Doshi",295,49,7,0
"622","2171107622","Regent of the University of Colorado - Congressional District 2 - DEM","Kubs Lalchandani",295,72,36,2
"622","2171107622","Regent of the University of Colorado - Congressional District 2 - DEM","Edie Hooton",295,103,36,2
"622","2171107622","Regent of the University of Colorado - Congressional District 2 - DEM","Murray Smith",295,82,36,2
"622","2171107622","State Senator - District 17 - DEM","Katie Wallace",295,236,59,0
"622","2171107622","State Representative - District 11 - DEM","Karen McCormick",295,233,62,0
"622","2171107622","Boulder County Commissioner - District 3 - DEM","Ashley Stolzmann",295,235,60,0
"622","2171107622","Boulder County Clerk and Recorder - DEM","Molly Fitzpatrick",295,235,60,0
"622","2171107622","Boulder County Treasurer - DEM","Jenn Kaaoush",295,125,39,0
"622","2171107622","Boulder County Treasurer - DEM","Rachel Friend",295,131,39,0
"622","2171107622","Boulder County Assessor - DEM","Cynthia Braddock",295,229,66,0
"622","2171107622","Boulder County Sheriff - DEM","Curtis Johnson",295,227,68,0
"622","2171107622","Boulder County Surveyor - DEM","Kayce D. W. Keane",295,229,66,0
"622","2171107622","Boulder County Coroner - DEM","Jeff Martin",295,228,67,0
"622","2171107622","Secretary of State - LBR","Sean Vadney",0,0,0,0
"622","2171107622","Secretary of State - LBR","Alex Astley",0,0,0,0
"622","2171107622","United States Senator - REP","Mark Baisley",105,95,10,0
"622","2171107622","Representative to the 120th United States Congress - District 2 - REP","Kelley Anne Dennison",105,55,6,0
"622","2171107622","Representative to the 120th United States Congress - District 2 - REP","Christina Blunt (Ducommun)",105,44,6,0
"622","2171107622","Governor - REP","Scott Bottoms",105,18,0,0
"622","2171107622","Governor - REP","Victor Marx",105,51,0,0
"622","2171107622","Governor - REP","Barb Kirkmeyer",105,36,0,0
"622","2171107622","Governor - REP","Kelvin ""K-Man"" Wimberly (Write-in Candidate)",105,0,0,0
"622","2171107622","Secretary of State - REP","James Wiley",105,90,15,0
"622","2171107622","State Treasurer - REP","Kevin Grantham",105,91,14,0
"622","2171107622","Attorney General - REP","Michael J. Allen",105,60,4,0
"622","2171107622","Attorney General - REP","David Willson",105,41,4,0
"622","2171107622","Regent of the University of Colorado - Congressional District 2 - REP","Marty Neilson",105,93,12,0
"622","2171107622","State Senator - District 17 - REP","Pat Miller",105,93,12,0
"622","2171107622","State Representative - District 11 - REP","There are no candidates for this office",105,0,105,0
"622","2171107622","Boulder County Commissioner - District 3 - REP","There are no candidates for this office",105,0,105,0
"622","2171107622","Boulder County Clerk and Recorder - REP","There are no candidates for this office",105,0,105,0
"622","2171107622","Boulder County Treasurer - REP","There are no candidates for this office",105,0,105,0
"622","2171107622","Boulder County Assessor - REP","There are no candidates for this office",105,0,105,0
"622","2171107622","Boulder County Sheriff - REP","There are no candidates for this office",105,0,105,0
"622","2171107622","Boulder County Surveyor - REP","There are no candidates for this office",105,0,105,0
"622","2171107622","Boulder County Coroner - REP","There are no candidates for this office",105,0,105,0
"622","2171107622","Governor - UNI","Paul Noël Fiorino",0,0,0,0
"622","2171107622","Governor - UNI","Jeff Peckman",0,0,0,0
"623","2171107623","United States Senator - DEM","Julie Gonzales",527,323,3,0
"623","2171107623","United States Senator - DEM","John Hickenlooper",527,201,3,0
"623","2171107623","Representative to the 120th United States Congress - District 2 - DEM","Joe Neguse",527,463,64,0
"623","2171107623","Governor - DEM","Phil Weiser",527,333,7,0
"623","2171107623","Governor - DEM","Michael Bennet",527,187,7,0
"623","2171107623","Secretary of State - DEM","Amanda Gonzalez",527,345,26,0
"623","2171107623","Secretary of State - DEM","Jessie Danielson",527,156,26,0
"623","2171107623","State Treasurer - DEM","Jeff Bridges",527,435,92,0
"623","2171107623","Attorney General - DEM","Jena Griswold",527,178,10,0
"623","2171107623","Attorney General - DEM","David Seligman",527,142,10,0
"623","2171107623","Attorney General - DEM","Michael Dougherty",527,118,10,0
"623","2171107623","Attorney General - DEM","Hetal Doshi",527,79,10,0
"623","2171107623","Regent of the University of Colorado - Congressional District 2 - DEM","Kubs Lalchandani",527,153,72,0
"623","2171107623","Regent of the University of Colorado - Congressional District 2 - DEM","Edie Hooton",527,147,72,0
"623","2171107623","Regent of the University of Colorado - Congressional District 2 - DEM","Murray Smith",527,155,72,0
"623","2171107623","State Senator - District 17 - DEM","Katie Wallace",527,427,100,0
"623","2171107623","State Representative - District 11 - DEM","Karen McCormick",527,424,103,0
"623","2171107623","Boulder County Commissioner - District 3 - DEM","Ashley Stolzmann",527,422,105,0
"623","2171107623","Boulder County Clerk and Recorder - DEM","Molly Fitzpatrick",527,428,99,0
"623","2171107623","Boulder County Treasurer - DEM","Jenn Kaaoush",527,242,55,2
"623","2171107623","Boulder County Treasurer - DEM","Rachel Friend",527,228,55,2
"623","2171107623","Boulder County Assessor - DEM","Cynthia Braddock",527,411,116,0
"623","2171107623","Boulder County Sheriff - DEM","Curtis Johnson",527,412,115,0
"623","2171107623","Boulder County Surveyor - DEM","Kayce D. W. Keane",527,413,114,0
"623","2171107623","Boulder County Coroner - DEM","Jeff Martin",527,412,115,0
"623","2171107623","United States Senator - REP","Mark Baisley",119,103,16,0
"623","2171107623","Representative to the 120th United States Congress - District 2 - REP","Kelley Anne Dennison",119,69,10,0
"623","2171107623","Representative to the 120th United States Congress - District 2 - REP","Christina Blunt (Ducommun)",119,40,10,0
"623","2171107623","Governor - REP","Scott Bottoms",119,31,1,0
"623","2171107623","Governor - REP","Victor Marx",119,50,1,0
"623","2171107623","Governor - REP","Barb Kirkmeyer",119,37,1,0
"623","2171107623","Governor - REP","Kelvin ""K-Man"" Wimberly (Write-in Candidate)",119,0,1,0
"623","2171107623","Secretary of State - REP","James Wiley",119,101,18,0
"623","2171107623","State Treasurer - REP","Kevin Grantham",119,102,17,0
"623","2171107623","Attorney General - REP","Michael J. Allen",119,72,6,0
"623","2171107623","Attorney General - REP","David Willson",119,41,6,0
"623","2171107623","Regent of the University of Colorado - Congressional District 2 - REP","Marty Neilson",119,100,19,0
"623","2171107623","State Senator - District 17 - REP","Pat Miller",119,101,18,0
"623","2171107623","State Representative - District 11 - REP","There are no candidates for this office",119,0,119,0
"623","2171107623","Boulder County Commissioner - District 3 - REP","There are no candidates for this office",119,0,119,0
"623","2171107623","Boulder County Clerk and Recorder - REP","There are no candidates for this office",119,0,119,0
"623","2171107623","Boulder County Treasurer - REP","There are no candidates for this office",119,0,119,0
"623","2171107623","Boulder County Assessor - REP","There are no candidates for this office",119,0,119,0
"623","2171107623","Boulder County Sheriff - REP","There are no candidates for this office",119,0,119,0
"623","2171107623","Boulder County Surveyor - REP","There are no candidates for this office",119,0,119,0
"623","2171107623","Boulder County Coroner - REP","There are no candidates for this office",119,0,119,0
"623","2171107623","Governor - UNI","Paul Noël Fiorino",0,0,0,0
"623","2171107623","Governor - UNI","Jeff Peckman",0,0,0,0
"624","2171107624","United States Senator - DEM","Julie Gonzales",688,392,6,0
"624","2171107624","United States Senator - DEM","John Hickenlooper",688,290,6,0
"624","2171107624","Representative to the 120th United States Congress - District 2 - DEM","Joe Neguse",688,573,115,0
"624","2171107624","Governor - DEM","Phil Weiser",688,427,11,0
"624","2171107624","Governor - DEM","Michael Bennet",688,250,11,0
"624","2171107624","Secretary of State - DEM","Amanda Gonzalez",688,432,53,0
"624","2171107624","Secretary of State - DEM","Jessie Danielson",688,203,53,0
"624","2171107624","State Treasurer - DEM","Jeff Bridges",688,508,180,0
"624","2171107624","Attorney General - DEM","Jena Griswold",688,206,25,0
"624","2171107624","Attorney General - DEM","David Seligman",688,146,25,0
"624","2171107624","Attorney General - DEM","Michael Dougherty",688,215,25,0
"624","2171107624","Attorney General - DEM","Hetal Doshi",688,96,25,0
"624","2171107624","Regent of the University of Colorado - Congressional District 2 - DEM","Kubs Lalchandani",688,159,113,0
"624","2171107624","Regent of the University of Colorado - Congressional District 2 - DEM","Edie Hooton",688,212,113,0
"624","2171107624","Regent of the University of Colorado - Congressional District 2 - DEM","Murray Smith",688,204,113,0
"624","2171107624","State Senator - District 17 - DEM","Katie Wallace",688,510,178,0
"624","2171107624","State Representative - District 11 - DEM","Karen McCormick",688,524,164,0
"624","2171107624","Boulder County Commissioner - District 3 - DEM","Ashley Stolzmann",688,491,197,0
"624","2171107624","Boulder County Clerk and Recorder - DEM","Molly Fitzpatrick",688,509,179,0
"624","2171107624","Boulder County Treasurer - DEM","Jenn Kaaoush",688,271,93,1
"624","2171107624","Boulder County Treasurer - DEM","Rachel Friend",688,323,93,1
"624","2171107624","Boulder County Assessor - DEM","Cynthia Braddock",688,497,191,0
"624","2171107624","Boulder County Sheriff - DEM","Curtis Johnson",688,495,193,0
"624","2171107624","Boulder County Surveyor - DEM","Kayce D. W. Keane",688,488,200,0
"624","2171107624","Boulder County Coroner - DEM","Jeff Martin",688,492,196,0
"624","2171107624","United States Senator - REP","Mark Baisley",155,124,31,0
"624","2171107624","Representative to the 120th United States Congress - District 2 - REP","Kelley Anne Dennison",155,83,21,0
"624","2171107624","Representative to the 120th United States Congress - District 2 - REP","Christina Blunt (Ducommun)",155,51,21,0
"624","2171107624","Governor - REP","Scott Bottoms",155,35,5,0
"624","2171107624","Governor - REP","Victor Marx",155,53,5,0
"624","2171107624","Governor - REP","Barb Kirkmeyer",155,62,5,0
"624","2171107624","Governor - REP","Kelvin ""K-Man"" Wimberly (Write-in Candidate)",155,0,5,0
"624","2171107624","Secretary of State - REP","James Wiley",155,118,37,0
"624","2171107624","State Treasurer - REP","Kevin Grantham",155,122,33,0
"624","2171107624","Attorney General - REP","Michael J. Allen",155,77,18,0
"624","2171107624","Attorney General - REP","David Willson",155,60,18,0
"624","2171107624","Regent of the University of Colorado - Congressional District 2 - REP","Marty Neilson",155,119,36,0
"624","2171107624","State Senator - District 17 - REP","Pat Miller",155,119,36,0
"624","2171107624","State Representative - District 11 - REP","There are no candidates for this office",155,0,155,0
"624","2171107624","Boulder County Commissioner - District 3 - REP","There are no candidates for this office",155,0,155,0
"624","2171107624","Boulder County Clerk and Recorder - REP","There are no candidates for this office",155,0,155,0
"624","2171107624","Boulder County Treasurer - REP","There are no candidates for this office",155,0,155,0
"624","2171107624","Boulder County Assessor - REP","There are no candidates for this office",155,0,155,0
"624","2171107624","Boulder County Sheriff - REP","There are no candidates for this office",155,0,155,0
"624","2171107624","Boulder County Surveyor - REP","There are no candidates for this office",155,0,155,0
"624","2171107624","Boulder County Coroner - REP","There are no candidates for this office",155,0,155,0
"625","2171107625","United States Senator - DEM","Julie Gonzales",430,222,7,0
"625","2171107625","United States Senator - DEM","John Hickenlooper",430,201,7,0
"625","2171107625","Representative to the 120th United States Congress - District 2 - DEM","Joe Neguse",430,380,50,0
"625","2171107625","Governor - DEM","Phil Weiser",430,257,5,0
"625","2171107625","Governor - DEM","Michael Bennet",430,168,5,0
"625","2171107625","Secretary of State - DEM","Amanda Gonzalez",430,251,54,1
"625","2171107625","Secretary of State - DEM","Jessie Danielson",430,124,54,1
"625","2171107625","State Treasurer - DEM","Jeff Bridges",430,343,87,0
"625","2171107625","Attorney General - DEM","Jena Griswold",430,138,7,0
"625","2171107625","Attorney General - DEM","David Seligman",430,64,7,0
"625","2171107625","Attorney General - DEM","Michael Dougherty",430,136,7,0
"625","2171107625","Attorney General - DEM","Hetal Doshi",430,85,7,0
"625","2171107625","Regent of the University of Colorado - Congressional District 2 - DEM","Kubs Lalchandani",430,87,77,0
"625","2171107625","Regent of the University of Colorado - Congressional District 2 - DEM","Edie Hooton",430,143,77,0
"625","2171107625","Regent of the University of Colorado - Congressional District 2 - DEM","Murray Smith",430,123,77,0
"625","2171107625","State Senator - District 17 - DEM","Katie Wallace",430,332,98,0
"625","2171107625","State Representative - District 11 - DEM","Karen McCormick",430,334,96,0
"625","2171107625","Boulder County Commissioner - District 3 - DEM","Ashley Stolzmann",430,322,108,0
"625","2171107625","Boulder County Clerk and Recorder - DEM","Molly Fitzpatrick",430,336,94,0
"625","2171107625","Boulder County Treasurer - DEM","Jenn Kaaoush",430,166,75,0
"625","2171107625","Boulder County Treasurer - DEM","Rachel Friend",430,189,75,0
"625","2171107625","Boulder County Assessor - DEM","Cynthia Braddock",430,325,105,0
"625","2171107625","Boulder County Sheriff - DEM","Curtis Johnson",430,324,106,0
"625","2171107625","Boulder County Surveyor - DEM","Kayce D. W. Keane",430,323,107,0
"625","2171107625","Boulder County Coroner - DEM","Jeff Martin",430,323,107,0
"625","2171107625","United States Senator - REP","Mark Baisley",113,96,17,0
"625","2171107625","Representative to the 120th United States Congress - District 2 - REP","Kelley Anne Dennison",113,61,13,0
"625","2171107625","Representative to the 120th United States Congress - District 2 - REP","Christina Blunt (Ducommun)",113,39,13,0
"625","2171107625","Governor - REP","Scott Bottoms",113,27,2,0
"625","2171107625","Governor - REP","Victor Marx",113,34,2,0
"625","2171107625","Governor - REP","Barb Kirkmeyer",113,50,2,0
"625","2171107625","Governor - REP","Kelvin ""K-Man"" Wimberly (Write-in Candidate)",113,0,2,0
"625","2171107625","Secretary of State - REP","James Wiley",113,93,20,0
"625","2171107625","State Treasurer - REP","Kevin Grantham",113,94,19,0
"625","2171107625","Attorney General - REP","Michael J. Allen",113,52,15,0
"625","2171107625","Attorney General - REP","David Willson",113,46,15,0
"625","2171107625","Regent of the University of Colorado - Congressional District 2 - REP","Marty Neilson",113,87,26,0
"625","2171107625","State Senator - District 17 - REP","Pat Miller",113,87,26,0
"625","2171107625","State Representative - District 11 - REP","There are no candidates for this office",113,0,113,0
"625","2171107625","Boulder County Commissioner - District 3 - REP","There are no candidates for this office",113,0,113,0
"625","2171107625","Boulder County Clerk and Recorder - REP","There are no candidates for this office",113,0,113,0
"625","2171107625","Boulder County Treasurer - REP","There are no candidates for this office",113,0,113,0
"625","2171107625","Boulder County Assessor - REP","There are no candidates for this office",113,0,113,0
"625","2171107625","Boulder County Sheriff - REP","There are no candidates for this office",113,0,113,0
"625","2171107625","Boulder County Surveyor - REP","There are no candidates for this office",113,0,113,0
"625","2171107625","Boulder County Coroner - REP","There are no candidates for this office",113,0,113,0
"625","2171107625","Governor - UNI","Paul Noël Fiorino",0,0,0,0
"625","2171107625","Governor - UNI","Jeff Peckman",0,0,0,0
"626","2171107626","United States Senator - DEM","Julie Gonzales",479,244,0,0
"626","2171107626","United States Senator - DEM","John Hickenlooper",479,235,0,0
"626","2171107626","Representative to the 120th United States Congress - District 2 - DEM","Joe Neguse",479,426,53,0
"626","2171107626","Governor - DEM","Phil Weiser",479,263,13,0
"626","2171107626","Governor - DEM","Michael Bennet",479,203,13,0
"626","2171107626","Secretary of State - DEM","Amanda Gonzalez",479,267,47,0
"626","2171107626","Secretary of State - DEM","Jessie Danielson",479,165,47,0
"626","2171107626","State Treasurer - DEM","Jeff Bridges",479,394,85,0
"626","2171107626","Attorney General - DEM","Jena Griswold",479,157,26,1
"626","2171107626","Attorney General - DEM","David Seligman",479,85,26,1
"626","2171107626","Attorney General - DEM","Michael Dougherty",479,137,26,1
"626","2171107626","Attorney General - DEM","Hetal Doshi",479,73,26,1
"626","2171107626","Regent of the University of Colorado - Congressional District 2 - DEM","Kubs Lalchandani",479,121,82,0
"626","2171107626","Regent of the University of Colorado - Congressional District 2 - DEM","Edie Hooton",479,156,82,0
"626","2171107626","Regent of the University of Colorado - Congressional District 2 - DEM","Murray Smith",479,120,82,0
"626","2171107626","State Senator - District 17 - DEM","Katie Wallace",479,393,86,0
"626","2171107626","State Representative - District 11 - DEM","Karen McCormick",479,397,82,0
"626","2171107626","Boulder County Commissioner - District 3 - DEM","Ashley Stolzmann",479,375,104,0
"626","2171107626","Boulder County Clerk and Recorder - DEM","Molly Fitzpatrick",479,390,89,0
"626","2171107626","Boulder County Treasurer - DEM","Jenn Kaaoush",479,152,72,1
"626","2171107626","Boulder County Treasurer - DEM","Rachel Friend",479,254,72,1
"626","2171107626","Boulder County Assessor - DEM","Cynthia Braddock",479,381,98,0
"626","2171107626","Boulder County Sheriff - DEM","Curtis Johnson",479,377,102,0
"626","2171107626","Boulder County Surveyor - DEM","Kayce D. W. Keane",479,379,100,0
"626","2171107626","Boulder County Coroner - DEM","Jeff Martin",479,380,99,0
"626","2171107626","United States Senator - REP","Mark Baisley",123,105,18,0
"626","2171107626","Representative to the 120th United States Congress - District 2 - REP","Kelley Anne Dennison",123,63,13,0
"626","2171107626","Representative to the 120th United States Congress - District 2 - REP","Christina Blunt (Ducommun)",123,47,13,0
"626","2171107626","Governor - REP","Scott Bottoms",123,24,4,0
"626","2171107626","Governor - REP","Victor Marx",123,35,4,0
"626","2171107626","Governor - REP","Barb Kirkmeyer",123,60,4,0
"626","2171107626","Governor - REP","Kelvin ""K-Man"" Wimberly (Write-in Candidate)",123,0,4,0
"626","2171107626","Secretary of State - REP","James Wiley",123,105,18,0
"626","2171107626","State Treasurer - REP","Kevin Grantham",123,105,18,0
"626","2171107626","Attorney General - REP","Michael J. Allen",123,69,6,0
"626","2171107626","Attorney General - REP","David Willson",123,48,6,0
"626","2171107626","Regent of the University of Colorado - Congressional District 2 - REP","Marty Neilson",123,104,19,0
"626","2171107626","State Senator - District 17 - REP","Pat Miller",123,104,19,0
"626","2171107626","State Representative - District 11 - REP","There are no candidates for this office",123,0,123,0
"626","2171107626","Boulder County Commissioner - District 3 - REP","There are no candidates for this office",123,0,123,0
"626","2171107626","Boulder County Clerk and Recorder - REP","There are no candidates for this office",123,0,123,0
"626","2171107626","Boulder County Treasurer - REP","There are no candidates for this office",123,0,123,0
"626","2171107626","Boulder County Assessor - REP","There are no candidates for this office",123,0,123,0
"626","2171107626","Boulder County Sheriff - REP","There are no candidates for this office",123,0,123,0
"626","2171107626","Boulder County Surveyor - REP","There are no candidates for this office",123,0,123,0
"626","2171107626","Boulder County Coroner - REP","There are no candidates for this office",123,0,123,0
"626","2171107626","Governor - UNI","Paul Noël Fiorino",0,0,0,0
"626","2171107626","Governor - UNI","Jeff Peckman",0,0,0,0
"627","2171107627","United States Senator - DEM","Julie Gonzales",375,150,4,0
"627","2171107627","United States Senator - DEM","John Hickenlooper",375,221,4,0
"627","2171107627","Representative to the 120th United States Congress - District 2 - DEM","Joe Neguse",375,334,41,0
"627","2171107627","Governor - DEM","Phil Weiser",375,235,1,0
"627","2171107627","Governor - DEM","Michael Bennet",375,139,1,0
"627","2171107627","Secretary of State - DEM","Amanda Gonzalez",375,190,49,0
"627","2171107627","Secretary of State - DEM","Jessie Danielson",375,136,49,0
"627","2171107627","State Treasurer - DEM","Jeff Bridges",375,293,82,0
"627","2171107627","Attorney General - DEM","Jena Griswold",375,124,5,0
"627","2171107627","Attorney General - DEM","David Seligman",375,32,5,0
"627","2171107627","Attorney General - DEM","Michael Dougherty",375,172,5,0
"627","2171107627","Attorney General - DEM","Hetal Doshi",375,42,5,0
"627","2171107627","Regent of the University of Colorado - Congressional District 2 - DEM","Kubs Lalchandani",375,73,63,0
"627","2171107627","Regent of the University of Colorado - Congressional District 2 - DEM","Edie Hooton",375,165,63,0
"627","2171107627","Regent of the University of Colorado - Congressional District 2 - DEM","Murray Smith",375,74,63,0
"627","2171107627","State Senator - District 17 - DEM","Katie Wallace",375,290,85,0
"627","2171107627","State Representative - District 11 - DEM","Karen McCormick",375,301,74,0
"627","2171107627","Boulder County Commissioner - District 3 - DEM","Ashley Stolzmann",375,291,84,0
"627","2171107627","Boulder County Clerk and Recorder - DEM","Molly Fitzpatrick",375,290,85,0
"627","2171107627","Boulder County Treasurer - DEM","Jenn Kaaoush",375,128,49,0
"627","2171107627","Boulder County Treasurer - DEM","Rachel Friend",375,198,49,0
"627","2171107627","Boulder County Assessor - DEM","Cynthia Braddock",375,287,88,0
"627","2171107627","Boulder County Sheriff - DEM","Curtis Johnson",375,288,87,0
"627","2171107627","Boulder County Surveyor - DEM","Kayce D. W. Keane",375,285,90,0
"627","2171107627","Boulder County Coroner - DEM","Jeff Martin",375,285,90,0
"627","2171107627","United States Senator - REP","Mark Baisley",169,133,36,0
"627","2171107627","Representative to the 120th United States Congress - District 2 - REP","Kelley Anne Dennison",169,86,18,0
"627","2171107627","Representative to the 120th United States Congress - District 2 - REP","Christina Blunt (Ducommun)",169,65,18,0
"627","2171107627","Governor - REP","Scott Bottoms",169,34,3,0
"627","2171107627","Governor - REP","Victor Marx",169,49,3,0
"627","2171107627","Governor - REP","Barb Kirkmeyer",169,83,3,0
"627","2171107627","Governor - REP","Kelvin ""K-Man"" Wimberly (Write-in Candidate)",169,0,3,0
"627","2171107627","Secretary of State - REP","James Wiley",169,133,36,0
"627","2171107627","State Treasurer - REP","Kevin Grantham",169,131,38,0
"627","2171107627","Attorney General - REP","Michael J. Allen",169,97,18,0
"627","2171107627","Attorney General - REP","David Willson",169,54,18,0
"627","2171107627","Regent of the University of Colorado - Congressional District 2 - REP","Marty Neilson",169,129,40,0
"627","2171107627","State Senator - District 17 - REP","Pat Miller",169,131,38,0
"627","2171107627","State Representative - District 11 - REP","There are no candidates for this office",169,0,169,0
"627","2171107627","Boulder County Commissioner - District 3 - REP","There are no candidates for this office",169,0,169,0
"627","2171107627","Boulder County Clerk and Recorder - REP","There are no candidates for this office",169,0,169,0
"627","2171107627","Boulder County Treasurer - REP","There are no candidates for this office",169,0,169,0
"627","2171107627","Boulder County Assessor - REP","There are no candidates for this office",169,0,169,0
"627","2171107627","Boulder County Sheriff - REP","There are no candidates for this office",169,0,169,0
"627","2171107627","Boulder County Surveyor - REP","There are no candidates for this office",169,0,169,0
"627","2171107627","Boulder County Coroner - REP","There are no candidates for this office",169,0,169,0
"627","2171107627","Governor - UNI","Paul Noël Fiorino",0,0,0,0
"627","2171107627","Governor - UNI","Jeff Peckman",0,0,0,0
"628","2171107628","United States Senator - DEM","Julie Gonzales",362,158,5,0
"628","2171107628","United States Senator - DEM","John Hickenlooper",362,199,5,0
"628","2171107628","Representative to the 120th United States Congress - District 2 - DEM","Joe Neguse",362,304,58,0
"628","2171107628","Governor - DEM","Phil Weiser",362,201,8,0
"628","2171107628","Governor - DEM","Michael Bennet",362,153,8,0
"628","2171107628","Secretary of State - DEM","Amanda Gonzalez",362,207,34,0
"628","2171107628","Secretary of State - DEM","Jessie Danielson",362,121,34,0
"628","2171107628","State Treasurer - DEM","Jeff Bridges",362,284,78,0
"628","2171107628","Attorney General - DEM","Jena Griswold",362,104,12,0
"628","2171107628","Attorney General - DEM","David Seligman",362,83,12,0
"628","2171107628","Attorney General - DEM","Michael Dougherty",362,129,12,0
"628","2171107628","Attorney General - DEM","Hetal Doshi",362,34,12,0
"628","2171107628","Regent of the University of Colorado - Congressional District 2 - DEM","Kubs Lalchandani",362,81,59,0
"628","2171107628","Regent of the University of Colorado - Congressional District 2 - DEM","Edie Hooton",362,121,59,0
"628","2171107628","Regent of the University of Colorado - Congressional District 2 - DEM","Murray Smith",362,101,59,0
"628","2171107628","State Senator - District 17 - DEM","Katie Wallace",362,286,76,0
"628","2171107628","State Representative - District 11 - DEM","Karen McCormick",362,287,75,0
"628","2171107628","Boulder County Commissioner - District 3 - DEM","Ashley Stolzmann",362,278,84,0
"628","2171107628","Boulder County Clerk and Recorder - DEM","Molly Fitzpatrick",362,282,80,0
"628","2171107628","Boulder County Treasurer - DEM","Jenn Kaaoush",362,123,60,0
"628","2171107628","Boulder County Treasurer - DEM","Rachel Friend",362,179,60,0
"628","2171107628","Boulder County Assessor - DEM","Cynthia Braddock",362,271,91,0
"628","2171107628","Boulder County Sheriff - DEM","Curtis Johnson",362,270,92,0
"628","2171107628","Boulder County Surveyor - DEM","Kayce D. W. Keane",362,272,90,0
"628","2171107628","Boulder County Coroner - DEM","Jeff Martin",362,272,90,0
"628","2171107628","Secretary of State - LBR","Sean Vadney",0,0,0,0
"628","2171107628","Secretary of State - LBR","Alex Astley",0,0,0,0
"628","2171107628","United States Senator - REP","Mark Baisley",116,86,30,0
"628","2171107628","Representative to the 120th United States Congress - District 2 - REP","Kelley Anne Dennison",116,53,22,0
"628","2171107628","Representative to the 120th United States Congress - District 2 - REP","Christina Blunt (Ducommun)",116,41,22,0
"628","2171107628","Governor - REP","Scott Bottoms",116,33,2,0
"628","2171107628","Governor - REP","Victor Marx",116,40,2,0
"628","2171107628","Governor - REP","Barb Kirkmeyer",116,41,2,0
"628","2171107628","Governor - REP","Kelvin ""K-Man"" Wimberly (Write-in Candidate)",116,0,2,0
"628","2171107628","Secretary of State - REP","James Wiley",116,86,30,0
"628","2171107628","State Treasurer - REP","Kevin Grantham",116,85,31,0
"628","2171107628","Attorney General - REP","Michael J. Allen",116,56,15,0
"628","2171107628","Attorney General - REP","David Willson",116,45,15,0
"628","2171107628","Regent of the University of Colorado - Congressional District 2 - REP","Marty Neilson",116,82,34,0
"628","2171107628","State Senator - District 17 - REP","Pat Miller",116,83,33,0
"628","2171107628","State Representative - District 11 - REP","There are no candidates for this office",116,0,116,0
"628","2171107628","Boulder County Commissioner - District 3 - REP","There are no candidates for this office",116,0,116,0
"628","2171107628","Boulder County Clerk and Recorder - REP","There are no candidates for this office",116,0,116,0
"628","2171107628","Boulder County Treasurer - REP","There are no candidates for this office",116,0,116,0
"628","2171107628","Boulder County Assessor - REP","There are no candidates for this office",116,0,116,0
"628","2171107628","Boulder County Sheriff - REP","There are no candidates for this office",116,0,116,0
"628","2171107628","Boulder County Surveyor - REP","There are no candidates for this office",116,0,116,0
"628","2171107628","Boulder County Coroner - REP","There are no candidates for this office",116,0,116,0
"628","2171107628","Governor - UNI","Paul Noël Fiorino",0,0,0,0
"628","2171107628","Governor - UNI","Jeff Peckman",0,0,0,0
"629","2171107629","United States Senator - DEM","Julie Gonzales",465,217,3,0
"629","2171107629","United States Senator - DEM","John Hickenlooper",465,245,3,0
"629","2171107629","Representative to the 120th United States Congress - District 2 - DEM","Joe Neguse",465,412,53,0
"629","2171107629","Governor - DEM","Phil Weiser",465,260,13,0
"629","2171107629","Governor - DEM","Michael Bennet",465,192,13,0
"629","2171107629","Secretary of State - DEM","Amanda Gonzalez",465,264,51,1
"629","2171107629","Secretary of State - DEM","Jessie Danielson",465,149,51,1
"629","2171107629","State Treasurer - DEM","Jeff Bridges",465,382,83,0
"629","2171107629","Attorney General - DEM","Jena Griswold",465,167,13,0
"629","2171107629","Attorney General - DEM","David Seligman",465,74,13,0
"629","2171107629","Attorney General - DEM","Michael Dougherty",465,144,13,0
"629","2171107629","Attorney General - DEM","Hetal Doshi",465,67,13,0
"629","2171107629","Regent of the University of Colorado - Congressional District 2 - DEM","Kubs Lalchandani",465,119,79,0
"629","2171107629","Regent of the University of Colorado - Congressional District 2 - DEM","Edie Hooton",465,148,79,0
"629","2171107629","Regent of the University of Colorado - Congressional District 2 - DEM","Murray Smith",465,119,79,0
"629","2171107629","State Senator - District 17 - DEM","Katie Wallace",465,377,88,0
"629","2171107629","State Representative - District 11 - DEM","Karen McCormick",465,371,94,0
"629","2171107629","Boulder County Commissioner - District 3 - DEM","Ashley Stolzmann",465,370,95,0
"629","2171107629","Boulder County Clerk and Recorder - DEM","Molly Fitzpatrick",465,382,83,0
"629","2171107629","Boulder County Treasurer - DEM","Jenn Kaaoush",465,154,74,0
"629","2171107629","Boulder County Treasurer - DEM","Rachel Friend",465,237,74,0
"629","2171107629","Boulder County Assessor - DEM","Cynthia Braddock",465,366,99,0
"629","2171107629","Boulder County Sheriff - DEM","Curtis Johnson",465,363,102,0
"629","2171107629","Boulder County Surveyor - DEM","Kayce D. W. Keane",465,363,102,0
"629","2171107629","Boulder County Coroner - DEM","Jeff Martin",465,362,103,0
"629","2171107629","United States Senator - REP","Mark Baisley",161,142,19,0
"629","2171107629","Representative to the 120th United States Congress - District 2 - REP","Kelley Anne Dennison",161,87,14,0
"629","2171107629","Representative to the 120th United States Congress - District 2 - REP","Christina Blunt (Ducommun)",161,60,14,0
"629","2171107629","Governor - REP","Scott Bottoms",161,27,1,0
"629","2171107629","Governor - REP","Victor Marx",161,47,1,0
"629","2171107629","Governor - REP","Barb Kirkmeyer",161,86,1,0
"629","2171107629","Governor - REP","Kelvin ""K-Man"" Wimberly (Write-in Candidate)",161,0,1,0
"629","2171107629","Secretary of State - REP","James Wiley",161,139,22,0
"629","2171107629","State Treasurer - REP","Kevin Grantham",161,138,23,0
"629","2171107629","Attorney General - REP","Michael J. Allen",161,85,9,0
"629","2171107629","Attorney General - REP","David Willson",161,67,9,0
"629","2171107629","Regent of the University of Colorado - Congressional District 2 - REP","Marty Neilson",161,136,25,0
"629","2171107629","State Senator - District 17 - REP","Pat Miller",161,136,25,0
"629","2171107629","State Representative - District 11 - REP","There are no candidates for this office",161,0,161,0
"629","2171107629","Boulder County Commissioner - District 3 - REP","There are no candidates for this office",161,0,161,0
"629","2171107629","Boulder County Clerk and Recorder - REP","There are no candidates for this office",161,0,161,0
"629","2171107629","Boulder County Treasurer - REP","There are no candidates for this office",161,0,161,0
"629","2171107629","Boulder County Assessor - REP","There are no candidates for this office",161,0,161,0
"629","2171107629","Boulder County Sheriff - REP","There are no candidates for this office",161,0,161,0
"629","2171107629","Boulder County Surveyor - REP","There are no candidates for this office",161,0,161,0
"629","2171107629","Boulder County Coroner - REP","There are no candidates for this office",161,0,161,0
"630","2171107630","United States Senator - DEM","Julie Gonzales",203,129,0,0
"630","2171107630","United States Senator - DEM","John Hickenlooper",203,74,0,0
"630","2171107630","Representative to the 120th United States Congress - District 2 - DEM","Joe Neguse",203,175,28,0
"630","2171107630","Governor - DEM","Phil Weiser",203,118,2,0
"630","2171107630","Governor - DEM","Michael Bennet",203,83,2,0
"630","2171107630","Secretary of State - DEM","Amanda Gonzalez",203,126,13,0
"630","2171107630","Secretary of State - DEM","Jessie Danielson",203,64,13,0
"630","2171107630","State Treasurer - DEM","Jeff Bridges",203,160,43,0
"630","2171107630","Attorney General - DEM","Jena Griswold",203,64,3,0
"630","2171107630","Attorney General - DEM","David Seligman",203,54,3,0
"630","2171107630","Attorney General - DEM","Michael Dougherty",203,53,3,0
"630","2171107630","Attorney General - DEM","Hetal Doshi",203,29,3,0
"630","2171107630","Regent of the University of Colorado - Congressional District 2 - DEM","Kubs Lalchandani",203,34,34,0
"630","2171107630","Regent of the University of Colorado - Congressional District 2 - DEM","Edie Hooton",203,70,34,0
"630","2171107630","Regent of the University of Colorado - Congressional District 2 - DEM","Murray Smith",203,65,34,0
"630","2171107630","State Senator - District 17 - DEM","Katie Wallace",203,166,37,0
"630","2171107630","State Representative - District 11 - DEM","Karen McCormick",203,169,34,0
"630","2171107630","Boulder County Commissioner - District 3 - DEM","Ashley Stolzmann",203,164,39,0
"630","2171107630","Boulder County Clerk and Recorder - DEM","Molly Fitzpatrick",203,162,41,0
"630","2171107630","Boulder County Treasurer - DEM","Jenn Kaaoush",203,90,22,0
"630","2171107630","Boulder County Treasurer - DEM","Rachel Friend",203,91,22,0
"630","2171107630","Boulder County Assessor - DEM","Cynthia Braddock",203,155,48,0
"630","2171107630","Boulder County Sheriff - DEM","Curtis Johnson",203,159,44,0
"630","2171107630","Boulder County Surveyor - DEM","Kayce D. W. Keane",203,156,47,0
"630","2171107630","Boulder County Coroner - DEM","Jeff Martin",203,158,45,0
"630","2171107630","Secretary of State - LBR","Sean Vadney",0,0,0,0
"630","2171107630","Secretary of State - LBR","Alex Astley",0,0,0,0
"630","2171107630","United States Senator - REP","Mark Baisley",52,46,6,0
"630","2171107630","Representative to the 120th United States Congress - District 2 - REP","Kelley Anne Dennison",52,32,5,0
"630","2171107630","Representative to the 120th United States Congress - District 2 - REP","Christina Blunt (Ducommun)",52,15,5,0
"630","2171107630","Governor - REP","Scott Bottoms",52,10,1,0
"630","2171107630","Governor - REP","Victor Marx",52,19,1,0
"630","2171107630","Governor - REP","Barb Kirkmeyer",52,22,1,0
"630","2171107630","Governor - REP","Kelvin ""K-Man"" Wimberly (Write-in Candidate)",52,0,1,0
"630","2171107630","Secretary of State - REP","James Wiley",52,48,4,0
"630","2171107630","State Treasurer - REP","Kevin Grantham",52,50,2,0
"630","2171107630","Attorney General - REP","Michael J. Allen",52,30,3,0
"630","2171107630","Attorney General - REP","David Willson",52,19,3,0
"630","2171107630","Regent of the University of Colorado - Congressional District 2 - REP","Marty Neilson",52,45,7,0
"630","2171107630","State Senator - District 17 - REP","Pat Miller",52,47,5,0
"630","2171107630","State Representative - District 11 - REP","There are no candidates for this office",52,0,52,0
"630","2171107630","Boulder County Commissioner - District 3 - REP","There are no candidates for this office",52,0,52,0
"630","2171107630","Boulder County Clerk and Recorder - REP","There are no candidates for this office",52,0,52,0
"630","2171107630","Boulder County Treasurer - REP","There are no candidates for this office",52,0,52,0
"630","2171107630","Boulder County Assessor - REP","There are no candidates for this office",52,0,52,0
"630","2171107630","Boulder County Sheriff - REP","There are no candidates for this office",52,0,52,0
"630","2171107630","Boulder County Surveyor - REP","There are no candidates for this office",52,0,52,0
"630","2171107630","Boulder County Coroner - REP","There are no candidates for this office",52,0,52,0
"630","2171107630","Governor - UNI","Paul Noël Fiorino",0,0,0,0
"630","2171107630","Governor - UNI","Jeff Peckman",0,0,0,0
"631","2171107631","United States Senator - DEM","Julie Gonzales",257,122,4,0
"631","2171107631","United States Senator - DEM","John Hickenlooper",257,131,4,0
"631","2171107631","Representative to the 120th United States Congress - District 2 - DEM","Joe Neguse",257,216,41,0
"631","2171107631","Governor - DEM","Phil Weiser",257,138,7,0
"631","2171107631","Governor - DEM","Michael Bennet",257,112,7,0
"631","2171107631","Secretary of State - DEM","Amanda Gonzalez",257,147,39,0
"631","2171107631","Secretary of State - DEM","Jessie Danielson",257,71,39,0
"631","2171107631","State Treasurer - DEM","Jeff Bridges",257,191,66,0
"631","2171107631","Attorney General - DEM","Jena Griswold",257,95,12,0
"631","2171107631","Attorney General - DEM","David Seligman",257,47,12,0
"631","2171107631","Attorney General - DEM","Michael Dougherty",257,73,12,0
"631","2171107631","Attorney General - DEM","Hetal Doshi",257,30,12,0
"631","2171107631","Regent of the University of Colorado - Congressional District 2 - DEM","Kubs Lalchandani",257,63,59,0
"631","2171107631","Regent of the University of Colorado - Congressional District 2 - DEM","Edie Hooton",257,59,59,0
"631","2171107631","Regent of the University of Colorado - Congressional District 2 - DEM","Murray Smith",257,76,59,0
"631","2171107631","State Senator - District 17 - DEM","Katie Wallace",257,190,67,0
"631","2171107631","State Representative - District 11 - DEM","Karen McCormick",257,193,64,0
"631","2171107631","Boulder County Commissioner - District 3 - DEM","Ashley Stolzmann",257,190,67,0
"631","2171107631","Boulder County Clerk and Recorder - DEM","Molly Fitzpatrick",257,194,63,0
"631","2171107631","Boulder County Treasurer - DEM","Jenn Kaaoush",257,100,53,0
"631","2171107631","Boulder County Treasurer - DEM","Rachel Friend",257,104,53,0
"631","2171107631","Boulder County Assessor - DEM","Cynthia Braddock",257,188,69,0
"631","2171107631","Boulder County Sheriff - DEM","Curtis Johnson",257,186,71,0
"631","2171107631","Boulder County Surveyor - DEM","Kayce D. W. Keane",257,186,71,0
"631","2171107631","Boulder County Coroner - DEM","Jeff Martin",257,185,72,0
"631","2171107631","Secretary of State - LBR","Sean Vadney",0,0,0,0
"631","2171107631","Secretary of State - LBR","Alex Astley",0,0,0,0
"631","2171107631","United States Senator - REP","Mark Baisley",112,85,27,0
"631","2171107631","Representative to the 120th United States Congress - District 2 - REP","Kelley Anne Dennison",112,47,19,0
"631","2171107631","Representative to the 120th United States Congress - District 2 - REP","Christina Blunt (Ducommun)",112,46,19,0
"631","2171107631","Governor - REP","Scott Bottoms",112,20,0,0
"631","2171107631","Governor - REP","Victor Marx",112,41,0,0
"631","2171107631","Governor - REP","Barb Kirkmeyer",112,51,0,0
"631","2171107631","Governor - REP","Kelvin ""K-Man"" Wimberly (Write-in Candidate)",112,0,0,0
"631","2171107631","Secretary of State - REP","James Wiley",112,86,26,0
"631","2171107631","State Treasurer - REP","Kevin Grantham",112,88,24,0
"631","2171107631","Attorney General - REP","Michael J. Allen",112,62,10,0
"631","2171107631","Attorney General - REP","David Willson",112,40,10,0
"631","2171107631","Regent of the University of Colorado - Congressional District 2 - REP","Marty Neilson",112,87,25,0
"631","2171107631","State Senator - District 17 - REP","Pat Miller",112,88,24,0
"631","2171107631","State Representative - District 11 - REP","There are no candidates for this office",112,0,112,0
"631","2171107631","Boulder County Commissioner - District 3 - REP","There are no candidates for this office",112,0,112,0
"631","2171107631","Boulder County Clerk and Recorder - REP","There are no candidates for this office",112,0,112,0
"631","2171107631","Boulder County Treasurer - REP","There are no candidates for this office",112,0,112,0
"631","2171107631","Boulder County Assessor - REP","There are no candidates for this office",112,0,112,0
"631","2171107631","Boulder County Sheriff - REP","There are no candidates for this office",112,0,112,0
"631","2171107631","Boulder County Surveyor - REP","There are no candidates for this office",112,0,112,0
"631","2171107631","Boulder County Coroner - REP","There are no candidates for this office",112,0,112,0
"631","2171107631","Governor - UNI","Paul Noël Fiorino",0,0,0,0
"631","2171107631","Governor - UNI","Jeff Peckman",0,0,0,0
"632","2171107632","United States Senator - DEM","Julie Gonzales",302,145,7,0
"632","2171107632","United States Senator - DEM","John Hickenlooper",302,150,7,0
"632","2171107632","Representative to the 120th United States Congress - District 2 - DEM","Joe Neguse",302,268,34,0
"632","2171107632","Governor - DEM","Phil Weiser",302,171,10,0
"632","2171107632","Governor - DEM","Michael Bennet",302,121,10,0
"632","2171107632","Secretary of State - DEM","Amanda Gonzalez",302,178,33,0
"632","2171107632","Secretary of State - DEM","Jessie Danielson",302,91,33,0
"632","2171107632","State Treasurer - DEM","Jeff Bridges",302,253,49,0
"632","2171107632","Attorney General - DEM","Jena Griswold",302,121,10,0
"632","2171107632","Attorney General - DEM","David Seligman",302,65,10,0
"632","2171107632","Attorney General - DEM","Michael Dougherty",302,71,10,0
"632","2171107632","Attorney General - DEM","Hetal Doshi",302,35,10,0
"632","2171107632","Regent of the University of Colorado - Congressional District 2 - DEM","Kubs Lalchandani",302,70,54,0
"632","2171107632","Regent of the University of Colorado - Congressional District 2 - DEM","Edie Hooton",302,75,54,0
"632","2171107632","Regent of the University of Colorado - Congressional District 2 - DEM","Murray Smith",302,103,54,0
"632","2171107632","State Senator - District 17 - DEM","Katie Wallace",302,250,52,0
"632","2171107632","State Representative - District 11 - DEM","Karen McCormick",302,253,49,0
"632","2171107632","Boulder County Commissioner - District 3 - DEM","Ashley Stolzmann",302,244,58,0
"632","2171107632","Boulder County Clerk and Recorder - DEM","Molly Fitzpatrick",302,249,53,0
"632","2171107632","Boulder County Treasurer - DEM","Jenn Kaaoush",302,118,53,1
"632","2171107632","Boulder County Treasurer - DEM","Rachel Friend",302,130,53,1
"632","2171107632","Boulder County Assessor - DEM","Cynthia Braddock",302,238,64,0
"632","2171107632","Boulder County Sheriff - DEM","Curtis Johnson",302,234,68,0
"632","2171107632","Boulder County Surveyor - DEM","Kayce D. W. Keane",302,234,68,0
"632","2171107632","Boulder County Coroner - DEM","Jeff Martin",302,237,65,0
"632","2171107632","United States Senator - REP","Mark Baisley",98,86,12,0
"632","2171107632","Representative to the 120th United States Congress - District 2 - REP","Kelley Anne Dennison",98,59,6,0
"632","2171107632","Representative to the 120th United States Congress - District 2 - REP","Christina Blunt (Ducommun)",98,33,6,0
"632","2171107632","Governor - REP","Scott Bottoms",98,19,1,0
"632","2171107632","Governor - REP","Victor Marx",98,48,1,0
"632","2171107632","Governor - REP","Barb Kirkmeyer",98,30,1,0
"632","2171107632","Governor - REP","Kelvin ""K-Man"" Wimberly (Write-in Candidate)",98,0,1,0
"632","2171107632","Secretary of State - REP","James Wiley",98,85,13,0
"632","2171107632","State Treasurer - REP","Kevin Grantham",98,86,12,0
"632","2171107632","Attorney General - REP","Michael J. Allen",98,55,10,0
"632","2171107632","Attorney General - REP","David Willson",98,33,10,0
"632","2171107632","Regent of the University of Colorado - Congressional District 2 - REP","Marty Neilson",98,86,12,0
"632","2171107632","State Senator - District 17 - REP","Pat Miller",98,86,12,0
"632","2171107632","State Representative - District 11 - REP","There are no candidates for this office",98,0,98,0
"632","2171107632","Boulder County Commissioner - District 3 - REP","There are no candidates for this office",98,0,98,0
"632","2171107632","Boulder County Clerk and Recorder - REP","There are no candidates for this office",98,0,98,0
"632","2171107632","Boulder County Treasurer - REP","There are no candidates for this office",98,0,98,0
"632","2171107632","Boulder County Assessor - REP","There are no candidates for this office",98,0,98,0
"632","2171107632","Boulder County Sheriff - REP","There are no candidates for this office",98,0,98,0
"632","2171107632","Boulder County Surveyor - REP","There are no candidates for this office",98,0,98,0
"632","2171107632","Boulder County Coroner - REP","There are no candidates for this office",98,0,98,0
"632","2171107632","Governor - UNI","Paul Noël Fiorino",0,0,0,0
"632","2171107632","Governor - UNI","Jeff Peckman",0,0,0,0
"633","2171107633","United States Senator - DEM","Julie Gonzales",217,140,5,0
"633","2171107633","United States Senator - DEM","John Hickenlooper",217,72,5,0
"633","2171107633","Representative to the 120th United States Congress - District 2 - DEM","Joe Neguse",217,189,28,0
"633","2171107633","Governor - DEM","Phil Weiser",217,118,6,0
"633","2171107633","Governor - DEM","Michael Bennet",217,93,6,0
"633","2171107633","Secretary of State - DEM","Amanda Gonzalez",217,146,17,0
"633","2171107633","Secretary of State - DEM","Jessie Danielson",217,54,17,0
"633","2171107633","State Treasurer - DEM","Jeff Bridges",217,176,41,0
"633","2171107633","Attorney General - DEM","Jena Griswold",217,56,8,0
"633","2171107633","Attorney General - DEM","David Seligman",217,59,8,0
"633","2171107633","Attorney General - DEM","Michael Dougherty",217,68,8,0
"633","2171107633","Attorney General - DEM","Hetal Doshi",217,26,8,0
"633","2171107633","Regent of the University of Colorado - Congressional District 2 - DEM","Kubs Lalchandani",217,65,37,0
"633","2171107633","Regent of the University of Colorado - Congressional District 2 - DEM","Edie Hooton",217,58,37,0
"633","2171107633","Regent of the University of Colorado - Congressional District 2 - DEM","Murray Smith",217,57,37,0
"633","2171107633","State Senator - District 17 - DEM","Katie Wallace",217,174,43,0
"633","2171107633","State Representative - District 11 - DEM","Karen McCormick",217,173,44,0
"633","2171107633","Boulder County Commissioner - District 3 - DEM","Ashley Stolzmann",217,169,48,0
"633","2171107633","Boulder County Clerk and Recorder - DEM","Molly Fitzpatrick",217,176,41,0
"633","2171107633","Boulder County Treasurer - DEM","Jenn Kaaoush",217,94,26,0
"633","2171107633","Boulder County Treasurer - DEM","Rachel Friend",217,97,26,0
"633","2171107633","Boulder County Assessor - DEM","Cynthia Braddock",217,171,46,0
"633","2171107633","Boulder County Sheriff - DEM","Curtis Johnson",217,166,51,0
"633","2171107633","Boulder County Surveyor - DEM","Kayce D. W. Keane",217,169,48,0
"633","2171107633","Boulder County Coroner - DEM","Jeff Martin",217,171,46,0
"633","2171107633","Secretary of State - LBR","Sean Vadney",0,0,0,0
"633","2171107633","Secretary of State - LBR","Alex Astley",0,0,0,0
"633","2171107633","United States Senator - REP","Mark Baisley",53,46,7,0
"633","2171107633","Representative to the 120th United States Congress - District 2 - REP","Kelley Anne Dennison",53,39,4,0
"633","2171107633","Representative to the 120th United States Congress - District 2 - REP","Christina Blunt (Ducommun)",53,10,4,0
"633","2171107633","Governor - REP","Scott Bottoms",53,15,0,0
"633","2171107633","Governor - REP","Victor Marx",53,16,0,0
"633","2171107633","Governor - REP","Barb Kirkmeyer",53,22,0,0
"633","2171107633","Governor - REP","Kelvin ""K-Man"" Wimberly (Write-in Candidate)",53,0,0,0
"633","2171107633","Secretary of State - REP","James Wiley",53,45,8,0
"633","2171107633","State Treasurer - REP","Kevin Grantham",53,45,8,0
"633","2171107633","Attorney General - REP","Michael J. Allen",53,34,3,0
"633","2171107633","Attorney General - REP","David Willson",53,16,3,0
"633","2171107633","Regent of the University of Colorado - Congressional District 2 - REP","Marty Neilson",53,42,11,0
"633","2171107633","State Senator - District 17 - REP","Pat Miller",53,42,11,0
"633","2171107633","State Representative - District 11 - REP","There are no candidates for this office",53,0,53,0
"633","2171107633","Boulder County Commissioner - District 3 - REP","There are no candidates for this office",53,0,53,0
"633","2171107633","Boulder County Clerk and Recorder - REP","There are no candidates for this office",53,0,53,0
"633","2171107633","Boulder County Treasurer - REP","There are no candidates for this office",53,0,53,0
"633","2171107633","Boulder County Assessor - REP","There are no candidates for this office",53,0,53,0
"633","2171107633","Boulder County Sheriff - REP","There are no candidates for this office",53,0,53,0
"633","2171107633","Boulder County Surveyor - REP","There are no candidates for this office",53,0,53,0
"633","2171107633","Boulder County Coroner - REP","There are no candidates for this office",53,0,53,0
"633","2171107633","Governor - UNI","Paul Noël Fiorino",0,0,0,0
"633","2171107633","Governor - UNI","Jeff Peckman",0,0,0,0
"634","2171107634","United States Senator - DEM","Julie Gonzales",349,175,0,0
"634","2171107634","United States Senator - DEM","John Hickenlooper",349,174,0,0
"634","2171107634","Representative to the 120th United States Congress - District 2 - DEM","Joe Neguse",349,302,47,0
"634","2171107634","Governor - DEM","Phil Weiser",349,212,3,0
"634","2171107634","Governor - DEM","Michael Bennet",349,134,3,0
"634","2171107634","Secretary of State - DEM","Amanda Gonzalez",349,185,27,0
"634","2171107634","Secretary of State - DEM","Jessie Danielson",349,137,27,0
"634","2171107634","State Treasurer - DEM","Jeff Bridges",349,294,55,0
"634","2171107634","Attorney General - DEM","Jena Griswold",349,136,10,0
"634","2171107634","Attorney General - DEM","David Seligman",349,70,10,0
"634","2171107634","Attorney General - DEM","Michael Dougherty",349,91,10,0
"634","2171107634","Attorney General - DEM","Hetal Doshi",349,42,10,0
"634","2171107634","Regent of the University of Colorado - Congressional District 2 - DEM","Kubs Lalchandani",349,92,55,0
"634","2171107634","Regent of the University of Colorado - Congressional District 2 - DEM","Edie Hooton",349,105,55,0
"634","2171107634","Regent of the University of Colorado - Congressional District 2 - DEM","Murray Smith",349,97,55,0
"634","2171107634","State Senator - District 17 - DEM","Katie Wallace",349,294,55,0
"634","2171107634","State Representative - District 11 - DEM","Karen McCormick",349,292,57,0
"634","2171107634","Boulder County Commissioner - District 3 - DEM","Ashley Stolzmann",349,279,70,0
"634","2171107634","Boulder County Clerk and Recorder - DEM","Molly Fitzpatrick",349,288,61,0
"634","2171107634","Boulder County Treasurer - DEM","Jenn Kaaoush",349,166,44,0
"634","2171107634","Boulder County Treasurer - DEM","Rachel Friend",349,139,44,0
"634","2171107634","Boulder County Assessor - DEM","Cynthia Braddock",349,283,66,0
"634","2171107634","Boulder County Sheriff - DEM","Curtis Johnson",349,282,67,0
"634","2171107634","Boulder County Surveyor - DEM","Kayce D. W. Keane",349,280,69,0
"634","2171107634","Boulder County Coroner - DEM","Jeff Martin",349,282,67,0
"634","2171107634","United States Senator - REP","Mark Baisley",130,123,7,0
"634","2171107634","Representative to the 120th United States Congress - District 2 - REP","Kelley Anne Dennison",130,71,9,0
"634","2171107634","Representative to the 120th United States Congress - District 2 - REP","Christina Blunt (Ducommun)",130,50,9,0
"634","2171107634","Governor - REP","Scott Bottoms",130,32,0,0
"634","2171107634","Governor - REP","Victor Marx",130,44,0,0
"634","2171107634","Governor - REP","Barb Kirkmeyer",130,54,0,0
"634","2171107634","Governor - REP","Kelvin ""K-Man"" Wimberly (Write-in Candidate)",130,0,0,0
"634","2171107634","Secretary of State - REP","James Wiley",130,118,12,0
"634","2171107634","State Treasurer - REP","Kevin Grantham",130,120,10,0
"634","2171107634","Attorney General - REP","Michael J. Allen",130,72,5,0
"634","2171107634","Attorney General - REP","David Willson",130,53,5,0
"634","2171107634","Regent of the University of Colorado - Congressional District 2 - REP","Marty Neilson",130,117,13,0
"634","2171107634","State Senator - District 17 - REP","Pat Miller",130,117,13,0
"634","2171107634","State Representative - District 11 - REP","There are no candidates for this office",130,0,130,0
"634","2171107634","Boulder County Commissioner - District 3 - REP","There are no candidates for this office",130,0,130,0
"634","2171107634","Boulder County Clerk and Recorder - REP","There are no candidates for this office",130,0,130,0
"634","2171107634","Boulder County Treasurer - REP","There are no candidates for this office",130,0,130,0
"634","2171107634","Boulder County Assessor - REP","There are no candidates for this office",130,0,130,0
"634","2171107634","Boulder County Sheriff - REP","There are no candidates for this office",130,0,130,0
"634","2171107634","Boulder County Surveyor - REP","There are no candidates for this office",130,0,130,0
"634","2171107634","Boulder County Coroner - REP","There are no candidates for this office",130,0,130,0
"634","2171107634","Governor - UNI","Paul Noël Fiorino",0,0,0,0
"634","2171107634","Governor - UNI","Jeff Peckman",0,0,0,0
"635","2171907635","United States Senator - DEM","Julie Gonzales",399,192,1,0
"635","2171907635","United States Senator - DEM","John Hickenlooper",399,206,1,0
"635","2171907635","Representative to the 120th United States Congress - District 2 - DEM","Joe Neguse",399,345,54,0
"635","2171907635","Governor - DEM","Phil Weiser",399,209,9,0
"635","2171907635","Governor - DEM","Michael Bennet",399,181,9,0
"635","2171907635","Secretary of State - DEM","Amanda Gonzalez",399,209,43,0
"635","2171907635","Secretary of State - DEM","Jessie Danielson",399,147,43,0
"635","2171907635","State Treasurer - DEM","Jeff Bridges",399,316,83,0
"635","2171907635","Attorney General - DEM","Jena Griswold",399,136,7,0
"635","2171907635","Attorney General - DEM","David Seligman",399,63,7,0
"635","2171907635","Attorney General - DEM","Michael Dougherty",399,143,7,0
"635","2171907635","Attorney General - DEM","Hetal Doshi",399,50,7,0
"635","2171907635","Regent of the University of Colorado - Congressional District 2 - DEM","Kubs Lalchandani",399,90,63,0
"635","2171907635","Regent of the University of Colorado - Congressional District 2 - DEM","Edie Hooton",399,139,63,0
"635","2171907635","Regent of the University of Colorado - Congressional District 2 - DEM","Murray Smith",399,107,63,0
"635","2171907635","State Senator - District 17 - DEM","Katie Wallace",399,311,88,0
"635","2171907635","State Representative - District 19 - DEM","Anil Pesaramelli",399,66,19,0
"635","2171907635","State Representative - District 19 - DEM","Jillaire McMillan",399,234,19,0
"635","2171907635","State Representative - District 19 - DEM","Colton Jonjak Plahn",399,80,19,0
"635","2171907635","Boulder County Commissioner - District 3 - DEM","Ashley Stolzmann",399,283,116,0
"635","2171907635","Boulder County Clerk and Recorder - DEM","Molly Fitzpatrick",399,290,109,0
"635","2171907635","Boulder County Treasurer - DEM","Jenn Kaaoush",399,133,65,2
"635","2171907635","Boulder County Treasurer - DEM","Rachel Friend",399,199,65,2
"635","2171907635","Boulder County Assessor - DEM","Cynthia Braddock",399,282,117,0
"635","2171907635","Boulder County Sheriff - DEM","Curtis Johnson",399,282,117,0
"635","2171907635","Boulder County Surveyor - DEM","Kayce D. W. Keane",399,283,116,0
"635","2171907635","Boulder County Coroner - DEM","Jeff Martin",399,281,118,0
"635","2171907635","United States Senator - REP","Mark Baisley",167,136,31,0
"635","2171907635","Representative to the 120th United States Congress - District 2 - REP","Kelley Anne Dennison",167,86,23,0
"635","2171907635","Representative to the 120th United States Congress - District 2 - REP","Christina Blunt (Ducommun)",167,58,23,0
"635","2171907635","Governor - REP","Scott Bottoms",167,42,1,0
"635","2171907635","Governor - REP","Victor Marx",167,49,1,0
"635","2171907635","Governor - REP","Barb Kirkmeyer",167,75,1,0
"635","2171907635","Governor - REP","Kelvin ""K-Man"" Wimberly (Write-in Candidate)",167,0,1,0
"635","2171907635","Secretary of State - REP","James Wiley",167,131,36,0
"635","2171907635","State Treasurer - REP","Kevin Grantham",167,128,39,0
"635","2171907635","Attorney General - REP","Michael J. Allen",167,81,19,0
"635","2171907635","Attorney General - REP","David Willson",167,67,19,0
"635","2171907635","Regent of the University of Colorado - Congressional District 2 - REP","Marty Neilson",167,123,44,0
"635","2171907635","State Senator - District 17 - REP","Pat Miller",167,123,44,0
"635","2171907635","State Representative - District 19 - REP","Dan Woog",167,124,43,0
"635","2171907635","Boulder County Commissioner - District 3 - REP","There are no candidates for this office",167,0,167,0
"635","2171907635","Boulder County Clerk and Recorder - REP","There are no candidates for this office",167,0,167,0
"635","2171907635","Boulder County Treasurer - REP","There are no candidates for this office",167,0,167,0
"635","2171907635","Boulder County Assessor - REP","There are no candidates for this office",167,0,167,0
"635","2171907635","Boulder County Sheriff - REP","There are no candidates for this office",167,0,167,0
"635","2171907635","Boulder County Surveyor - REP","There are no candidates for this office",167,0,167,0
"635","2171907635","Boulder County Coroner - REP","There are no candidates for this office",167,0,167,0
"635","2171907635","Governor - UNI","Paul Noël Fiorino",0,0,0,0
"635","2171907635","Governor - UNI","Jeff Peckman",0,0,0,0
"636","2171907636","United States Senator - DEM","Julie Gonzales",501,235,4,0
"636","2171907636","United States Senator - DEM","John Hickenlooper",501,262,4,0
"636","2171907636","Representative to the 120th United States Congress - District 2 - DEM","Joe Neguse",501,437,64,0
"636","2171907636","Governor - DEM","Phil Weiser",501,283,11,0
"636","2171907636","Governor - DEM","Michael Bennet",501,207,11,0
"636","2171907636","Secretary of State - DEM","Amanda Gonzalez",501,268,57,0
"636","2171907636","Secretary of State - DEM","Jessie Danielson",501,176,57,0
"636","2171907636","State Treasurer - DEM","Jeff Bridges",501,405,96,0
"636","2171907636","Attorney General - DEM","Jena Griswold",501,193,19,0
"636","2171907636","Attorney General - DEM","David Seligman",501,90,19,0
"636","2171907636","Attorney General - DEM","Michael Dougherty",501,139,19,0
"636","2171907636","Attorney General - DEM","Hetal Doshi",501,60,19,0
"636","2171907636","Regent of the University of Colorado - Congressional District 2 - DEM","Kubs Lalchandani",501,110,78,0
"636","2171907636","Regent of the University of Colorado - Congressional District 2 - DEM","Edie Hooton",501,190,78,0
"636","2171907636","Regent of the University of Colorado - Congressional District 2 - DEM","Murray Smith",501,123,78,0
"636","2171907636","State Senator - District 17 - DEM","Katie Wallace",501,399,102,0
"636","2171907636","State Representative - District 19 - DEM","Anil Pesaramelli",501,112,38,0
"636","2171907636","State Representative - District 19 - DEM","Jillaire McMillan",501,301,38,0
"636","2171907636","State Representative - District 19 - DEM","Colton Jonjak Plahn",501,50,38,0
"636","2171907636","Boulder County Commissioner - District 3 - DEM","Ashley Stolzmann",501,388,113,0
"636","2171907636","Boulder County Clerk and Recorder - DEM","Molly Fitzpatrick",501,391,110,0
"636","2171907636","Boulder County Treasurer - DEM","Jenn Kaaoush",501,205,74,0
"636","2171907636","Boulder County Treasurer - DEM","Rachel Friend",501,222,74,0
"636","2171907636","Boulder County Assessor - DEM","Cynthia Braddock",501,387,114,0
"636","2171907636","Boulder County Sheriff - DEM","Curtis Johnson",501,387,114,0
"636","2171907636","Boulder County Surveyor - DEM","Kayce D. W. Keane",501,384,117,0
"636","2171907636","Boulder County Coroner - DEM","Jeff Martin",501,385,116,0
"636","2171907636","Secretary of State - LBR","Sean Vadney",0,0,0,0
"636","2171907636","Secretary of State - LBR","Alex Astley",0,0,0,0
"636","2171907636","United States Senator - REP","Mark Baisley",150,124,26,0
"636","2171907636","Representative to the 120th United States Congress - District 2 - REP","Kelley Anne Dennison",150,86,22,0
"636","2171907636","Representative to the 120th United States Congress - District 2 - REP","Christina Blunt (Ducommun)",150,42,22,0
"636","2171907636","Governor - REP","Scott Bottoms",150,25,2,0
"636","2171907636","Governor - REP","Victor Marx",150,61,2,0
"636","2171907636","Governor - REP","Barb Kirkmeyer",150,62,2,0
"636","2171907636","Governor - REP","Kelvin ""K-Man"" Wimberly (Write-in Candidate)",150,0,2,0
"636","2171907636","Secretary of State - REP","James Wiley",150,123,27,0
"636","2171907636","State Treasurer - REP","Kevin Grantham",150,122,28,0
"636","2171907636","Attorney General - REP","Michael J. Allen",150,82,20,1
"636","2171907636","Attorney General - REP","David Willson",150,47,20,1
"636","2171907636","Regent of the University of Colorado - Congressional District 2 - REP","Marty Neilson",150,118,32,0
"636","2171907636","State Senator - District 17 - REP","Pat Miller",150,121,29,0
"636","2171907636","State Representative - District 19 - REP","Dan Woog",150,122,28,0
"636","2171907636","Boulder County Commissioner - District 3 - REP","There are no candidates for this office",150,0,150,0
"636","2171907636","Boulder County Clerk and Recorder - REP","There are no candidates for this office",150,0,150,0
"636","2171907636","Boulder County Treasurer - REP","There are no candidates for this office",150,0,150,0
"636","2171907636","Boulder County Assessor - REP","There are no candidates for this office",150,0,150,0
"636","2171907636","Boulder County Sheriff - REP","There are no candidates for this office",150,0,150,0
"636","2171907636","Boulder County Surveyor - REP","There are no candidates for this office",150,0,150,0
"636","2171907636","Boulder County Coroner - REP","There are no candidates for this office",150,0,150,0
"636","2171907636","Governor - UNI","Paul Noël Fiorino",0,0,0,0
"636","2171907636","Governor - UNI","Jeff Peckman",0,0,0,0
"637","2171907637","United States Senator - DEM","Julie Gonzales",496,208,5,0
"637","2171907637","United States Senator - DEM","John Hickenlooper",496,283,5,0
"637","2171907637","Representative to the 120th United States Congress - District 2 - DEM","Joe Neguse",496,427,69,0
"637","2171907637","Governor - DEM","Phil Weiser",496,262,5,0
"637","2171907637","Governor - DEM","Michael Bennet",496,229,5,0
"637","2171907637","Secretary of State - DEM","Amanda Gonzalez",496,281,73,0
"637","2171907637","Secretary of State - DEM","Jessie Danielson",496,142,73,0
"637","2171907637","State Treasurer - DEM","Jeff Bridges",496,384,112,0
"637","2171907637","Attorney General - DEM","Jena Griswold",496,190,17,0
"637","2171907637","Attorney General - DEM","David Seligman",496,83,17,0
"637","2171907637","Attorney General - DEM","Michael Dougherty",496,140,17,0
"637","2171907637","Attorney General - DEM","Hetal Doshi",496,66,17,0
"637","2171907637","Regent of the University of Colorado - Congressional District 2 - DEM","Kubs Lalchandani",496,112,86,0
"637","2171907637","Regent of the University of Colorado - Congressional District 2 - DEM","Edie Hooton",496,173,86,0
"637","2171907637","Regent of the University of Colorado - Congressional District 2 - DEM","Murray Smith",496,125,86,0
"637","2171907637","State Senator - District 17 - DEM","Katie Wallace",496,380,116,0
"637","2171907637","State Representative - District 19 - DEM","Anil Pesaramelli",496,103,35,0
"637","2171907637","State Representative - District 19 - DEM","Jillaire McMillan",496,264,35,0
"637","2171907637","State Representative - District 19 - DEM","Colton Jonjak Plahn",496,94,35,0
"637","2171907637","Boulder County Commissioner - District 3 - DEM","Ashley Stolzmann",496,360,136,0
"637","2171907637","Boulder County Clerk and Recorder - DEM","Molly Fitzpatrick",496,374,122,0
"637","2171907637","Boulder County Treasurer - DEM","Jenn Kaaoush",496,176,97,1
"637","2171907637","Boulder County Treasurer - DEM","Rachel Friend",496,222,97,1
"637","2171907637","Boulder County Assessor - DEM","Cynthia Braddock",496,362,134,0
"637","2171907637","Boulder County Sheriff - DEM","Curtis Johnson",496,365,131,0
"637","2171907637","Boulder County Surveyor - DEM","Kayce D. W. Keane",496,361,135,0
"637","2171907637","Boulder County Coroner - DEM","Jeff Martin",496,364,132,0
"637","2171907637","United States Senator - REP","Mark Baisley",191,158,33,0
"637","2171907637","Representative to the 120th United States Congress - District 2 - REP","Kelley Anne Dennison",191,104,22,0
"637","2171907637","Representative to the 120th United States Congress - District 2 - REP","Christina Blunt (Ducommun)",191,65,22,0
"637","2171907637","Governor - REP","Scott Bottoms",191,32,2,0
"637","2171907637","Governor - REP","Victor Marx",191,67,2,0
"637","2171907637","Governor - REP","Barb Kirkmeyer",191,90,2,0
"637","2171907637","Governor - REP","Kelvin ""K-Man"" Wimberly (Write-in Candidate)",191,0,2,0
"637","2171907637","Secretary of State - REP","James Wiley",191,154,37,0
"637","2171907637","State Treasurer - REP","Kevin Grantham",191,155,36,0
"637","2171907637","Attorney General - REP","Michael J. Allen",191,110,22,0
"637","2171907637","Attorney General - REP","David Willson",191,59,22,0
"637","2171907637","Regent of the University of Colorado - Congressional District 2 - REP","Marty Neilson",191,155,36,0
"637","2171907637","State Senator - District 17 - REP","Pat Miller",191,155,36,0
"637","2171907637","State Representative - District 19 - REP","Dan Woog",191,155,36,0
"637","2171907637","Boulder County Commissioner - District 3 - REP","There are no candidates for this office",191,0,191,0
"637","2171907637","Boulder County Clerk and Recorder - REP","There are no candidates for this office",191,0,191,0
"637","2171907637","Boulder County Treasurer - REP","There are no candidates for this office",191,0,191,0
"637","2171907637","Boulder County Assessor - REP","There are no candidates for this office",191,0,191,0
"637","2171907637","Boulder County Sheriff - REP","There are no candidates for this office",191,0,191,0
"637","2171907637","Boulder County Surveyor - REP","There are no candidates for this office",191,0,191,0
"637","2171907637","Boulder County Coroner - REP","There are no candidates for this office",191,0,191,0
"637","2171907637","Governor - UNI","Paul Noël Fiorino",0,0,0,0
"637","2171907637","Governor - UNI","Jeff Peckman",0,0,0,0
"638","2171107638","United States Senator - DEM","Julie Gonzales",311,134,4,0
"638","2171107638","United States Senator - DEM","John Hickenlooper",311,173,4,0
"638","2171107638","Representative to the 120th United States Congress - District 2 - DEM","Joe Neguse",311,280,31,0
"638","2171107638","Governor - DEM","Phil Weiser",311,158,4,0
"638","2171107638","Governor - DEM","Michael Bennet",311,149,4,0
"638","2171107638","Secretary of State - DEM","Amanda Gonzalez",311,188,35,0
"638","2171107638","Secretary of State - DEM","Jessie Danielson",311,88,35,0
"638","2171107638","State Treasurer - DEM","Jeff Bridges",311,258,53,0
"638","2171107638","Attorney General - DEM","Jena Griswold",311,120,9,0
"638","2171107638","Attorney General - DEM","David Seligman",311,52,9,0
"638","2171107638","Attorney General - DEM","Michael Dougherty",311,92,9,0
"638","2171107638","Attorney General - DEM","Hetal Doshi",311,38,9,0
"638","2171107638","Regent of the University of Colorado - Congressional District 2 - DEM","Kubs Lalchandani",311,80,60,0
"638","2171107638","Regent of the University of Colorado - Congressional District 2 - DEM","Edie Hooton",311,94,60,0
"638","2171107638","Regent of the University of Colorado - Congressional District 2 - DEM","Murray Smith",311,77,60,0
"638","2171107638","State Senator - District 17 - DEM","Katie Wallace",311,253,58,0
"638","2171107638","State Representative - District 11 - DEM","Karen McCormick",311,252,59,0
"638","2171107638","Boulder County Commissioner - District 3 - DEM","Ashley Stolzmann",311,250,61,0
"638","2171107638","Boulder County Clerk and Recorder - DEM","Molly Fitzpatrick",311,244,67,0
"638","2171107638","Boulder County Treasurer - DEM","Jenn Kaaoush",311,109,53,0
"638","2171107638","Boulder County Treasurer - DEM","Rachel Friend",311,149,53,0
"638","2171107638","Boulder County Assessor - DEM","Cynthia Braddock",311,240,71,0
"638","2171107638","Boulder County Sheriff - DEM","Curtis Johnson",311,238,73,0
"638","2171107638","Boulder County Surveyor - DEM","Kayce D. W. Keane",311,241,70,0
"638","2171107638","Boulder County Coroner - DEM","Jeff Martin",311,241,70,0
"638","2171107638","United States Senator - REP","Mark Baisley",133,111,22,0
"638","2171107638","Representative to the 120th United States Congress - District 2 - REP","Kelley Anne Dennison",133,64,18,0
"638","2171107638","Representative to the 120th United States Congress - District 2 - REP","Christina Blunt (Ducommun)",133,51,18,0
"638","2171107638","Governor - REP","Scott Bottoms",133,23,1,0
"638","2171107638","Governor - REP","Victor Marx",133,59,1,0
"638","2171107638","Governor - REP","Barb Kirkmeyer",133,50,1,0
"638","2171107638","Governor - REP","Kelvin ""K-Man"" Wimberly (Write-in Candidate)",133,0,1,0
"638","2171107638","Secretary of State - REP","James Wiley",133,106,27,0
"638","2171107638","State Treasurer - REP","Kevin Grantham",133,107,26,0
"638","2171107638","Attorney General - REP","Michael J. Allen",133,64,17,0
"638","2171107638","Attorney General - REP","David Willson",133,52,17,0
"638","2171107638","Regent of the University of Colorado - Congressional District 2 - REP","Marty Neilson",133,105,28,0
"638","2171107638","State Senator - District 17 - REP","Pat Miller",133,105,28,0
"638","2171107638","State Representative - District 11 - REP","There are no candidates for this office",133,0,133,0
"638","2171107638","Boulder County Commissioner - District 3 - REP","There are no candidates for this office",133,0,133,0
"638","2171107638","Boulder County Clerk and Recorder - REP","There are no candidates for this office",133,0,133,0
"638","2171107638","Boulder County Treasurer - REP","There are no candidates for this office",133,0,133,0
"638","2171107638","Boulder County Assessor - REP","There are no candidates for this office",133,0,133,0
"638","2171107638","Boulder County Sheriff - REP","There are no candidates for this office",133,0,133,0
"638","2171107638","Boulder County Surveyor - REP","There are no candidates for this office",133,0,133,0
"638","2171107638","Boulder County Coroner - REP","There are no candidates for this office",133,0,133,0
"638","2171107638","Governor - UNI","Paul Noël Fiorino",0,0,0,0
"638","2171107638","Governor - UNI","Jeff Peckman",0,0,0,0
"639","2171107639","United States Senator - DEM","Julie Gonzales",292,149,3,0
"639","2171107639","United States Senator - DEM","John Hickenlooper",292,140,3,0
"639","2171107639","Representative to the 120th United States Congress - District 2 - DEM","Joe Neguse",292,249,43,0
"639","2171107639","Governor - DEM","Phil Weiser",292,145,2,0
"639","2171107639","Governor - DEM","Michael Bennet",292,145,2,0
"639","2171107639","Secretary of State - DEM","Amanda Gonzalez",292,169,34,0
"639","2171107639","Secretary of State - DEM","Jessie Danielson",292,89,34,0
"639","2171107639","State Treasurer - DEM","Jeff Bridges",292,229,63,0
"639","2171107639","Attorney General - DEM","Jena Griswold",292,99,7,0
"639","2171107639","Attorney General - DEM","David Seligman",292,68,7,0
"639","2171107639","Attorney General - DEM","Michael Dougherty",292,86,7,0
"639","2171107639","Attorney General - DEM","Hetal Doshi",292,32,7,0
"639","2171107639","Regent of the University of Colorado - Congressional District 2 - DEM","Kubs Lalchandani",292,55,47,0
"639","2171107639","Regent of the University of Colorado - Congressional District 2 - DEM","Edie Hooton",292,105,47,0
"639","2171107639","Regent of the University of Colorado - Congressional District 2 - DEM","Murray Smith",292,85,47,0
"639","2171107639","State Senator - District 17 - DEM","Katie Wallace",292,226,66,0
"639","2171107639","State Representative - District 11 - DEM","Karen McCormick",292,228,64,0
"639","2171107639","Boulder County Commissioner - District 3 - DEM","Ashley Stolzmann",292,227,65,0
"639","2171107639","Boulder County Clerk and Recorder - DEM","Molly Fitzpatrick",292,234,58,0
"639","2171107639","Boulder County Treasurer - DEM","Jenn Kaaoush",292,112,40,0
"639","2171107639","Boulder County Treasurer - DEM","Rachel Friend",292,140,40,0
"639","2171107639","Boulder County Assessor - DEM","Cynthia Braddock",292,225,67,0
"639","2171107639","Boulder County Sheriff - DEM","Curtis Johnson",292,222,70,0
"639","2171107639","Boulder County Surveyor - DEM","Kayce D. W. Keane",292,221,71,0
"639","2171107639","Boulder County Coroner - DEM","Jeff Martin",292,221,71,0
"639","2171107639","United States Senator - REP","Mark Baisley",94,73,21,0
"639","2171107639","Representative to the 120th United States Congress - District 2 - REP","Kelley Anne Dennison",94,56,10,0
"639","2171107639","Representative to the 120th United States Congress - District 2 - REP","Christina Blunt (Ducommun)",94,28,10,0
"639","2171107639","Governor - REP","Scott Bottoms",94,14,0,0
"639","2171107639","Governor - REP","Victor Marx",94,25,0,0
"639","2171107639","Governor - REP","Barb Kirkmeyer",94,55,0,0
"639","2171107639","Governor - REP","Kelvin ""K-Man"" Wimberly (Write-in Candidate)",94,0,0,0
"639","2171107639","Secretary of State - REP","James Wiley",94,74,20,0
"639","2171107639","State Treasurer - REP","Kevin Grantham",94,75,19,0
"639","2171107639","Attorney General - REP","Michael J. Allen",94,46,9,0
"639","2171107639","Attorney General - REP","David Willson",94,39,9,0
"639","2171107639","Regent of the University of Colorado - Congressional District 2 - REP","Marty Neilson",94,76,18,0
"639","2171107639","State Senator - District 17 - REP","Pat Miller",94,74,20,0
"639","2171107639","State Representative - District 11 - REP","There are no candidates for this office",94,0,94,0
"639","2171107639","Boulder County Commissioner - District 3 - REP","There are no candidates for this office",94,0,94,0
"639","2171107639","Boulder County Clerk and Recorder - REP","There are no candidates for this office",94,0,94,0
"639","2171107639","Boulder County Treasurer - REP","There are no candidates for this office",94,0,94,0
"639","2171107639","Boulder County Assessor - REP","There are no candidates for this office",94,0,94,0
"639","2171107639","Boulder County Sheriff - REP","There are no candidates for this office",94,0,94,0
"639","2171107639","Boulder County Surveyor - REP","There are no candidates for this office",94,0,94,0
"639","2171107639","Boulder County Coroner - REP","There are no candidates for this office",94,0,94,0
"639","2171107639","Governor - UNI","Paul Noël Fiorino",0,0,0,0
"639","2171107639","Governor - UNI","Jeff Peckman",0,0,0,0
"640","2171107640","United States Senator - DEM","Julie Gonzales",228,132,2,0
"640","2171107640","United States Senator - DEM","John Hickenlooper",228,94,2,0
"640","2171107640","Representative to the 120th United States Congress - District 2 - DEM","Joe Neguse",228,201,27,0
"640","2171107640","Governor - DEM","Phil Weiser",228,120,2,0
"640","2171107640","Governor - DEM","Michael Bennet",228,106,2,0
"640","2171107640","Secretary of State - DEM","Amanda Gonzalez",228,134,13,0
"640","2171107640","Secretary of State - DEM","Jessie Danielson",228,81,13,0
"640","2171107640","State Treasurer - DEM","Jeff Bridges",228,183,45,0
"640","2171107640","Attorney General - DEM","Jena Griswold",228,81,4,0
"640","2171107640","Attorney General - DEM","David Seligman",228,50,4,0
"640","2171107640","Attorney General - DEM","Michael Dougherty",228,57,4,0
"640","2171107640","Attorney General - DEM","Hetal Doshi",228,36,4,0
"640","2171107640","Regent of the University of Colorado - Congressional District 2 - DEM","Kubs Lalchandani",228,50,28,0
"640","2171107640","Regent of the University of Colorado - Congressional District 2 - DEM","Edie Hooton",228,76,28,0
"640","2171107640","Regent of the University of Colorado - Congressional District 2 - DEM","Murray Smith",228,74,28,0
"640","2171107640","State Senator - District 17 - DEM","Katie Wallace",228,184,44,0
"640","2171107640","State Representative - District 11 - DEM","Karen McCormick",228,188,40,0
"640","2171107640","Boulder County Commissioner - District 3 - DEM","Ashley Stolzmann",228,184,44,0
"640","2171107640","Boulder County Clerk and Recorder - DEM","Molly Fitzpatrick",228,189,39,0
"640","2171107640","Boulder County Treasurer - DEM","Jenn Kaaoush",228,90,27,0
"640","2171107640","Boulder County Treasurer - DEM","Rachel Friend",228,111,27,0
"640","2171107640","Boulder County Assessor - DEM","Cynthia Braddock",228,183,45,0
"640","2171107640","Boulder County Sheriff - DEM","Curtis Johnson",228,183,45,0
"640","2171107640","Boulder County Surveyor - DEM","Kayce D. W. Keane",228,184,44,0
"640","2171107640","Boulder County Coroner - DEM","Jeff Martin",228,184,44,0
"640","2171107640","United States Senator - REP","Mark Baisley",62,49,13,0
"640","2171107640","Representative to the 120th United States Congress - District 2 - REP","Kelley Anne Dennison",62,35,8,0
"640","2171107640","Representative to the 120th United States Congress - District 2 - REP","Christina Blunt (Ducommun)",62,19,8,0
"640","2171107640","Governor - REP","Scott Bottoms",62,12,0,0
"640","2171107640","Governor - REP","Victor Marx",62,23,0,0
"640","2171107640","Governor - REP","Barb Kirkmeyer",62,27,0,0
"640","2171107640","Governor - REP","Kelvin ""K-Man"" Wimberly (Write-in Candidate)",62,0,0,0
"640","2171107640","Secretary of State - REP","James Wiley",62,53,9,0
"640","2171107640","State Treasurer - REP","Kevin Grantham",62,52,10,0
"640","2171107640","Attorney General - REP","Michael J. Allen",62,36,6,0
"640","2171107640","Attorney General - REP","David Willson",62,20,6,0
"640","2171107640","Regent of the University of Colorado - Congressional District 2 - REP","Marty Neilson",62,52,10,0
"640","2171107640","State Senator - District 17 - REP","Pat Miller",62,51,11,0
"640","2171107640","State Representative - District 11 - REP","There are no candidates for this office",62,0,62,0
"640","2171107640","Boulder County Commissioner - District 3 - REP","There are no candidates for this office",62,0,62,0
"640","2171107640","Boulder County Clerk and Recorder - REP","There are no candidates for this office",62,0,62,0
"640","2171107640","Boulder County Treasurer - REP","There are no candidates for this office",62,0,62,0
"640","2171107640","Boulder County Assessor - REP","There are no candidates for this office",62,0,62,0
"640","2171107640","Boulder County Sheriff - REP","There are no candidates for this office",62,0,62,0
"640","2171107640","Boulder County Surveyor - REP","There are no candidates for this office",62,0,62,0
"640","2171107640","Boulder County Coroner - REP","There are no candidates for this office",62,0,62,0
"640","2171107640","Governor - UNI","Paul Noël Fiorino",0,0,0,0
"640","2171107640","Governor - UNI","Jeff Peckman",0,0,0,0
"641","2171107641","United States Senator - DEM","Julie Gonzales",231,129,1,0
"641","2171107641","United States Senator - DEM","John Hickenlooper",231,101,1,0
"641","2171107641","Representative to the 120th United States Congress - District 2 - DEM","Joe Neguse",231,196,35,0
"641","2171107641","Governor - DEM","Phil Weiser",231,128,3,0
"641","2171107641","Governor - DEM","Michael Bennet",231,100,3,0
"641","2171107641","Secretary of State - DEM","Amanda Gonzalez",231,136,20,0
"641","2171107641","Secretary of State - DEM","Jessie Danielson",231,75,20,0
"641","2171107641","State Treasurer - DEM","Jeff Bridges",231,186,45,0
"641","2171107641","Attorney General - DEM","Jena Griswold",231,70,5,0
"641","2171107641","Attorney General - DEM","David Seligman",231,65,5,0
"641","2171107641","Attorney General - DEM","Michael Dougherty",231,56,5,0
"641","2171107641","Attorney General - DEM","Hetal Doshi",231,35,5,0
"641","2171107641","Regent of the University of Colorado - Congressional District 2 - DEM","Kubs Lalchandani",231,62,43,0
"641","2171107641","Regent of the University of Colorado - Congressional District 2 - DEM","Edie Hooton",231,54,43,0
"641","2171107641","Regent of the University of Colorado - Congressional District 2 - DEM","Murray Smith",231,72,43,0
"641","2171107641","State Senator - District 17 - DEM","Katie Wallace",231,178,53,0
"641","2171107641","State Representative - District 11 - DEM","Karen McCormick",231,178,53,0
"641","2171107641","Boulder County Commissioner - District 3 - DEM","Ashley Stolzmann",231,178,53,0
"641","2171107641","Boulder County Clerk and Recorder - DEM","Molly Fitzpatrick",231,178,53,0
"641","2171107641","Boulder County Treasurer - DEM","Jenn Kaaoush",231,97,36,0
"641","2171107641","Boulder County Treasurer - DEM","Rachel Friend",231,98,36,0
"641","2171107641","Boulder County Assessor - DEM","Cynthia Braddock",231,171,60,0
"641","2171107641","Boulder County Sheriff - DEM","Curtis Johnson",231,169,62,0
"641","2171107641","Boulder County Surveyor - DEM","Kayce D. W. Keane",231,172,59,0
"641","2171107641","Boulder County Coroner - DEM","Jeff Martin",231,170,61,0
"641","2171107641","Secretary of State - LBR","Sean Vadney",0,0,0,0
"641","2171107641","Secretary of State - LBR","Alex Astley",0,0,0,0
"641","2171107641","United States Senator - REP","Mark Baisley",72,61,11,0
"641","2171107641","Representative to the 120th United States Congress - District 2 - REP","Kelley Anne Dennison",72,42,5,0
"641","2171107641","Representative to the 120th United States Congress - District 2 - REP","Christina Blunt (Ducommun)",72,25,5,0
"641","2171107641","Governor - REP","Scott Bottoms",72,10,1,0
"641","2171107641","Governor - REP","Victor Marx",72,24,1,0
"641","2171107641","Governor - REP","Barb Kirkmeyer",72,37,1,0
"641","2171107641","Governor - REP","Kelvin ""K-Man"" Wimberly (Write-in Candidate)",72,0,1,0
"641","2171107641","Secretary of State - REP","James Wiley",72,58,14,0
"641","2171107641","State Treasurer - REP","Kevin Grantham",72,59,13,0
"641","2171107641","Attorney General - REP","Michael J. Allen",72,37,8,0
"641","2171107641","Attorney General - REP","David Willson",72,27,8,0
"641","2171107641","Regent of the University of Colorado - Congressional District 2 - REP","Marty Neilson",72,59,13,0
"641","2171107641","State Senator - District 17 - REP","Pat Miller",72,59,13,0
"641","2171107641","State Representative - District 11 - REP","There are no candidates for this office",72,0,72,0
"641","2171107641","Boulder County Commissioner - District 3 - REP","There are no candidates for this office",72,0,72,0
"641","2171107641","Boulder County Clerk and Recorder - REP","There are no candidates for this office",72,0,72,0
"641","2171107641","Boulder County Treasurer - REP","There are no candidates for this office",72,0,72,0
"641","2171107641","Boulder County Assessor - REP","There are no candidates for this office",72,0,72,0
"641","2171107641","Boulder County Sheriff - REP","There are no candidates for this office",72,0,72,0
"641","2171107641","Boulder County Surveyor - REP","There are no candidates for this office",72,0,72,0
"641","2171107641","Boulder County Coroner - REP","There are no candidates for this office",72,0,72,0
"641","2171107641","Governor - UNI","Paul Noël Fiorino",0,0,0,0
"641","2171107641","Governor - UNI","Jeff Peckman",0,0,0,0
"642","2171107642","United States Senator - DEM","Julie Gonzales",477,253,5,0
"642","2171107642","United States Senator - DEM","John Hickenlooper",477,219,5,0
"642","2171107642","Representative to the 120th United States Congress - District 2 - DEM","Joe Neguse",477,422,55,0
"642","2171107642","Governor - DEM","Phil Weiser",477,269,5,0
"642","2171107642","Governor - DEM","Michael Bennet",477,203,5,0
"642","2171107642","Secretary of State - DEM","Amanda Gonzalez",477,284,38,0
"642","2171107642","Secretary of State - DEM","Jessie Danielson",477,155,38,0
"642","2171107642","State Treasurer - DEM","Jeff Bridges",477,374,103,0
"642","2171107642","Attorney General - DEM","Jena Griswold",477,185,15,0
"642","2171107642","Attorney General - DEM","David Seligman",477,99,15,0
"642","2171107642","Attorney General - DEM","Michael Dougherty",477,96,15,0
"642","2171107642","Attorney General - DEM","Hetal Doshi",477,82,15,0
"642","2171107642","Regent of the University of Colorado - Congressional District 2 - DEM","Kubs Lalchandani",477,127,74,0
"642","2171107642","Regent of the University of Colorado - Congressional District 2 - DEM","Edie Hooton",477,137,74,0
"642","2171107642","Regent of the University of Colorado - Congressional District 2 - DEM","Murray Smith",477,139,74,0
"642","2171107642","State Senator - District 17 - DEM","Katie Wallace",477,374,103,0
"642","2171107642","State Representative - District 11 - DEM","Karen McCormick",477,381,96,0
"642","2171107642","Boulder County Commissioner - District 3 - DEM","Ashley Stolzmann",477,371,106,0
"642","2171107642","Boulder County Clerk and Recorder - DEM","Molly Fitzpatrick",477,380,97,0
"642","2171107642","Boulder County Treasurer - DEM","Jenn Kaaoush",477,211,65,0
"642","2171107642","Boulder County Treasurer - DEM","Rachel Friend",477,201,65,0
"642","2171107642","Boulder County Assessor - DEM","Cynthia Braddock",477,358,119,0
"642","2171107642","Boulder County Sheriff - DEM","Curtis Johnson",477,357,120,0
"642","2171107642","Boulder County Surveyor - DEM","Kayce D. W. Keane",477,363,114,0
"642","2171107642","Boulder County Coroner - DEM","Jeff Martin",477,361,116,0
"642","2171107642","United States Senator - REP","Mark Baisley",136,119,17,0
"642","2171107642","Representative to the 120th United States Congress - District 2 - REP","Kelley Anne Dennison",136,70,14,0
"642","2171107642","Representative to the 120th United States Congress - District 2 - REP","Christina Blunt (Ducommun)",136,52,14,0
"642","2171107642","Governor - REP","Scott Bottoms",136,25,0,0
"642","2171107642","Governor - REP","Victor Marx",136,56,0,0
"642","2171107642","Governor - REP","Barb Kirkmeyer",136,55,0,0
"642","2171107642","Governor - REP","Kelvin ""K-Man"" Wimberly (Write-in Candidate)",136,0,0,0
"642","2171107642","Secretary of State - REP","James Wiley",136,117,19,0
"642","2171107642","State Treasurer - REP","Kevin Grantham",136,115,21,0
"642","2171107642","Attorney General - REP","Michael J. Allen",136,65,12,0
"642","2171107642","Attorney General - REP","David Willson",136,59,12,0
"642","2171107642","Regent of the University of Colorado - Congressional District 2 - REP","Marty Neilson",136,114,22,0
"642","2171107642","State Senator - District 17 - REP","Pat Miller",136,111,25,0
"642","2171107642","State Representative - District 11 - REP","There are no candidates for this office",136,0,136,0
"642","2171107642","Boulder County Commissioner - District 3 - REP","There are no candidates for this office",136,0,136,0
"642","2171107642","Boulder County Clerk and Recorder - REP","There are no candidates for this office",136,0,136,0
"642","2171107642","Boulder County Treasurer - REP","There are no candidates for this office",136,0,136,0
"642","2171107642","Boulder County Assessor - REP","There are no candidates for this office",136,0,136,0
"642","2171107642","Boulder County Sheriff - REP","There are no candidates for this office",136,0,136,0
"642","2171107642","Boulder County Surveyor - REP","There are no candidates for this office",136,0,136,0
"642","2171107642","Boulder County Coroner - REP","There are no candidates for this office",136,0,136,0
"642","2171107642","Governor - UNI","Paul Noël Fiorino",0,0,0,0
"642","2171107642","Governor - UNI","Jeff Peckman",0,0,0,0
"643","2171107643","United States Senator - DEM","Julie Gonzales",284,132,4,0
"643","2171107643","United States Senator - DEM","John Hickenlooper",284,148,4,0
"643","2171107643","Representative to the 120th United States Congress - District 2 - DEM","Joe Neguse",284,241,43,0
"643","2171107643","Governor - DEM","Phil Weiser",284,163,7,0
"643","2171107643","Governor - DEM","Michael Bennet",284,114,7,0
"643","2171107643","Secretary of State - DEM","Amanda Gonzalez",284,153,39,0
"643","2171107643","Secretary of State - DEM","Jessie Danielson",284,92,39,0
"643","2171107643","State Treasurer - DEM","Jeff Bridges",284,226,58,0
"643","2171107643","Attorney General - DEM","Jena Griswold",284,89,18,0
"643","2171107643","Attorney General - DEM","David Seligman",284,45,18,0
"643","2171107643","Attorney General - DEM","Michael Dougherty",284,106,18,0
"643","2171107643","Attorney General - DEM","Hetal Doshi",284,26,18,0
"643","2171107643","Regent of the University of Colorado - Congressional District 2 - DEM","Kubs Lalchandani",284,67,59,0
"643","2171107643","Regent of the University of Colorado - Congressional District 2 - DEM","Edie Hooton",284,95,59,0
"643","2171107643","Regent of the University of Colorado - Congressional District 2 - DEM","Murray Smith",284,63,59,0
"643","2171107643","State Senator - District 17 - DEM","Katie Wallace",284,223,61,0
"643","2171107643","State Representative - District 11 - DEM","Karen McCormick",284,229,55,0
"643","2171107643","Boulder County Commissioner - District 3 - DEM","Ashley Stolzmann",284,219,65,0
"643","2171107643","Boulder County Clerk and Recorder - DEM","Molly Fitzpatrick",284,224,60,0
"643","2171107643","Boulder County Treasurer - DEM","Jenn Kaaoush",284,94,46,1
"643","2171107643","Boulder County Treasurer - DEM","Rachel Friend",284,143,46,1
"643","2171107643","Boulder County Assessor - DEM","Cynthia Braddock",284,213,71,0
"643","2171107643","Boulder County Sheriff - DEM","Curtis Johnson",284,214,70,0
"643","2171107643","Boulder County Surveyor - DEM","Kayce D. W. Keane",284,215,69,0
"643","2171107643","Boulder County Coroner - DEM","Jeff Martin",284,217,67,0
"643","2171107643","Secretary of State - LBR","Sean Vadney",0,0,0,0
"643","2171107643","Secretary of State - LBR","Alex Astley",0,0,0,0
"643","2171107643","United States Senator - REP","Mark Baisley",77,70,7,0
"643","2171107643","Representative to the 120th United States Congress - District 2 - REP","Kelley Anne Dennison",77,44,11,0
"643","2171107643","Representative to the 120th United States Congress - District 2 - REP","Christina Blunt (Ducommun)",77,22,11,0
"643","2171107643","Governor - REP","Scott Bottoms",77,16,1,0
"643","2171107643","Governor - REP","Victor Marx",77,22,1,0
"643","2171107643","Governor - REP","Barb Kirkmeyer",77,38,1,0
"643","2171107643","Governor - REP","Kelvin ""K-Man"" Wimberly (Write-in Candidate)",77,0,1,0
"643","2171107643","Secretary of State - REP","James Wiley",77,69,8,0
"643","2171107643","State Treasurer - REP","Kevin Grantham",77,68,9,0
"643","2171107643","Attorney General - REP","Michael J. Allen",77,43,8,0
"643","2171107643","Attorney General - REP","David Willson",77,26,8,0
"643","2171107643","Regent of the University of Colorado - Congressional District 2 - REP","Marty Neilson",77,65,12,0
"643","2171107643","State Senator - District 17 - REP","Pat Miller",77,67,10,0
"643","2171107643","State Representative - District 11 - REP","There are no candidates for this office",77,0,77,0
"643","2171107643","Boulder County Commissioner - District 3 - REP","There are no candidates for this office",77,0,77,0
"643","2171107643","Boulder County Clerk and Recorder - REP","There are no candidates for this office",77,0,77,0
"643","2171107643","Boulder County Treasurer - REP","There are no candidates for this office",77,0,77,0
"643","2171107643","Boulder County Assessor - REP","There are no candidates for this office",77,0,77,0
"643","2171107643","Boulder County Sheriff - REP","There are no candidates for this office",77,0,77,0
"643","2171107643","Boulder County Surveyor - REP","There are no candidates for this office",77,0,77,0
"643","2171107643","Boulder County Coroner - REP","There are no candidates for this office",77,0,77,0
"643","2171107643","Governor - UNI","Paul Noël Fiorino",0,0,0,0
"643","2171107643","Governor - UNI","Jeff Peckman",0,0,0,0
"644","2171107644","United States Senator - DEM","Julie Gonzales",314,167,1,0
"644","2171107644","United States Senator - DEM","John Hickenlooper",314,146,1,0
"644","2171107644","Representative to the 120th United States Congress - District 2 - DEM","Joe Neguse",314,264,50,0
"644","2171107644","Governor - DEM","Phil Weiser",314,199,2,0
"644","2171107644","Governor - DEM","Michael Bennet",314,113,2,0
"644","2171107644","Secretary of State - DEM","Amanda Gonzalez",314,178,30,0
"644","2171107644","Secretary of State - DEM","Jessie Danielson",314,106,30,0
"644","2171107644","State Treasurer - DEM","Jeff Bridges",314,246,68,0
"644","2171107644","Attorney General - DEM","Jena Griswold",314,102,8,0
"644","2171107644","Attorney General - DEM","David Seligman",314,59,8,0
"644","2171107644","Attorney General - DEM","Michael Dougherty",314,109,8,0
"644","2171107644","Attorney General - DEM","Hetal Doshi",314,36,8,0
"644","2171107644","Regent of the University of Colorado - Congressional District 2 - DEM","Kubs Lalchandani",314,67,39,1
"644","2171107644","Regent of the University of Colorado - Congressional District 2 - DEM","Edie Hooton",314,118,39,1
"644","2171107644","Regent of the University of Colorado - Congressional District 2 - DEM","Murray Smith",314,89,39,1
"644","2171107644","State Senator - District 17 - DEM","Katie Wallace",314,245,69,0
"644","2171107644","State Representative - District 11 - DEM","Karen McCormick",314,249,65,0
"644","2171107644","Boulder County Commissioner - District 3 - DEM","Ashley Stolzmann",314,245,69,0
"644","2171107644","Boulder County Clerk and Recorder - DEM","Molly Fitzpatrick",314,248,66,0
"644","2171107644","Boulder County Treasurer - DEM","Jenn Kaaoush",314,105,40,0
"644","2171107644","Boulder County Treasurer - DEM","Rachel Friend",314,169,40,0
"644","2171107644","Boulder County Assessor - DEM","Cynthia Braddock",314,242,72,0
"644","2171107644","Boulder County Sheriff - DEM","Curtis Johnson",314,239,75,0
"644","2171107644","Boulder County Surveyor - DEM","Kayce D. W. Keane",314,240,74,0
"644","2171107644","Boulder County Coroner - DEM","Jeff Martin",314,241,73,0
"644","2171107644","United States Senator - REP","Mark Baisley",97,73,24,0
"644","2171107644","Representative to the 120th United States Congress - District 2 - REP","Kelley Anne Dennison",97,54,24,0
"644","2171107644","Representative to the 120th United States Congress - District 2 - REP","Christina Blunt (Ducommun)",97,19,24,0
"644","2171107644","Governor - REP","Scott Bottoms",97,16,0,0
"644","2171107644","Governor - REP","Victor Marx",97,26,0,0
"644","2171107644","Governor - REP","Barb Kirkmeyer",97,54,0,0
"644","2171107644","Governor - REP","Kelvin ""K-Man"" Wimberly (Write-in Candidate)",97,1,0,0
"644","2171107644","Secretary of State - REP","James Wiley",97,71,26,0
"644","2171107644","State Treasurer - REP","Kevin Grantham",97,72,25,0
"644","2171107644","Attorney General - REP","Michael J. Allen",97,56,12,0
"644","2171107644","Attorney General - REP","David Willson",97,29,12,0
"644","2171107644","Regent of the University of Colorado - Congressional District 2 - REP","Marty Neilson",97,72,25,0
"644","2171107644","State Senator - District 17 - REP","Pat Miller",97,73,24,0
"644","2171107644","State Representative - District 11 - REP","There are no candidates for this office",97,0,97,0
"644","2171107644","Boulder County Commissioner - District 3 - REP","There are no candidates for this office",97,0,97,0
"644","2171107644","Boulder County Clerk and Recorder - REP","There are no candidates for this office",97,0,97,0
"644","2171107644","Boulder County Treasurer - REP","There are no candidates for this office",97,0,97,0
"644","2171107644","Boulder County Assessor - REP","There are no candidates for this office",97,0,97,0
"644","2171107644","Boulder County Sheriff - REP","There are no candidates for this office",97,0,97,0
"644","2171107644","Boulder County Surveyor - REP","There are no candidates for this office",97,0,97,0
"644","2171107644","Boulder County Coroner - REP","There are no candidates for this office",97,0,97,0
"644","2171107644","Governor - UNI","Paul Noël Fiorino",0,0,0,0
"644","2171107644","Governor - UNI","Jeff Peckman",0,0,0,0
"645","2171107645","United States Senator - DEM","Julie Gonzales",451,198,4,0
"645","2171107645","United States Senator - DEM","John Hickenlooper",451,249,4,0
"645","2171107645","Representative to the 120th United States Congress - District 2 - DEM","Joe Neguse",451,400,51,0
"645","2171107645","Governor - DEM","Phil Weiser",451,243,11,0
"645","2171107645","Governor - DEM","Michael Bennet",451,197,11,0
"645","2171107645","Secretary of State - DEM","Amanda Gonzalez",451,255,46,0
"645","2171107645","Secretary of State - DEM","Jessie Danielson",451,150,46,0
"645","2171107645","State Treasurer - DEM","Jeff Bridges",451,371,80,0
"645","2171107645","Attorney General - DEM","Jena Griswold",451,167,15,1
"645","2171107645","Attorney General - DEM","David Seligman",451,87,15,1
"645","2171107645","Attorney General - DEM","Michael Dougherty",451,129,15,1
"645","2171107645","Attorney General - DEM","Hetal Doshi",451,52,15,1
"645","2171107645","Regent of the University of Colorado - Congressional District 2 - DEM","Kubs Lalchandani",451,116,78,1
"645","2171107645","Regent of the University of Colorado - Congressional District 2 - DEM","Edie Hooton",451,140,78,1
"645","2171107645","Regent of the University of Colorado - Congressional District 2 - DEM","Murray Smith",451,116,78,1
"645","2171107645","State Senator - District 17 - DEM","Katie Wallace",451,349,102,0
"645","2171107645","State Representative - District 11 - DEM","Karen McCormick",451,363,88,0
"645","2171107645","Boulder County Commissioner - District 3 - DEM","Ashley Stolzmann",451,349,102,0
"645","2171107645","Boulder County Clerk and Recorder - DEM","Molly Fitzpatrick",451,353,98,0
"645","2171107645","Boulder County Treasurer - DEM","Jenn Kaaoush",451,188,72,1
"645","2171107645","Boulder County Treasurer - DEM","Rachel Friend",451,190,72,1
"645","2171107645","Boulder County Assessor - DEM","Cynthia Braddock",451,344,107,0
"645","2171107645","Boulder County Sheriff - DEM","Curtis Johnson",451,343,108,0
"645","2171107645","Boulder County Surveyor - DEM","Kayce D. W. Keane",451,343,108,0
"645","2171107645","Boulder County Coroner - DEM","Jeff Martin",451,342,109,0
"645","2171107645","United States Senator - REP","Mark Baisley",119,103,16,0
"645","2171107645","Representative to the 120th United States Congress - District 2 - REP","Kelley Anne Dennison",119,62,16,0
"645","2171107645","Representative to the 120th United States Congress - District 2 - REP","Christina Blunt (Ducommun)",119,41,16,0
"645","2171107645","Governor - REP","Scott Bottoms",119,25,3,0
"645","2171107645","Governor - REP","Victor Marx",119,30,3,0
"645","2171107645","Governor - REP","Barb Kirkmeyer",119,61,3,0
"645","2171107645","Governor - REP","Kelvin ""K-Man"" Wimberly (Write-in Candidate)",119,0,3,0
"645","2171107645","Secretary of State - REP","James Wiley",119,97,22,0
"645","2171107645","State Treasurer - REP","Kevin Grantham",119,98,21,0
"645","2171107645","Attorney General - REP","Michael J. Allen",119,58,20,0
"645","2171107645","Attorney General - REP","David Willson",119,41,20,0
"645","2171107645","Regent of the University of Colorado - Congressional District 2 - REP","Marty Neilson",119,98,21,0
"645","2171107645","State Senator - District 17 - REP","Pat Miller",119,97,22,0
"645","2171107645","State Representative - District 11 - REP","There are no candidates for this office",119,0,119,0
"645","2171107645","Boulder County Commissioner - District 3 - REP","There are no candidates for this office",119,0,119,0
"645","2171107645","Boulder County Clerk and Recorder - REP","There are no candidates for this office",119,0,119,0
"645","2171107645","Boulder County Treasurer - REP","There are no candidates for this office",119,0,119,0
"645","2171107645","Boulder County Assessor - REP","There are no candidates for this office",119,0,119,0
"645","2171107645","Boulder County Sheriff - REP","There are no candidates for this office",119,0,119,0
"645","2171107645","Boulder County Surveyor - REP","There are no candidates for this office",119,0,119,0
"645","2171107645","Boulder County Coroner - REP","There are no candidates for this office",119,0,119,0
"645","2171107645","Governor - UNI","Paul Noël Fiorino",0,0,0,0
"645","2171107645","Governor - UNI","Jeff Peckman",0,0,0,0
"646","2171107646","United States Senator - DEM","Julie Gonzales",256,101,2,0
"646","2171107646","United States Senator - DEM","John Hickenlooper",256,153,2,0
"646","2171107646","Representative to the 120th United States Congress - District 2 - DEM","Joe Neguse",256,223,33,0
"646","2171107646","Governor - DEM","Phil Weiser",256,136,1,0
"646","2171107646","Governor - DEM","Michael Bennet",256,119,1,0
"646","2171107646","Secretary of State - DEM","Amanda Gonzalez",256,129,36,0
"646","2171107646","Secretary of State - DEM","Jessie Danielson",256,91,36,0
"646","2171107646","State Treasurer - DEM","Jeff Bridges",256,202,54,0
"646","2171107646","Attorney General - DEM","Jena Griswold",256,101,8,0
"646","2171107646","Attorney General - DEM","David Seligman",256,26,8,0
"646","2171107646","Attorney General - DEM","Michael Dougherty",256,80,8,0
"646","2171107646","Attorney General - DEM","Hetal Doshi",256,41,8,0
"646","2171107646","Regent of the University of Colorado - Congressional District 2 - DEM","Kubs Lalchandani",256,47,54,0
"646","2171107646","Regent of the University of Colorado - Congressional District 2 - DEM","Edie Hooton",256,94,54,0
"646","2171107646","Regent of the University of Colorado - Congressional District 2 - DEM","Murray Smith",256,61,54,0
"646","2171107646","State Senator - District 17 - DEM","Katie Wallace",256,204,52,0
"646","2171107646","State Representative - District 11 - DEM","Karen McCormick",256,208,48,0
"646","2171107646","Boulder County Commissioner - District 3 - DEM","Ashley Stolzmann",256,200,56,0
"646","2171107646","Boulder County Clerk and Recorder - DEM","Molly Fitzpatrick",256,203,53,0
"646","2171107646","Boulder County Treasurer - DEM","Jenn Kaaoush",256,83,39,1
"646","2171107646","Boulder County Treasurer - DEM","Rachel Friend",256,133,39,1
"646","2171107646","Boulder County Assessor - DEM","Cynthia Braddock",256,200,56,0
"646","2171107646","Boulder County Sheriff - DEM","Curtis Johnson",256,199,57,0
"646","2171107646","Boulder County Surveyor - DEM","Kayce D. W. Keane",256,196,60,0
"646","2171107646","Boulder County Coroner - DEM","Jeff Martin",256,199,57,0
"646","2171107646","United States Senator - REP","Mark Baisley",127,108,19,0
"646","2171107646","Representative to the 120th United States Congress - District 2 - REP","Kelley Anne Dennison",127,71,15,0
"646","2171107646","Representative to the 120th United States Congress - District 2 - REP","Christina Blunt (Ducommun)",127,41,15,0
"646","2171107646","Governor - REP","Scott Bottoms",127,30,0,0
"646","2171107646","Governor - REP","Victor Marx",127,28,0,0
"646","2171107646","Governor - REP","Barb Kirkmeyer",127,69,0,0
"646","2171107646","Governor - REP","Kelvin ""K-Man"" Wimberly (Write-in Candidate)",127,0,0,0
"646","2171107646","Secretary of State - REP","James Wiley",127,100,27,0
"646","2171107646","State Treasurer - REP","Kevin Grantham",127,102,25,0
"646","2171107646","Attorney General - REP","Michael J. Allen",127,73,13,0
"646","2171107646","Attorney General - REP","David Willson",127,41,13,0
"646","2171107646","Regent of the University of Colorado - Congressional District 2 - REP","Marty Neilson",127,101,26,0
"646","2171107646","State Senator - District 17 - REP","Pat Miller",127,101,26,0
"646","2171107646","State Representative - District 11 - REP","There are no candidates for this office",127,0,127,0
"646","2171107646","Boulder County Commissioner - District 3 - REP","There are no candidates for this office",127,0,127,0
"646","2171107646","Boulder County Clerk and Recorder - REP","There are no candidates for this office",127,0,127,0
"646","2171107646","Boulder County Treasurer - REP","There are no candidates for this office",127,0,127,0
"646","2171107646","Boulder County Assessor - REP","There are no candidates for this office",127,0,127,0
"646","2171107646","Boulder County Sheriff - REP","There are no candidates for this office",127,0,127,0
"646","2171107646","Boulder County Surveyor - REP","There are no candidates for this office",127,0,127,0
"646","2171107646","Boulder County Coroner - REP","There are no candidates for this office",127,0,127,0
"646","2171107646","Governor - UNI","Paul Noël Fiorino",0,0,0,0
"646","2171107646","Governor - UNI","Jeff Peckman",0,0,0,0
"647","2171107647","United States Senator - DEM","Julie Gonzales",287,154,1,0
"647","2171107647","United States Senator - DEM","John Hickenlooper",287,132,1,0
"647","2171107647","Representative to the 120th United States Congress - District 2 - DEM","Joe Neguse",287,240,47,0
"647","2171107647","Governor - DEM","Phil Weiser",287,173,0,0
"647","2171107647","Governor - DEM","Michael Bennet",287,114,0,0
"647","2171107647","Secretary of State - DEM","Amanda Gonzalez",287,179,33,0
"647","2171107647","Secretary of State - DEM","Jessie Danielson",287,75,33,0
"647","2171107647","State Treasurer - DEM","Jeff Bridges",287,221,66,0
"647","2171107647","Attorney General - DEM","Jena Griswold",287,131,9,0
"647","2171107647","Attorney General - DEM","David Seligman",287,53,9,0
"647","2171107647","Attorney General - DEM","Michael Dougherty",287,69,9,0
"647","2171107647","Attorney General - DEM","Hetal Doshi",287,25,9,0
"647","2171107647","Regent of the University of Colorado - Congressional District 2 - DEM","Kubs Lalchandani",287,61,62,0
"647","2171107647","Regent of the University of Colorado - Congressional District 2 - DEM","Edie Hooton",287,73,62,0
"647","2171107647","Regent of the University of Colorado - Congressional District 2 - DEM","Murray Smith",287,91,62,0
"647","2171107647","State Senator - District 17 - DEM","Katie Wallace",287,224,63,0
"647","2171107647","State Representative - District 11 - DEM","Karen McCormick",287,226,61,0
"647","2171107647","Boulder County Commissioner - District 3 - DEM","Ashley Stolzmann",287,224,63,0
"647","2171107647","Boulder County Clerk and Recorder - DEM","Molly Fitzpatrick",287,227,60,0
"647","2171107647","Boulder County Treasurer - DEM","Jenn Kaaoush",287,118,47,1
"647","2171107647","Boulder County Treasurer - DEM","Rachel Friend",287,121,47,1
"647","2171107647","Boulder County Assessor - DEM","Cynthia Braddock",287,221,66,0
"647","2171107647","Boulder County Sheriff - DEM","Curtis Johnson",287,215,72,0
"647","2171107647","Boulder County Surveyor - DEM","Kayce D. W. Keane",287,222,65,0
"647","2171107647","Boulder County Coroner - DEM","Jeff Martin",287,220,67,0
"647","2171107647","United States Senator - REP","Mark Baisley",78,63,15,0
"647","2171107647","Representative to the 120th United States Congress - District 2 - REP","Kelley Anne Dennison",78,45,8,0
"647","2171107647","Representative to the 120th United States Congress - District 2 - REP","Christina Blunt (Ducommun)",78,25,8,0
"647","2171107647","Governor - REP","Scott Bottoms",78,17,0,0
"647","2171107647","Governor - REP","Victor Marx",78,23,0,0
"647","2171107647","Governor - REP","Barb Kirkmeyer",78,38,0,0
"647","2171107647","Governor - REP","Kelvin ""K-Man"" Wimberly (Write-in Candidate)",78,0,0,0
"647","2171107647","Secretary of State - REP","James Wiley",78,66,12,0
"647","2171107647","State Treasurer - REP","Kevin Grantham",78,66,12,0
"647","2171107647","Attorney General - REP","Michael J. Allen",78,35,6,0
"647","2171107647","Attorney General - REP","David Willson",78,37,6,0
"647","2171107647","Regent of the University of Colorado - Congressional District 2 - REP","Marty Neilson",78,64,14,0
"647","2171107647","State Senator - District 17 - REP","Pat Miller",78,63,15,0
"647","2171107647","State Representative - District 11 - REP","There are no candidates for this office",78,0,78,0
"647","2171107647","Boulder County Commissioner - District 3 - REP","There are no candidates for this office",78,0,78,0
"647","2171107647","Boulder County Clerk and Recorder - REP","There are no candidates for this office",78,0,78,0
"647","2171107647","Boulder County Treasurer - REP","There are no candidates for this office",78,0,78,0
"647","2171107647","Boulder County Assessor - REP","There are no candidates for this office",78,0,78,0
"647","2171107647","Boulder County Sheriff - REP","There are no candidates for this office",78,0,78,0
"647","2171107647","Boulder County Surveyor - REP","There are no candidates for this office",78,0,78,0
"647","2171107647","Boulder County Coroner - REP","There are no candidates for this office",78,0,78,0
"647","2171107647","Governor - UNI","Paul Noël Fiorino",0,0,0,0
"647","2171107647","Governor - UNI","Jeff Peckman",0,0,0,0
"648","2171107648","United States Senator - DEM","Julie Gonzales",324,164,2,0
"648","2171107648","United States Senator - DEM","John Hickenlooper",324,158,2,0
"648","2171107648","Representative to the 120th United States Congress - District 2 - DEM","Joe Neguse",324,291,33,0
"648","2171107648","Governor - DEM","Phil Weiser",324,165,2,0
"648","2171107648","Governor - DEM","Michael Bennet",324,157,2,0
"648","2171107648","Secretary of State - DEM","Amanda Gonzalez",324,197,37,0
"648","2171107648","Secretary of State - DEM","Jessie Danielson",324,90,37,0
"648","2171107648","State Treasurer - DEM","Jeff Bridges",324,272,52,0
"648","2171107648","Attorney General - DEM","Jena Griswold",324,128,18,0
"648","2171107648","Attorney General - DEM","David Seligman",324,58,18,0
"648","2171107648","Attorney General - DEM","Michael Dougherty",324,79,18,0
"648","2171107648","Attorney General - DEM","Hetal Doshi",324,41,18,0
"648","2171107648","Regent of the University of Colorado - Congressional District 2 - DEM","Kubs Lalchandani",324,65,51,1
"648","2171107648","Regent of the University of Colorado - Congressional District 2 - DEM","Edie Hooton",324,107,51,1
"648","2171107648","Regent of the University of Colorado - Congressional District 2 - DEM","Murray Smith",324,100,51,1
"648","2171107648","State Senator - District 17 - DEM","Katie Wallace",324,271,53,0
"648","2171107648","State Representative - District 11 - DEM","Karen McCormick",324,273,51,0
"648","2171107648","Boulder County Commissioner - District 3 - DEM","Ashley Stolzmann",324,271,53,0
"648","2171107648","Boulder County Clerk and Recorder - DEM","Molly Fitzpatrick",324,273,51,0
"648","2171107648","Boulder County Treasurer - DEM","Jenn Kaaoush",324,109,48,2
"648","2171107648","Boulder County Treasurer - DEM","Rachel Friend",324,165,48,2
"648","2171107648","Boulder County Assessor - DEM","Cynthia Braddock",324,264,60,0
"648","2171107648","Boulder County Sheriff - DEM","Curtis Johnson",324,262,62,0
"648","2171107648","Boulder County Surveyor - DEM","Kayce D. W. Keane",324,267,57,0
"648","2171107648","Boulder County Coroner - DEM","Jeff Martin",324,265,59,0
"648","2171107648","United States Senator - REP","Mark Baisley",103,76,27,0
"648","2171107648","Representative to the 120th United States Congress - District 2 - REP","Kelley Anne Dennison",103,59,11,0
"648","2171107648","Representative to the 120th United States Congress - District 2 - REP","Christina Blunt (Ducommun)",103,33,11,0
"648","2171107648","Governor - REP","Scott Bottoms",103,21,1,0
"648","2171107648","Governor - REP","Victor Marx",103,42,1,0
"648","2171107648","Governor - REP","Barb Kirkmeyer",103,39,1,0
"648","2171107648","Governor - REP","Kelvin ""K-Man"" Wimberly (Write-in Candidate)",103,0,1,0
"648","2171107648","Secretary of State - REP","James Wiley",103,75,28,0
"648","2171107648","State Treasurer - REP","Kevin Grantham",103,74,29,0
"648","2171107648","Attorney General - REP","Michael J. Allen",103,43,12,0
"648","2171107648","Attorney General - REP","David Willson",103,48,12,0
"648","2171107648","Regent of the University of Colorado - Congressional District 2 - REP","Marty Neilson",103,72,31,0
"648","2171107648","State Senator - District 17 - REP","Pat Miller",103,72,31,0
"648","2171107648","State Representative - District 11 - REP","There are no candidates for this office",103,0,103,0
"648","2171107648","Boulder County Commissioner - District 3 - REP","There are no candidates for this office",103,0,103,0
"648","2171107648","Boulder County Clerk and Recorder - REP","There are no candidates for this office",103,0,103,0
"648","2171107648","Boulder County Treasurer - REP","There are no candidates for this office",103,0,103,0
"648","2171107648","Boulder County Assessor - REP","There are no candidates for this office",103,0,103,0
"648","2171107648","Boulder County Sheriff - REP","There are no candidates for this office",103,0,103,0
"648","2171107648","Boulder County Surveyor - REP","There are no candidates for this office",103,0,103,0
"648","2171107648","Boulder County Coroner - REP","There are no candidates for this office",103,0,103,0
"648","2171107648","Governor - UNI","Paul Noël Fiorino",0,0,0,0
"648","2171107648","Governor - UNI","Jeff Peckman",0,0,0,0
"649","2171107649","United States Senator - DEM","Julie Gonzales",457,272,0,0
"649","2171107649","United States Senator - DEM","John Hickenlooper",457,185,0,0
"649","2171107649","Representative to the 120th United States Congress - District 2 - DEM","Joe Neguse",457,396,61,0
"649","2171107649","Governor - DEM","Phil Weiser",457,277,9,0
"649","2171107649","Governor - DEM","Michael Bennet",457,171,9,0
"649","2171107649","Secretary of State - DEM","Amanda Gonzalez",457,282,45,0
"649","2171107649","Secretary of State - DEM","Jessie Danielson",457,130,45,0
"649","2171107649","State Treasurer - DEM","Jeff Bridges",457,365,92,0
"649","2171107649","Attorney General - DEM","Jena Griswold",457,174,13,0
"649","2171107649","Attorney General - DEM","David Seligman",457,102,13,0
"649","2171107649","Attorney General - DEM","Michael Dougherty",457,110,13,0
"649","2171107649","Attorney General - DEM","Hetal Doshi",457,58,13,0
"649","2171107649","Regent of the University of Colorado - Congressional District 2 - DEM","Kubs Lalchandani",457,96,69,1
"649","2171107649","Regent of the University of Colorado - Congressional District 2 - DEM","Edie Hooton",457,144,69,1
"649","2171107649","Regent of the University of Colorado - Congressional District 2 - DEM","Murray Smith",457,147,69,1
"649","2171107649","State Senator - District 17 - DEM","Katie Wallace",457,364,93,0
"649","2171107649","State Representative - District 11 - DEM","Karen McCormick",457,366,91,0
"649","2171107649","Boulder County Commissioner - District 3 - DEM","Ashley Stolzmann",457,360,97,0
"649","2171107649","Boulder County Clerk and Recorder - DEM","Molly Fitzpatrick",457,361,96,0
"649","2171107649","Boulder County Treasurer - DEM","Jenn Kaaoush",457,166,66,2
"649","2171107649","Boulder County Treasurer - DEM","Rachel Friend",457,223,66,2
"649","2171107649","Boulder County Assessor - DEM","Cynthia Braddock",457,343,114,0
"649","2171107649","Boulder County Sheriff - DEM","Curtis Johnson",457,344,113,0
"649","2171107649","Boulder County Surveyor - DEM","Kayce D. W. Keane",457,341,116,0
"649","2171107649","Boulder County Coroner - DEM","Jeff Martin",457,343,114,0
"649","2171107649","United States Senator - REP","Mark Baisley",174,147,27,0
"649","2171107649","Representative to the 120th United States Congress - District 2 - REP","Kelley Anne Dennison",174,94,23,1
"649","2171107649","Representative to the 120th United States Congress - District 2 - REP","Christina Blunt (Ducommun)",174,56,23,1
"649","2171107649","Governor - REP","Scott Bottoms",174,50,3,1
"649","2171107649","Governor - REP","Victor Marx",174,60,3,1
"649","2171107649","Governor - REP","Barb Kirkmeyer",174,60,3,1
"649","2171107649","Governor - REP","Kelvin ""K-Man"" Wimberly (Write-in Candidate)",174,0,3,1
"649","2171107649","Secretary of State - REP","James Wiley",174,150,24,0
"649","2171107649","State Treasurer - REP","Kevin Grantham",174,150,24,0
"649","2171107649","Attorney General - REP","Michael J. Allen",174,84,16,0
"649","2171107649","Attorney General - REP","David Willson",174,74,16,0
"649","2171107649","Regent of the University of Colorado - Congressional District 2 - REP","Marty Neilson",174,148,26,0
"649","2171107649","State Senator - District 17 - REP","Pat Miller",174,146,28,0
"649","2171107649","State Representative - District 11 - REP","There are no candidates for this office",174,0,174,0
"649","2171107649","Boulder County Commissioner - District 3 - REP","There are no candidates for this office",174,0,174,0
"649","2171107649","Boulder County Clerk and Recorder - REP","There are no candidates for this office",174,0,174,0
"649","2171107649","Boulder County Treasurer - REP","There are no candidates for this office",174,0,174,0
"649","2171107649","Boulder County Assessor - REP","There are no candidates for this office",174,0,174,0
"649","2171107649","Boulder County Sheriff - REP","There are no candidates for this office",174,0,174,0
"649","2171107649","Boulder County Surveyor - REP","There are no candidates for this office",174,0,174,0
"649","2171107649","Boulder County Coroner - REP","There are no candidates for this office",174,0,174,0
"649","2171107649","Governor - UNI","Paul Noël Fiorino",0,0,0,0
"649","2171107649","Governor - UNI","Jeff Peckman",0,0,0,0
"650","2171107650","United States Senator - DEM","Julie Gonzales",296,155,2,0
"650","2171107650","United States Senator - DEM","John Hickenlooper",296,139,2,0
"650","2171107650","Representative to the 120th United States Congress - District 2 - DEM","Joe Neguse",296,256,40,0
"650","2171107650","Governor - DEM","Phil Weiser",296,162,7,1
"650","2171107650","Governor - DEM","Michael Bennet",296,126,7,1
"650","2171107650","Secretary of State - DEM","Amanda Gonzalez",296,181,26,0
"650","2171107650","Secretary of State - DEM","Jessie Danielson",296,89,26,0
"650","2171107650","State Treasurer - DEM","Jeff Bridges",296,244,52,0
"650","2171107650","Attorney General - DEM","Jena Griswold",296,106,8,0
"650","2171107650","Attorney General - DEM","David Seligman",296,57,8,0
"650","2171107650","Attorney General - DEM","Michael Dougherty",296,76,8,0
"650","2171107650","Attorney General - DEM","Hetal Doshi",296,49,8,0
"650","2171107650","Regent of the University of Colorado - Congressional District 2 - DEM","Kubs Lalchandani",296,56,46,0
"650","2171107650","Regent of the University of Colorado - Congressional District 2 - DEM","Edie Hooton",296,90,46,0
"650","2171107650","Regent of the University of Colorado - Congressional District 2 - DEM","Murray Smith",296,104,46,0
"650","2171107650","State Senator - District 17 - DEM","Katie Wallace",296,236,60,0
"650","2171107650","State Representative - District 11 - DEM","Karen McCormick",296,236,60,0
"650","2171107650","Boulder County Commissioner - District 3 - DEM","Ashley Stolzmann",296,234,62,0
"650","2171107650","Boulder County Clerk and Recorder - DEM","Molly Fitzpatrick",296,239,57,0
"650","2171107650","Boulder County Treasurer - DEM","Jenn Kaaoush",296,126,40,1
"650","2171107650","Boulder County Treasurer - DEM","Rachel Friend",296,129,40,1
"650","2171107650","Boulder County Assessor - DEM","Cynthia Braddock",296,230,66,0
"650","2171107650","Boulder County Sheriff - DEM","Curtis Johnson",296,231,65,0
"650","2171107650","Boulder County Surveyor - DEM","Kayce D. W. Keane",296,229,67,0
"650","2171107650","Boulder County Coroner - DEM","Jeff Martin",296,231,65,0
"650","2171107650","Secretary of State - LBR","Sean Vadney",0,0,0,0
"650","2171107650","Secretary of State - LBR","Alex Astley",0,0,0,0
"650","2171107650","United States Senator - REP","Mark Baisley",150,125,25,0
"650","2171107650","Representative to the 120th United States Congress - District 2 - REP","Kelley Anne Dennison",150,83,20,0
"650","2171107650","Representative to the 120th United States Congress - District 2 - REP","Christina Blunt (Ducommun)",150,47,20,0
"650","2171107650","Governor - REP","Scott Bottoms",150,28,1,0
"650","2171107650","Governor - REP","Victor Marx",150,65,1,0
"650","2171107650","Governor - REP","Barb Kirkmeyer",150,56,1,0
"650","2171107650","Governor - REP","Kelvin ""K-Man"" Wimberly (Write-in Candidate)",150,0,1,0
"650","2171107650","Secretary of State - REP","James Wiley",150,125,25,0
"650","2171107650","State Treasurer - REP","Kevin Grantham",150,124,26,0
"650","2171107650","Attorney General - REP","Michael J. Allen",150,68,18,0
"650","2171107650","Attorney General - REP","David Willson",150,64,18,0
"650","2171107650","Regent of the University of Colorado - Congressional District 2 - REP","Marty Neilson",150,120,30,0
"650","2171107650","State Senator - District 17 - REP","Pat Miller",150,119,31,0
"650","2171107650","State Representative - District 11 - REP","There are no candidates for this office",150,0,150,0
"650","2171107650","Boulder County Commissioner - District 3 - REP","There are no candidates for this office",150,0,150,0
"650","2171107650","Boulder County Clerk and Recorder - REP","There are no candidates for this office",150,0,150,0
"650","2171107650","Boulder County Treasurer - REP","There are no candidates for this office",150,0,150,0
"650","2171107650","Boulder County Assessor - REP","There are no candidates for this office",150,0,150,0
"650","2171107650","Boulder County Sheriff - REP","There are no candidates for this office",150,0,150,0
"650","2171107650","Boulder County Surveyor - REP","There are no candidates for this office",150,0,150,0
"650","2171107650","Boulder County Coroner - REP","There are no candidates for this office",150,0,150,0
"650","2171107650","Governor - UNI","Paul Noël Fiorino",0,0,0,0
"650","2171107650","Governor - UNI","Jeff Peckman",0,0,0,0
"651","2171107651","United States Senator - DEM","Julie Gonzales",692,347,7,0
"651","2171107651","United States Senator - DEM","John Hickenlooper",692,338,7,0
"651","2171107651","Representative to the 120th United States Congress - District 2 - DEM","Joe Neguse",692,610,82,0
"651","2171107651","Governor - DEM","Phil Weiser",692,369,12,0
"651","2171107651","Governor - DEM","Michael Bennet",692,311,12,0
"651","2171107651","Secretary of State - DEM","Amanda Gonzalez",692,422,63,0
"651","2171107651","Secretary of State - DEM","Jessie Danielson",692,207,63,0
"651","2171107651","State Treasurer - DEM","Jeff Bridges",692,573,119,0
"651","2171107651","Attorney General - DEM","Jena Griswold",692,250,17,1
"651","2171107651","Attorney General - DEM","David Seligman",692,131,17,1
"651","2171107651","Attorney General - DEM","Michael Dougherty",692,213,17,1
"651","2171107651","Attorney General - DEM","Hetal Doshi",692,80,17,1
"651","2171107651","Regent of the University of Colorado - Congressional District 2 - DEM","Kubs Lalchandani",692,160,105,0
"651","2171107651","Regent of the University of Colorado - Congressional District 2 - DEM","Edie Hooton",692,234,105,0
"651","2171107651","Regent of the University of Colorado - Congressional District 2 - DEM","Murray Smith",692,193,105,0
"651","2171107651","State Senator - District 17 - DEM","Katie Wallace",692,567,125,0
"651","2171107651","State Representative - District 11 - DEM","Karen McCormick",692,565,127,0
"651","2171107651","Boulder County Commissioner - District 3 - DEM","Ashley Stolzmann",692,555,137,0
"651","2171107651","Boulder County Clerk and Recorder - DEM","Molly Fitzpatrick",692,555,137,0
"651","2171107651","Boulder County Treasurer - DEM","Jenn Kaaoush",692,290,90,0
"651","2171107651","Boulder County Treasurer - DEM","Rachel Friend",692,312,90,0
"651","2171107651","Boulder County Assessor - DEM","Cynthia Braddock",692,541,151,0
"651","2171107651","Boulder County Sheriff - DEM","Curtis Johnson",692,544,148,0
"651","2171107651","Boulder County Surveyor - DEM","Kayce D. W. Keane",692,545,147,0
"651","2171107651","Boulder County Coroner - DEM","Jeff Martin",692,546,146,0
"651","2171107651","United States Senator - REP","Mark Baisley",233,193,40,0
"651","2171107651","Representative to the 120th United States Congress - District 2 - REP","Kelley Anne Dennison",233,126,33,1
"651","2171107651","Representative to the 120th United States Congress - District 2 - REP","Christina Blunt (Ducommun)",233,73,33,1
"651","2171107651","Governor - REP","Scott Bottoms",233,38,3,0
"651","2171107651","Governor - REP","Victor Marx",233,62,3,0
"651","2171107651","Governor - REP","Barb Kirkmeyer",233,130,3,0
"651","2171107651","Governor - REP","Kelvin ""K-Man"" Wimberly (Write-in Candidate)",233,0,3,0
"651","2171107651","Secretary of State - REP","James Wiley",233,195,38,0
"651","2171107651","State Treasurer - REP","Kevin Grantham",233,196,37,0
"651","2171107651","Attorney General - REP","Michael J. Allen",233,122,34,0
"651","2171107651","Attorney General - REP","David Willson",233,77,34,0
"651","2171107651","Regent of the University of Colorado - Congressional District 2 - REP","Marty Neilson",233,188,45,0
"651","2171107651","State Senator - District 17 - REP","Pat Miller",233,191,42,0
"651","2171107651","State Representative - District 11 - REP","There are no candidates for this office",233,0,233,0
"651","2171107651","Boulder County Commissioner - District 3 - REP","There are no candidates for this office",233,0,233,0
"651","2171107651","Boulder County Clerk and Recorder - REP","There are no candidates for this office",233,0,233,0
"651","2171107651","Boulder County Treasurer - REP","There are no candidates for this office",233,0,233,0
"651","2171107651","Boulder County Assessor - REP","There are no candidates for this office",233,0,233,0
"651","2171107651","Boulder County Sheriff - REP","There are no candidates for this office",233,0,233,0
"651","2171107651","Boulder County Surveyor - REP","There are no candidates for this office",233,0,233,0
"651","2171107651","Boulder County Coroner - REP","There are no candidates for this office",233,0,233,0
"700","2151207700","United States Senator - DEM","Julie Gonzales",518,173,5,0
"700","2151207700","United States Senator - DEM","John Hickenlooper",518,340,5,0
"700","2151207700","Representative to the 120th United States Congress - District 2 - DEM","Joe Neguse",518,465,53,0
"700","2151207700","Governor - DEM","Phil Weiser",518,279,11,1
"700","2151207700","Governor - DEM","Michael Bennet",518,227,11,1
"700","2151207700","Secretary of State - DEM","Amanda Gonzalez",518,282,76,0
"700","2151207700","Secretary of State - DEM","Jessie Danielson",518,160,76,0
"700","2151207700","State Treasurer - DEM","Jeff Bridges",518,385,133,0
"700","2151207700","Attorney General - DEM","Jena Griswold",518,181,25,0
"700","2151207700","Attorney General - DEM","David Seligman",518,62,25,0
"700","2151207700","Attorney General - DEM","Michael Dougherty",518,216,25,0
"700","2151207700","Attorney General - DEM","Hetal Doshi",518,34,25,0
"700","2151207700","Regent of the University of Colorado - Congressional District 2 - DEM","Kubs Lalchandani",518,105,110,0
"700","2151207700","Regent of the University of Colorado - Congressional District 2 - DEM","Edie Hooton",518,213,110,0
"700","2151207700","Regent of the University of Colorado - Congressional District 2 - DEM","Murray Smith",518,90,110,0
"700","2151207700","State Senator - District 15 - DEM","Janice Marchman",518,381,137,0
"700","2151207700","State Representative - District 12 - DEM","Kyle Brown",518,378,140,0
"700","2151207700","Boulder County Commissioner - District 3 - DEM","Ashley Stolzmann",518,362,156,0
"700","2151207700","Boulder County Clerk and Recorder - DEM","Molly Fitzpatrick",518,372,146,0
"700","2151207700","Boulder County Treasurer - DEM","Jenn Kaaoush",518,137,119,1
"700","2151207700","Boulder County Treasurer - DEM","Rachel Friend",518,261,119,1
"700","2151207700","Boulder County Assessor - DEM","Cynthia Braddock",518,354,164,0
"700","2151207700","Boulder County Sheriff - DEM","Curtis Johnson",518,359,159,0
"700","2151207700","Boulder County Surveyor - DEM","Kayce D. W. Keane",518,352,166,0
"700","2151207700","Boulder County Coroner - DEM","Jeff Martin",518,351,167,0
"700","2151207700","Secretary of State - LBR","Sean Vadney",0,0,0,0
"700","2151207700","Secretary of State - LBR","Alex Astley",0,0,0,0
"700","2151207700","United States Senator - REP","Mark Baisley",125,98,27,0
"700","2151207700","Representative to the 120th United States Congress - District 2 - REP","Kelley Anne Dennison",125,55,24,0
"700","2151207700","Representative to the 120th United States Congress - District 2 - REP","Christina Blunt (Ducommun)",125,46,24,0
"700","2151207700","Governor - REP","Scott Bottoms",125,26,1,0
"700","2151207700","Governor - REP","Victor Marx",125,37,1,0
"700","2151207700","Governor - REP","Barb Kirkmeyer",125,61,1,0
"700","2151207700","Governor - REP","Kelvin ""K-Man"" Wimberly (Write-in Candidate)",125,0,1,0
"700","2151207700","Secretary of State - REP","James Wiley",125,97,28,0
"700","2151207700","State Treasurer - REP","Kevin Grantham",125,97,28,0
"700","2151207700","Attorney General - REP","Michael J. Allen",125,65,18,0
"700","2151207700","Attorney General - REP","David Willson",125,42,18,0
"700","2151207700","Regent of the University of Colorado - Congressional District 2 - REP","Marty Neilson",125,95,30,0
"700","2151207700","State Senator - District 15 - REP","Rob Woodward",125,97,28,0
"700","2151207700","State Representative - District 12 - REP","Ryan Rhatigan",125,94,31,0
"700","2151207700","Boulder County Commissioner - District 3 - REP","There are no candidates for this office",125,0,125,0
"700","2151207700","Boulder County Clerk and Recorder - REP","There are no candidates for this office",125,0,125,0
"700","2151207700","Boulder County Treasurer - REP","There are no candidates for this office",125,0,125,0
"700","2151207700","Boulder County Assessor - REP","There are no candidates for this office",125,0,125,0
"700","2151207700","Boulder County Sheriff - REP","There are no candidates for this office",125,0,125,0
"700","2151207700","Boulder County Surveyor - REP","There are no candidates for this office",125,0,125,0
"700","2151207700","Boulder County Coroner - REP","There are no candidates for this office",125,0,125,0
"700","2151207700","Governor - UNI","Paul Noël Fiorino",0,0,0,0
"700","2151207700","Governor - UNI","Jeff Peckman",0,0,0,0
"701","2154907701","United States Senator - DEM","Julie Gonzales",470,205,11,0
"701","2154907701","United States Senator - DEM","John Hickenlooper",470,254,11,0
"701","2154907701","Representative to the 120th United States Congress - District 2 - DEM","Joe Neguse",470,404,66,0
"701","2154907701","Governor - DEM","Phil Weiser",470,288,2,0
"701","2154907701","Governor - DEM","Michael Bennet",470,180,2,0
"701","2154907701","Secretary of State - DEM","Amanda Gonzalez",470,225,71,0
"701","2154907701","Secretary of State - DEM","Jessie Danielson",470,174,71,0
"701","2154907701","State Treasurer - DEM","Jeff Bridges",470,350,120,0
"701","2154907701","Attorney General - DEM","Jena Griswold",470,181,20,0
"701","2154907701","Attorney General - DEM","David Seligman",470,63,20,0
"701","2154907701","Attorney General - DEM","Michael Dougherty",470,156,20,0
"701","2154907701","Attorney General - DEM","Hetal Doshi",470,50,20,0
"701","2154907701","Regent of the University of Colorado - Congressional District 2 - DEM","Kubs Lalchandani",470,112,94,0
"701","2154907701","Regent of the University of Colorado - Congressional District 2 - DEM","Edie Hooton",470,187,94,0
"701","2154907701","Regent of the University of Colorado - Congressional District 2 - DEM","Murray Smith",470,77,94,0
"701","2154907701","State Senator - District 15 - DEM","Janice Marchman",470,337,133,0
"701","2154907701","State Representative - District 49 - DEM","Lesley Smith",470,337,133,0
"701","2154907701","Boulder County Commissioner - District 3 - DEM","Ashley Stolzmann",470,327,143,0
"701","2154907701","Boulder County Clerk and Recorder - DEM","Molly Fitzpatrick",470,333,137,0
"701","2154907701","Boulder County Treasurer - DEM","Jenn Kaaoush",470,133,102,1
"701","2154907701","Boulder County Treasurer - DEM","Rachel Friend",470,234,102,1
"701","2154907701","Boulder County Assessor - DEM","Cynthia Braddock",470,316,154,0
"701","2154907701","Boulder County Sheriff - DEM","Curtis Johnson",470,317,153,0
"701","2154907701","Boulder County Surveyor - DEM","Kayce D. W. Keane",470,316,154,0
"701","2154907701","Boulder County Coroner - DEM","Jeff Martin",470,316,154,0
"701","2154907701","Secretary of State - LBR","Sean Vadney",0,0,0,0
"701","2154907701","Secretary of State - LBR","Alex Astley",0,0,0,0
"701","2154907701","United States Senator - REP","Mark Baisley",139,114,25,0
"701","2154907701","Representative to the 120th United States Congress - District 2 - REP","Kelley Anne Dennison",139,78,17,0
"701","2154907701","Representative to the 120th United States Congress - District 2 - REP","Christina Blunt (Ducommun)",139,44,17,0
"701","2154907701","Governor - REP","Scott Bottoms",139,23,0,0
"701","2154907701","Governor - REP","Victor Marx",139,39,0,0
"701","2154907701","Governor - REP","Barb Kirkmeyer",139,77,0,0
"701","2154907701","Governor - REP","Kelvin ""K-Man"" Wimberly (Write-in Candidate)",139,0,0,0
"701","2154907701","Secretary of State - REP","James Wiley",139,105,34,0
"701","2154907701","State Treasurer - REP","Kevin Grantham",139,106,33,0
"701","2154907701","Attorney General - REP","Michael J. Allen",139,80,13,0
"701","2154907701","Attorney General - REP","David Willson",139,46,13,0
"701","2154907701","Regent of the University of Colorado - Congressional District 2 - REP","Marty Neilson",139,110,29,0
"701","2154907701","State Senator - District 15 - REP","Rob Woodward",139,108,31,0
"701","2154907701","State Representative - District 49 - REP","Michael Sheperek",139,104,35,0
"701","2154907701","Boulder County Commissioner - District 3 - REP","There are no candidates for this office",139,0,139,0
"701","2154907701","Boulder County Clerk and Recorder - REP","There are no candidates for this office",139,0,139,0
"701","2154907701","Boulder County Treasurer - REP","There are no candidates for this office",139,0,139,0
"701","2154907701","Boulder County Assessor - REP","There are no candidates for this office",139,0,139,0
"701","2154907701","Boulder County Sheriff - REP","There are no candidates for this office",139,0,139,0
"701","2154907701","Boulder County Surveyor - REP","There are no candidates for this office",139,0,139,0
"701","2154907701","Boulder County Coroner - REP","There are no candidates for this office",139,0,139,0
"701","2154907701","Governor - UNI","Paul Noël Fiorino",0,0,0,0
"701","2154907701","Governor - UNI","Jeff Peckman",0,0,0,0
"702","2154907702","United States Senator - DEM","Julie Gonzales",194,79,3,0
"702","2154907702","United States Senator - DEM","John Hickenlooper",194,112,3,0
"702","2154907702","Representative to the 120th United States Congress - District 2 - DEM","Joe Neguse",194,166,28,0
"702","2154907702","Governor - DEM","Phil Weiser",194,105,7,0
"702","2154907702","Governor - DEM","Michael Bennet",194,82,7,0
"702","2154907702","Secretary of State - DEM","Amanda Gonzalez",194,102,29,0
"702","2154907702","Secretary of State - DEM","Jessie Danielson",194,63,29,0
"702","2154907702","State Treasurer - DEM","Jeff Bridges",194,135,59,0
"702","2154907702","Attorney General - DEM","Jena Griswold",194,67,9,0
"702","2154907702","Attorney General - DEM","David Seligman",194,29,9,0
"702","2154907702","Attorney General - DEM","Michael Dougherty",194,61,9,0
"702","2154907702","Attorney General - DEM","Hetal Doshi",194,28,9,0
"702","2154907702","Regent of the University of Colorado - Congressional District 2 - DEM","Kubs Lalchandani",194,52,47,0
"702","2154907702","Regent of the University of Colorado - Congressional District 2 - DEM","Edie Hooton",194,65,47,0
"702","2154907702","Regent of the University of Colorado - Congressional District 2 - DEM","Murray Smith",194,30,47,0
"702","2154907702","State Senator - District 15 - DEM","Janice Marchman",194,129,65,0
"702","2154907702","State Representative - District 49 - DEM","Lesley Smith",194,130,64,0
"702","2154907702","Boulder County Commissioner - District 3 - DEM","Ashley Stolzmann",194,129,65,0
"702","2154907702","Boulder County Clerk and Recorder - DEM","Molly Fitzpatrick",194,134,60,0
"702","2154907702","Boulder County Treasurer - DEM","Jenn Kaaoush",194,80,32,0
"702","2154907702","Boulder County Treasurer - DEM","Rachel Friend",194,82,32,0
"702","2154907702","Boulder County Assessor - DEM","Cynthia Braddock",194,127,67,0
"702","2154907702","Boulder County Sheriff - DEM","Curtis Johnson",194,130,64,0
"702","2154907702","Boulder County Surveyor - DEM","Kayce D. W. Keane",194,127,67,0
"702","2154907702","Boulder County Coroner - DEM","Jeff Martin",194,128,66,0
"702","2154907702","Secretary of State - LBR","Sean Vadney",0,0,0,0
"702","2154907702","Secretary of State - LBR","Alex Astley",0,0,0,0
"702","2154907702","United States Senator - REP","Mark Baisley",87,69,18,0
"702","2154907702","Representative to the 120th United States Congress - District 2 - REP","Kelley Anne Dennison",87,37,9,0
"702","2154907702","Representative to the 120th United States Congress - District 2 - REP","Christina Blunt (Ducommun)",87,41,9,0
"702","2154907702","Governor - REP","Scott Bottoms",87,17,2,0
"702","2154907702","Governor - REP","Victor Marx",87,26,2,0
"702","2154907702","Governor - REP","Barb Kirkmeyer",87,42,2,0
"702","2154907702","Governor - REP","Kelvin ""K-Man"" Wimberly (Write-in Candidate)",87,0,2,0
"702","2154907702","Secretary of State - REP","James Wiley",87,70,17,0
"702","2154907702","State Treasurer - REP","Kevin Grantham",87,70,17,0
"702","2154907702","Attorney General - REP","Michael J. Allen",87,41,11,0
"702","2154907702","Attorney General - REP","David Willson",87,35,11,0
"702","2154907702","Regent of the University of Colorado - Congressional District 2 - REP","Marty Neilson",87,68,19,0
"702","2154907702","State Senator - District 15 - REP","Rob Woodward",87,67,20,0
"702","2154907702","State Representative - District 49 - REP","Michael Sheperek",87,67,20,0
"702","2154907702","Boulder County Commissioner - District 3 - REP","There are no candidates for this office",87,0,87,0
"702","2154907702","Boulder County Clerk and Recorder - REP","There are no candidates for this office",87,0,87,0
"702","2154907702","Boulder County Treasurer - REP","There are no candidates for this office",87,0,87,0
"702","2154907702","Boulder County Assessor - REP","There are no candidates for this office",87,0,87,0
"702","2154907702","Boulder County Sheriff - REP","There are no candidates for this office",87,0,87,0
"702","2154907702","Boulder County Surveyor - REP","There are no candidates for this office",87,0,87,0
"702","2154907702","Boulder County Coroner - REP","There are no candidates for this office",87,0,87,0
"702","2154907702","Governor - UNI","Paul Noël Fiorino",0,0,0,0
"702","2154907702","Governor - UNI","Jeff Peckman",0,0,0,0
"703","2151107703","United States Senator - DEM","Julie Gonzales",62,37,0,0
"703","2151107703","United States Senator - DEM","John Hickenlooper",62,25,0,0
"703","2151107703","Representative to the 120th United States Congress - District 2 - DEM","Joe Neguse",62,56,6,0
"703","2151107703","Governor - DEM","Phil Weiser",62,44,0,0
"703","2151107703","Governor - DEM","Michael Bennet",62,18,0,0
"703","2151107703","Secretary of State - DEM","Amanda Gonzalez",62,39,1,0
"703","2151107703","Secretary of State - DEM","Jessie Danielson",62,22,1,0
"703","2151107703","State Treasurer - DEM","Jeff Bridges",62,51,11,0
"703","2151107703","Attorney General - DEM","Jena Griswold",62,20,2,0
"703","2151107703","Attorney General - DEM","David Seligman",62,12,2,0
"703","2151107703","Attorney General - DEM","Michael Dougherty",62,26,2,0
"703","2151107703","Attorney General - DEM","Hetal Doshi",62,2,2,0
"703","2151107703","Regent of the University of Colorado - Congressional District 2 - DEM","Kubs Lalchandani",62,17,9,0
"703","2151107703","Regent of the University of Colorado - Congressional District 2 - DEM","Edie Hooton",62,24,9,0
"703","2151107703","Regent of the University of Colorado - Congressional District 2 - DEM","Murray Smith",62,12,9,0
"703","2151107703","State Senator - District 15 - DEM","Janice Marchman",62,47,15,0
"703","2151107703","State Representative - District 11 - DEM","Karen McCormick",62,49,13,0
"703","2151107703","Boulder County Commissioner - District 3 - DEM","Ashley Stolzmann",62,44,18,0
"703","2151107703","Boulder County Clerk and Recorder - DEM","Molly Fitzpatrick",62,50,12,0
"703","2151107703","Boulder County Treasurer - DEM","Jenn Kaaoush",62,24,5,0
"703","2151107703","Boulder County Treasurer - DEM","Rachel Friend",62,33,5,0
"703","2151107703","Boulder County Assessor - DEM","Cynthia Braddock",62,48,14,0
"703","2151107703","Boulder County Sheriff - DEM","Curtis Johnson",62,48,14,0
"703","2151107703","Boulder County Surveyor - DEM","Kayce D. W. Keane",62,48,14,0
"703","2151107703","Boulder County Coroner - DEM","Jeff Martin",62,48,14,0
"703","2151107703","Secretary of State - LBR","Sean Vadney",0,0,0,0
"703","2151107703","Secretary of State - LBR","Alex Astley",0,0,0,0
"703","2151107703","United States Senator - REP","Mark Baisley",29,23,6,0
"703","2151107703","Representative to the 120th United States Congress - District 2 - REP","Kelley Anne Dennison",29,15,6,0
"703","2151107703","Representative to the 120th United States Congress - District 2 - REP","Christina Blunt (Ducommun)",29,8,6,0
"703","2151107703","Governor - REP","Scott Bottoms",29,4,0,0
"703","2151107703","Governor - REP","Victor Marx",29,18,0,0
"703","2151107703","Governor - REP","Barb Kirkmeyer",29,7,0,0
"703","2151107703","Governor - REP","Kelvin ""K-Man"" Wimberly (Write-in Candidate)",29,0,0,0
"703","2151107703","Secretary of State - REP","James Wiley",29,22,7,0
"703","2151107703","State Treasurer - REP","Kevin Grantham",29,23,6,0
"703","2151107703","Attorney General - REP","Michael J. Allen",29,16,3,0
"703","2151107703","Attorney General - REP","David Willson",29,10,3,0
"703","2151107703","Regent of the University of Colorado - Congressional District 2 - REP","Marty Neilson",29,22,7,0
"703","2151107703","State Senator - District 15 - REP","Rob Woodward",29,22,7,0
"703","2151107703","State Representative - District 11 - REP","There are no candidates for this office",29,0,29,0
"703","2151107703","Boulder County Commissioner - District 3 - REP","There are no candidates for this office",29,0,29,0
"703","2151107703","Boulder County Clerk and Recorder - REP","There are no candidates for this office",29,0,29,0
"703","2151107703","Boulder County Treasurer - REP","There are no candidates for this office",29,0,29,0
"703","2151107703","Boulder County Assessor - REP","There are no candidates for this office",29,0,29,0
"703","2151107703","Boulder County Sheriff - REP","There are no candidates for this office",29,0,29,0
"703","2151107703","Boulder County Surveyor - REP","There are no candidates for this office",29,0,29,0
"703","2151107703","Boulder County Coroner - REP","There are no candidates for this office",29,0,29,0
"703","2151107703","Governor - UNI","Paul Noël Fiorino",0,0,0,0
"703","2151107703","Governor - UNI","Jeff Peckman",0,0,0,0
"704","2154907704","United States Senator - DEM","Julie Gonzales",164,60,3,0
"704","2154907704","United States Senator - DEM","John Hickenlooper",164,101,3,0
"704","2154907704","Representative to the 120th United States Congress - District 2 - DEM","Joe Neguse",164,142,22,0
"704","2154907704","Governor - DEM","Phil Weiser",164,95,4,0
"704","2154907704","Governor - DEM","Michael Bennet",164,65,4,0
"704","2154907704","Secretary of State - DEM","Amanda Gonzalez",164,81,22,0
"704","2154907704","Secretary of State - DEM","Jessie Danielson",164,61,22,0
"704","2154907704","State Treasurer - DEM","Jeff Bridges",164,131,33,0
"704","2154907704","Attorney General - DEM","Jena Griswold",164,52,6,0
"704","2154907704","Attorney General - DEM","David Seligman",164,23,6,0
"704","2154907704","Attorney General - DEM","Michael Dougherty",164,54,6,0
"704","2154907704","Attorney General - DEM","Hetal Doshi",164,29,6,0
"704","2154907704","Regent of the University of Colorado - Congressional District 2 - DEM","Kubs Lalchandani",164,23,38,1
"704","2154907704","Regent of the University of Colorado - Congressional District 2 - DEM","Edie Hooton",164,63,38,1
"704","2154907704","Regent of the University of Colorado - Congressional District 2 - DEM","Murray Smith",164,39,38,1
"704","2154907704","State Senator - District 15 - DEM","Janice Marchman",164,123,41,0
"704","2154907704","State Representative - District 49 - DEM","Lesley Smith",164,123,41,0
"704","2154907704","Boulder County Commissioner - District 3 - DEM","Ashley Stolzmann",164,121,43,0
"704","2154907704","Boulder County Clerk and Recorder - DEM","Molly Fitzpatrick",164,124,40,0
"704","2154907704","Boulder County Treasurer - DEM","Jenn Kaaoush",164,56,28,1
"704","2154907704","Boulder County Treasurer - DEM","Rachel Friend",164,79,28,1
"704","2154907704","Boulder County Assessor - DEM","Cynthia Braddock",164,120,44,0
"704","2154907704","Boulder County Sheriff - DEM","Curtis Johnson",164,122,42,0
"704","2154907704","Boulder County Surveyor - DEM","Kayce D. W. Keane",164,119,45,0
"704","2154907704","Boulder County Coroner - DEM","Jeff Martin",164,120,44,0
"704","2154907704","United States Senator - REP","Mark Baisley",109,88,21,0
"704","2154907704","Representative to the 120th United States Congress - District 2 - REP","Kelley Anne Dennison",109,69,13,0
"704","2154907704","Representative to the 120th United States Congress - District 2 - REP","Christina Blunt (Ducommun)",109,27,13,0
"704","2154907704","Governor - REP","Scott Bottoms",109,17,0,0
"704","2154907704","Governor - REP","Victor Marx",109,32,0,0
"704","2154907704","Governor - REP","Barb Kirkmeyer",109,60,0,0
"704","2154907704","Governor - REP","Kelvin ""K-Man"" Wimberly (Write-in Candidate)",109,0,0,0
"704","2154907704","Secretary of State - REP","James Wiley",109,89,20,0
"704","2154907704","State Treasurer - REP","Kevin Grantham",109,89,20,0
"704","2154907704","Attorney General - REP","Michael J. Allen",109,62,10,0
"704","2154907704","Attorney General - REP","David Willson",109,37,10,0
"704","2154907704","Regent of the University of Colorado - Congressional District 2 - REP","Marty Neilson",109,82,27,0
"704","2154907704","State Senator - District 15 - REP","Rob Woodward",109,86,23,0
"704","2154907704","State Representative - District 49 - REP","Michael Sheperek",109,83,26,0
"704","2154907704","Boulder County Commissioner - District 3 - REP","There are no candidates for this office",109,0,109,0
"704","2154907704","Boulder County Clerk and Recorder - REP","There are no candidates for this office",109,0,109,0
"704","2154907704","Boulder County Treasurer - REP","There are no candidates for this office",109,0,109,0
"704","2154907704","Boulder County Assessor - REP","There are no candidates for this office",109,0,109,0
"704","2154907704","Boulder County Sheriff - REP","There are no candidates for this office",109,0,109,0
"704","2154907704","Boulder County Surveyor - REP","There are no candidates for this office",109,0,109,0
"704","2154907704","Boulder County Coroner - REP","There are no candidates for this office",109,0,109,0
"704","2154907704","Governor - UNI","Paul Noël Fiorino",0,0,0,0
"704","2154907704","Governor - UNI","Jeff Peckman",0,0,0,0
"705","2154907705","United States Senator - DEM","Julie Gonzales",146,59,0,0
"705","2154907705","United States Senator - DEM","John Hickenlooper",146,87,0,0
"705","2154907705","Representative to the 120th United States Congress - District 2 - DEM","Joe Neguse",146,129,17,0
"705","2154907705","Governor - DEM","Phil Weiser",146,74,1,0
"705","2154907705","Governor - DEM","Michael Bennet",146,71,1,0
"705","2154907705","Secretary of State - DEM","Amanda Gonzalez",146,67,14,0
"705","2154907705","Secretary of State - DEM","Jessie Danielson",146,65,14,0
"705","2154907705","State Treasurer - DEM","Jeff Bridges",146,116,30,0
"705","2154907705","Attorney General - DEM","Jena Griswold",146,45,2,0
"705","2154907705","Attorney General - DEM","David Seligman",146,22,2,0
"705","2154907705","Attorney General - DEM","Michael Dougherty",146,63,2,0
"705","2154907705","Attorney General - DEM","Hetal Doshi",146,14,2,0
"705","2154907705","Regent of the University of Colorado - Congressional District 2 - DEM","Kubs Lalchandani",146,31,28,0
"705","2154907705","Regent of the University of Colorado - Congressional District 2 - DEM","Edie Hooton",146,48,28,0
"705","2154907705","Regent of the University of Colorado - Congressional District 2 - DEM","Murray Smith",146,39,28,0
"705","2154907705","State Senator - District 15 - DEM","Janice Marchman",146,119,27,0
"705","2154907705","State Representative - District 49 - DEM","Lesley Smith",146,118,28,0
"705","2154907705","Boulder County Commissioner - District 3 - DEM","Ashley Stolzmann",146,116,30,0
"705","2154907705","Boulder County Clerk and Recorder - DEM","Molly Fitzpatrick",146,121,25,0
"705","2154907705","Boulder County Treasurer - DEM","Jenn Kaaoush",146,47,18,0
"705","2154907705","Boulder County Treasurer - DEM","Rachel Friend",146,81,18,0
"705","2154907705","Boulder County Assessor - DEM","Cynthia Braddock",146,117,29,0
"705","2154907705","Boulder County Sheriff - DEM","Curtis Johnson",146,118,28,0
"705","2154907705","Boulder County Surveyor - DEM","Kayce D. W. Keane",146,117,29,0
"705","2154907705","Boulder County Coroner - DEM","Jeff Martin",146,114,32,0
"705","2154907705","United States Senator - REP","Mark Baisley",126,102,24,0
"705","2154907705","Representative to the 120th United States Congress - District 2 - REP","Kelley Anne Dennison",126,71,10,0
"705","2154907705","Representative to the 120th United States Congress - District 2 - REP","Christina Blunt (Ducommun)",126,45,10,0
"705","2154907705","Governor - REP","Scott Bottoms",126,31,1,0
"705","2154907705","Governor - REP","Victor Marx",126,52,1,0
"705","2154907705","Governor - REP","Barb Kirkmeyer",126,42,1,0
"705","2154907705","Governor - REP","Kelvin ""K-Man"" Wimberly (Write-in Candidate)",126,0,1,0
"705","2154907705","Secretary of State - REP","James Wiley",126,103,23,0
"705","2154907705","State Treasurer - REP","Kevin Grantham",126,106,20,0
"705","2154907705","Attorney General - REP","Michael J. Allen",126,60,11,0
"705","2154907705","Attorney General - REP","David Willson",126,55,11,0
"705","2154907705","Regent of the University of Colorado - Congressional District 2 - REP","Marty Neilson",126,102,24,0
"705","2154907705","State Senator - District 15 - REP","Rob Woodward",126,105,21,0
"705","2154907705","State Representative - District 49 - REP","Michael Sheperek",126,104,22,0
"705","2154907705","Boulder County Commissioner - District 3 - REP","There are no candidates for this office",126,0,126,0
"705","2154907705","Boulder County Clerk and Recorder - REP","There are no candidates for this office",126,0,126,0
"705","2154907705","Boulder County Treasurer - REP","There are no candidates for this office",126,0,126,0
"705","2154907705","Boulder County Assessor - REP","There are no candidates for this office",126,0,126,0
"705","2154907705","Boulder County Sheriff - REP","There are no candidates for this office",126,0,126,0
"705","2154907705","Boulder County Surveyor - REP","There are no candidates for this office",126,0,126,0
"705","2154907705","Boulder County Coroner - REP","There are no candidates for this office",126,0,126,0
"705","2154907705","Governor - UNI","Paul Noël Fiorino",0,0,0,0
"705","2154907705","Governor - UNI","Jeff Peckman",0,0,0,0
"800","2181007800","United States Senator - DEM","Julie Gonzales",396,178,4,0
"800","2181007800","United States Senator - DEM","John Hickenlooper",396,214,4,0
"800","2181007800","Representative to the 120th United States Congress - District 2 - DEM","Joe Neguse",396,355,41,0
"800","2181007800","Governor - DEM","Phil Weiser",396,233,3,0
"800","2181007800","Governor - DEM","Michael Bennet",396,160,3,0
"800","2181007800","Secretary of State - DEM","Amanda Gonzalez",396,231,39,0
"800","2181007800","Secretary of State - DEM","Jessie Danielson",396,126,39,0
"800","2181007800","State Treasurer - DEM","Jeff Bridges",396,316,80,0
"800","2181007800","Attorney General - DEM","Jena Griswold",396,100,14,0
"800","2181007800","Attorney General - DEM","David Seligman",396,78,14,0
"800","2181007800","Attorney General - DEM","Michael Dougherty",396,149,14,0
"800","2181007800","Attorney General - DEM","Hetal Doshi",396,55,14,0
"800","2181007800","Regent of the University of Colorado - Congressional District 2 - DEM","Kubs Lalchandani",396,109,51,0
"800","2181007800","Regent of the University of Colorado - Congressional District 2 - DEM","Edie Hooton",396,154,51,0
"800","2181007800","Regent of the University of Colorado - Congressional District 2 - DEM","Murray Smith",396,82,51,0
"800","2181007800","State Representative - District 10 - DEM","Junie Joseph",396,313,83,0
"800","2181007800","Boulder County Commissioner - District 3 - DEM","Ashley Stolzmann",396,304,92,0
"800","2181007800","Boulder County Clerk and Recorder - DEM","Molly Fitzpatrick",396,321,75,0
"800","2181007800","Boulder County Treasurer - DEM","Jenn Kaaoush",396,140,53,1
"800","2181007800","Boulder County Treasurer - DEM","Rachel Friend",396,202,53,1
"800","2181007800","Boulder County Assessor - DEM","Cynthia Braddock",396,299,97,0
"800","2181007800","Boulder County Sheriff - DEM","Curtis Johnson",396,298,98,0
"800","2181007800","Boulder County Surveyor - DEM","Kayce D. W. Keane",396,300,96,0
"800","2181007800","Boulder County Coroner - DEM","Jeff Martin",396,300,96,0
"800","2181007800","United States Senator - REP","Mark Baisley",59,46,13,0
"800","2181007800","Representative to the 120th United States Congress - District 2 - REP","Kelley Anne Dennison",59,30,6,0
"800","2181007800","Representative to the 120th United States Congress - District 2 - REP","Christina Blunt (Ducommun)",59,23,6,0
"800","2181007800","Governor - REP","Scott Bottoms",59,13,0,0
"800","2181007800","Governor - REP","Victor Marx",59,15,0,0
"800","2181007800","Governor - REP","Barb Kirkmeyer",59,31,0,0
"800","2181007800","Governor - REP","Kelvin ""K-Man"" Wimberly (Write-in Candidate)",59,0,0,0
"800","2181007800","Secretary of State - REP","James Wiley",59,45,14,0
"800","2181007800","State Treasurer - REP","Kevin Grantham",59,48,11,0
"800","2181007800","Attorney General - REP","Michael J. Allen",59,33,7,0
"800","2181007800","Attorney General - REP","David Willson",59,19,7,0
"800","2181007800","Regent of the University of Colorado - Congressional District 2 - REP","Marty Neilson",59,44,15,0
"800","2181007800","State Representative - District 10 - REP","There are no candidates for this office",59,0,59,0
"800","2181007800","Boulder County Commissioner - District 3 - REP","There are no candidates for this office",59,0,59,0
"800","2181007800","Boulder County Clerk and Recorder - REP","There are no candidates for this office",59,0,59,0
"800","2181007800","Boulder County Treasurer - REP","There are no candidates for this office",59,0,59,0
"800","2181007800","Boulder County Assessor - REP","There are no candidates for this office",59,0,59,0
"800","2181007800","Boulder County Sheriff - REP","There are no candidates for this office",59,0,59,0
"800","2181007800","Boulder County Surveyor - REP","There are no candidates for this office",59,0,59,0
"800","2181007800","Boulder County Coroner - REP","There are no candidates for this office",59,0,59,0
"800","2181007800","Governor - UNI","Paul Noël Fiorino",0,0,0,0
"800","2181007800","Governor - UNI","Jeff Peckman",0,0,0,0
"801","2181007801","United States Senator - DEM","Julie Gonzales",169,99,2,0
"801","2181007801","United States Senator - DEM","John Hickenlooper",169,68,2,0
"801","2181007801","Representative to the 120th United States Congress - District 2 - DEM","Joe Neguse",169,142,27,0
"801","2181007801","Governor - DEM","Phil Weiser",169,105,7,0
"801","2181007801","Governor - DEM","Michael Bennet",169,57,7,0
"801","2181007801","Secretary of State - DEM","Amanda Gonzalez",169,90,28,0
"801","2181007801","Secretary of State - DEM","Jessie Danielson",169,51,28,0
"801","2181007801","State Treasurer - DEM","Jeff Bridges",169,131,38,0
"801","2181007801","Attorney General - DEM","Jena Griswold",169,46,10,0
"801","2181007801","Attorney General - DEM","David Seligman",169,41,10,0
"801","2181007801","Attorney General - DEM","Michael Dougherty",169,45,10,0
"801","2181007801","Attorney General - DEM","Hetal Doshi",169,27,10,0
"801","2181007801","Regent of the University of Colorado - Congressional District 2 - DEM","Kubs Lalchandani",169,46,26,0
"801","2181007801","Regent of the University of Colorado - Congressional District 2 - DEM","Edie Hooton",169,39,26,0
"801","2181007801","Regent of the University of Colorado - Congressional District 2 - DEM","Murray Smith",169,58,26,0
"801","2181007801","State Representative - District 10 - DEM","Junie Joseph",169,128,41,0
"801","2181007801","Boulder County Commissioner - District 3 - DEM","Ashley Stolzmann",169,126,43,0
"801","2181007801","Boulder County Clerk and Recorder - DEM","Molly Fitzpatrick",169,130,39,0
"801","2181007801","Boulder County Treasurer - DEM","Jenn Kaaoush",169,69,28,0
"801","2181007801","Boulder County Treasurer - DEM","Rachel Friend",169,72,28,0
"801","2181007801","Boulder County Assessor - DEM","Cynthia Braddock",169,118,51,0
"801","2181007801","Boulder County Sheriff - DEM","Curtis Johnson",169,117,52,0
"801","2181007801","Boulder County Surveyor - DEM","Kayce D. W. Keane",169,117,52,0
"801","2181007801","Boulder County Coroner - DEM","Jeff Martin",169,118,51,0
"801","2181007801","Secretary of State - LBR","Sean Vadney",0,0,0,0
"801","2181007801","Secretary of State - LBR","Alex Astley",0,0,0,0
"801","2181007801","Governor - UNI","Paul Noël Fiorino",0,0,0,0
"801","2181007801","Governor - UNI","Jeff Peckman",0,0,0,0
"802","2181007802","United States Senator - DEM","Julie Gonzales",494,205,7,1
"802","2181007802","United States Senator - DEM","John Hickenlooper",494,281,7,1
"802","2181007802","Representative to the 120th United States Congress - District 2 - DEM","Joe Neguse",494,425,69,0
"802","2181007802","Governor - DEM","Phil Weiser",494,306,6,0
"802","2181007802","Governor - DEM","Michael Bennet",494,182,6,0
"802","2181007802","Secretary of State - DEM","Amanda Gonzalez",494,258,75,0
"802","2181007802","Secretary of State - DEM","Jessie Danielson",494,161,75,0
"802","2181007802","State Treasurer - DEM","Jeff Bridges",494,377,117,0
"802","2181007802","Attorney General - DEM","Jena Griswold",494,128,16,0
"802","2181007802","Attorney General - DEM","David Seligman",494,73,16,0
"802","2181007802","Attorney General - DEM","Michael Dougherty",494,224,16,0
"802","2181007802","Attorney General - DEM","Hetal Doshi",494,53,16,0
"802","2181007802","Regent of the University of Colorado - Congressional District 2 - DEM","Kubs Lalchandani",494,109,66,0
"802","2181007802","Regent of the University of Colorado - Congressional District 2 - DEM","Edie Hooton",494,239,66,0
"802","2181007802","Regent of the University of Colorado - Congressional District 2 - DEM","Murray Smith",494,80,66,0
"802","2181007802","State Representative - District 10 - DEM","Junie Joseph",494,362,132,0
"802","2181007802","Boulder County Commissioner - District 3 - DEM","Ashley Stolzmann",494,358,136,0
"802","2181007802","Boulder County Clerk and Recorder - DEM","Molly Fitzpatrick",494,375,119,0
"802","2181007802","Boulder County Treasurer - DEM","Jenn Kaaoush",494,161,89,0
"802","2181007802","Boulder County Treasurer - DEM","Rachel Friend",494,244,89,0
"802","2181007802","Boulder County Assessor - DEM","Cynthia Braddock",494,339,155,0
"802","2181007802","Boulder County Sheriff - DEM","Curtis Johnson",494,348,146,0
"802","2181007802","Boulder County Surveyor - DEM","Kayce D. W. Keane",494,339,155,0
"802","2181007802","Boulder County Coroner - DEM","Jeff Martin",494,342,152,0
"802","2181007802","Secretary of State - LBR","Sean Vadney",0,0,0,0
"802","2181007802","Secretary of State - LBR","Alex Astley",0,0,0,0
"802","2181007802","United States Senator - REP","Mark Baisley",71,60,11,0
"802","2181007802","Representative to the 120th United States Congress - District 2 - REP","Kelley Anne Dennison",71,44,12,0
"802","2181007802","Representative to the 120th United States Congress - District 2 - REP","Christina Blunt (Ducommun)",71,15,12,0
"802","2181007802","Governor - REP","Scott Bottoms",71,13,0,0
"802","2181007802","Governor - REP","Victor Marx",71,13,0,0
"802","2181007802","Governor - REP","Barb Kirkmeyer",71,45,0,0
"802","2181007802","Governor - REP","Kelvin ""K-Man"" Wimberly (Write-in Candidate)",71,0,0,0
"802","2181007802","Secretary of State - REP","James Wiley",71,55,16,0
"802","2181007802","State Treasurer - REP","Kevin Grantham",71,56,15,0
"802","2181007802","Attorney General - REP","Michael J. Allen",71,42,13,0
"802","2181007802","Attorney General - REP","David Willson",71,16,13,0
"802","2181007802","Regent of the University of Colorado - Congressional District 2 - REP","Marty Neilson",71,56,15,0
"802","2181007802","State Representative - District 10 - REP","There are no candidates for this office",71,0,71,0
"802","2181007802","Boulder County Commissioner - District 3 - REP","There are no candidates for this office",71,0,71,0
"802","2181007802","Boulder County Clerk and Recorder - REP","There are no candidates for this office",71,0,71,0
"802","2181007802","Boulder County Treasurer - REP","There are no candidates for this office",71,0,71,0
"802","2181007802","Boulder County Assessor - REP","There are no candidates for this office",71,0,71,0
"802","2181007802","Boulder County Sheriff - REP","There are no candidates for this office",71,0,71,0
"802","2181007802","Boulder County Surveyor - REP","There are no candidates for this office",71,0,71,0
"802","2181007802","Boulder County Coroner - REP","There are no candidates for this office",71,0,71,0
"802","2181007802","Governor - UNI","Paul Noël Fiorino",0,0,0,0
"802","2181007802","Governor - UNI","Jeff Peckman",0,0,0,0
"803","2181007803","United States Senator - DEM","Julie Gonzales",685,390,11,0
"803","2181007803","United States Senator - DEM","John Hickenlooper",685,284,11,0
"803","2181007803","Representative to the 120th United States Congress - District 2 - DEM","Joe Neguse",685,584,101,0
"803","2181007803","Governor - DEM","Phil Weiser",685,412,16,0
"803","2181007803","Governor - DEM","Michael Bennet",685,257,16,0
"803","2181007803","Secretary of State - DEM","Amanda Gonzalez",685,441,73,0
"803","2181007803","Secretary of State - DEM","Jessie Danielson",685,171,73,0
"803","2181007803","State Treasurer - DEM","Jeff Bridges",685,505,180,0
"803","2181007803","Attorney General - DEM","Jena Griswold",685,167,24,0
"803","2181007803","Attorney General - DEM","David Seligman",685,165,24,0
"803","2181007803","Attorney General - DEM","Michael Dougherty",685,258,24,0
"803","2181007803","Attorney General - DEM","Hetal Doshi",685,71,24,0
"803","2181007803","Regent of the University of Colorado - Congressional District 2 - DEM","Kubs Lalchandani",685,237,71,1
"803","2181007803","Regent of the University of Colorado - Congressional District 2 - DEM","Edie Hooton",685,222,71,1
"803","2181007803","Regent of the University of Colorado - Congressional District 2 - DEM","Murray Smith",685,154,71,1
"803","2181007803","State Representative - District 10 - DEM","Junie Joseph",685,528,157,0
"803","2181007803","Boulder County Commissioner - District 3 - DEM","Ashley Stolzmann",685,491,194,0
"803","2181007803","Boulder County Clerk and Recorder - DEM","Molly Fitzpatrick",685,504,181,0
"803","2181007803","Boulder County Treasurer - DEM","Jenn Kaaoush",685,276,82,0
"803","2181007803","Boulder County Treasurer - DEM","Rachel Friend",685,327,82,0
"803","2181007803","Boulder County Assessor - DEM","Cynthia Braddock",685,471,214,0
"803","2181007803","Boulder County Sheriff - DEM","Curtis Johnson",685,470,215,0
"803","2181007803","Boulder County Surveyor - DEM","Kayce D. W. Keane",685,467,218,0
"803","2181007803","Boulder County Coroner - DEM","Jeff Martin",685,469,216,0
"803","2181007803","United States Senator - REP","Mark Baisley",39,30,9,0
"803","2181007803","Representative to the 120th United States Congress - District 2 - REP","Kelley Anne Dennison",39,25,3,0
"803","2181007803","Representative to the 120th United States Congress - District 2 - REP","Christina Blunt (Ducommun)",39,11,3,0
"803","2181007803","Governor - REP","Scott Bottoms",39,15,1,0
"803","2181007803","Governor - REP","Victor Marx",39,13,1,0
"803","2181007803","Governor - REP","Barb Kirkmeyer",39,10,1,0
"803","2181007803","Governor - REP","Kelvin ""K-Man"" Wimberly (Write-in Candidate)",39,0,1,0
"803","2181007803","Secretary of State - REP","James Wiley",39,31,8,0
"803","2181007803","State Treasurer - REP","Kevin Grantham",39,30,9,0
"803","2181007803","Attorney General - REP","Michael J. Allen",39,16,4,0
"803","2181007803","Attorney General - REP","David Willson",39,19,4,0
"803","2181007803","Regent of the University of Colorado - Congressional District 2 - REP","Marty Neilson",39,31,8,0
"803","2181007803","State Representative - District 10 - REP","There are no candidates for this office",39,0,39,0
"803","2181007803","Boulder County Commissioner - District 3 - REP","There are no candidates for this office",39,0,39,0
"803","2181007803","Boulder County Clerk and Recorder - REP","There are no candidates for this office",39,0,39,0
"803","2181007803","Boulder County Treasurer - REP","There are no candidates for this office",39,0,39,0
"803","2181007803","Boulder County Assessor - REP","There are no candidates for this office",39,0,39,0
"803","2181007803","Boulder County Sheriff - REP","There are no candidates for this office",39,0,39,0
"803","2181007803","Boulder County Surveyor - REP","There are no candidates for this office",39,0,39,0
"803","2181007803","Boulder County Coroner - REP","There are no candidates for this office",39,0,39,0
"803","2181007803","Governor - UNI","Paul Noël Fiorino",0,0,0,0
"803","2181007803","Governor - UNI","Jeff Peckman",0,0,0,0
"804","2184907804","United States Senator - DEM","Julie Gonzales",538,210,9,0
"804","2184907804","United States Senator - DEM","John Hickenlooper",538,319,9,0
"804","2184907804","Representative to the 120th United States Congress - District 2 - DEM","Joe Neguse",538,482,56,0
"804","2184907804","Governor - DEM","Phil Weiser",538,320,9,0
"804","2184907804","Governor - DEM","Michael Bennet",538,209,9,0
"804","2184907804","Secretary of State - DEM","Amanda Gonzalez",538,274,88,0
"804","2184907804","Secretary of State - DEM","Jessie Danielson",538,176,88,0
"804","2184907804","State Treasurer - DEM","Jeff Bridges",538,415,123,0
"804","2184907804","Attorney General - DEM","Jena Griswold",538,137,23,0
"804","2184907804","Attorney General - DEM","David Seligman",538,72,23,0
"804","2184907804","Attorney General - DEM","Michael Dougherty",538,239,23,0
"804","2184907804","Attorney General - DEM","Hetal Doshi",538,67,23,0
"804","2184907804","Regent of the University of Colorado - Congressional District 2 - DEM","Kubs Lalchandani",538,150,81,2
"804","2184907804","Regent of the University of Colorado - Congressional District 2 - DEM","Edie Hooton",538,209,81,2
"804","2184907804","Regent of the University of Colorado - Congressional District 2 - DEM","Murray Smith",538,96,81,2
"804","2184907804","State Representative - District 49 - DEM","Lesley Smith",538,400,138,0
"804","2184907804","Boulder County Commissioner - District 3 - DEM","Ashley Stolzmann",538,396,142,0
"804","2184907804","Boulder County Clerk and Recorder - DEM","Molly Fitzpatrick",538,410,128,0
"804","2184907804","Boulder County Treasurer - DEM","Jenn Kaaoush",538,161,91,0
"804","2184907804","Boulder County Treasurer - DEM","Rachel Friend",538,286,91,0
"804","2184907804","Boulder County Assessor - DEM","Cynthia Braddock",538,394,144,0
"804","2184907804","Boulder County Sheriff - DEM","Curtis Johnson",538,398,140,0
"804","2184907804","Boulder County Surveyor - DEM","Kayce D. W. Keane",538,391,147,0
"804","2184907804","Boulder County Coroner - DEM","Jeff Martin",538,394,144,0
"804","2184907804","Secretary of State - LBR","Sean Vadney",0,0,0,0
"804","2184907804","Secretary of State - LBR","Alex Astley",0,0,0,0
"804","2184907804","United States Senator - REP","Mark Baisley",33,29,4,0
"804","2184907804","Representative to the 120th United States Congress - District 2 - REP","Kelley Anne Dennison",33,21,2,0
"804","2184907804","Representative to the 120th United States Congress - District 2 - REP","Christina Blunt (Ducommun)",33,10,2,0
"804","2184907804","Governor - REP","Scott Bottoms",33,10,1,0
"804","2184907804","Governor - REP","Victor Marx",33,6,1,0
"804","2184907804","Governor - REP","Barb Kirkmeyer",33,16,1,0
"804","2184907804","Governor - REP","Kelvin ""K-Man"" Wimberly (Write-in Candidate)",33,0,1,0
"804","2184907804","Secretary of State - REP","James Wiley",33,28,5,0
"804","2184907804","State Treasurer - REP","Kevin Grantham",33,28,5,0
"804","2184907804","Attorney General - REP","Michael J. Allen",33,16,3,0
"804","2184907804","Attorney General - REP","David Willson",33,14,3,0
"804","2184907804","Regent of the University of Colorado - Congressional District 2 - REP","Marty Neilson",33,28,5,0
"804","2184907804","State Representative - District 49 - REP","Michael Sheperek",33,27,6,0
"804","2184907804","Boulder County Commissioner - District 3 - REP","There are no candidates for this office",33,0,33,0
"804","2184907804","Boulder County Clerk and Recorder - REP","There are no candidates for this office",33,0,33,0
"804","2184907804","Boulder County Treasurer - REP","There are no candidates for this office",33,0,33,0
"804","2184907804","Boulder County Assessor - REP","There are no candidates for this office",33,0,33,0
"804","2184907804","Boulder County Sheriff - REP","There are no candidates for this office",33,0,33,0
"804","2184907804","Boulder County Surveyor - REP","There are no candidates for this office",33,0,33,0
"804","2184907804","Boulder County Coroner - REP","There are no candidates for this office",33,0,33,0
"805","2184907805","United States Senator - DEM","Julie Gonzales",570,246,12,0
"805","2184907805","United States Senator - DEM","John Hickenlooper",570,312,12,0
"805","2184907805","Representative to the 120th United States Congress - District 2 - DEM","Joe Neguse",570,505,65,0
"805","2184907805","Governor - DEM","Phil Weiser",570,370,7,0
"805","2184907805","Governor - DEM","Michael Bennet",570,193,7,0
"805","2184907805","Secretary of State - DEM","Amanda Gonzalez",570,278,86,0
"805","2184907805","Secretary of State - DEM","Jessie Danielson",570,206,86,0
"805","2184907805","State Treasurer - DEM","Jeff Bridges",570,411,159,0
"805","2184907805","Attorney General - DEM","Jena Griswold",570,135,20,0
"805","2184907805","Attorney General - DEM","David Seligman",570,95,20,0
"805","2184907805","Attorney General - DEM","Michael Dougherty",570,260,20,0
"805","2184907805","Attorney General - DEM","Hetal Doshi",570,60,20,0
"805","2184907805","Regent of the University of Colorado - Congressional District 2 - DEM","Kubs Lalchandani",570,154,77,1
"805","2184907805","Regent of the University of Colorado - Congressional District 2 - DEM","Edie Hooton",570,216,77,1
"805","2184907805","Regent of the University of Colorado - Congressional District 2 - DEM","Murray Smith",570,122,77,1
"805","2184907805","State Representative - District 49 - DEM","Lesley Smith",570,387,183,0
"805","2184907805","Boulder County Commissioner - District 3 - DEM","Ashley Stolzmann",570,394,176,0
"805","2184907805","Boulder County Clerk and Recorder - DEM","Molly Fitzpatrick",570,409,161,0
"805","2184907805","Boulder County Treasurer - DEM","Jenn Kaaoush",570,201,83,0
"805","2184907805","Boulder County Treasurer - DEM","Rachel Friend",570,286,83,0
"805","2184907805","Boulder County Assessor - DEM","Cynthia Braddock",570,379,191,0
"805","2184907805","Boulder County Sheriff - DEM","Curtis Johnson",570,381,189,0
"805","2184907805","Boulder County Surveyor - DEM","Kayce D. W. Keane",570,375,195,0
"805","2184907805","Boulder County Coroner - DEM","Jeff Martin",570,381,189,0
"805","2184907805","Secretary of State - LBR","Sean Vadney",0,0,0,0
"805","2184907805","Secretary of State - LBR","Alex Astley",0,0,0,0
"805","2184907805","United States Senator - REP","Mark Baisley",36,31,5,0
"805","2184907805","Representative to the 120th United States Congress - District 2 - REP","Kelley Anne Dennison",36,18,3,0
"805","2184907805","Representative to the 120th United States Congress - District 2 - REP","Christina Blunt (Ducommun)",36,15,3,0
"805","2184907805","Governor - REP","Scott Bottoms",36,10,0,0
"805","2184907805","Governor - REP","Victor Marx",36,9,0,0
"805","2184907805","Governor - REP","Barb Kirkmeyer",36,17,0,0
"805","2184907805","Governor - REP","Kelvin ""K-Man"" Wimberly (Write-in Candidate)",36,0,0,0
"805","2184907805","Secretary of State - REP","James Wiley",36,29,7,0
"805","2184907805","State Treasurer - REP","Kevin Grantham",36,29,7,0
"805","2184907805","Attorney General - REP","Michael J. Allen",36,12,4,0
"805","2184907805","Attorney General - REP","David Willson",36,20,4,0
"805","2184907805","Regent of the University of Colorado - Congressional District 2 - REP","Marty Neilson",36,30,6,0
"805","2184907805","State Representative - District 49 - REP","Michael Sheperek",36,30,6,0
"805","2184907805","Boulder County Commissioner - District 3 - REP","There are no candidates for this office",36,0,36,0
"805","2184907805","Boulder County Clerk and Recorder - REP","There are no candidates for this office",36,0,36,0
"805","2184907805","Boulder County Treasurer - REP","There are no candidates for this office",36,0,36,0
"805","2184907805","Boulder County Assessor - REP","There are no candidates for this office",36,0,36,0
"805","2184907805","Boulder County Sheriff - REP","There are no candidates for this office",36,0,36,0
"805","2184907805","Boulder County Surveyor - REP","There are no candidates for this office",36,0,36,0
"805","2184907805","Boulder County Coroner - REP","There are no candidates for this office",36,0,36,0
"805","2184907805","Governor - UNI","Paul Noël Fiorino",0,0,0,0
"805","2184907805","Governor - UNI","Jeff Peckman",0,0,0,0
"806","2181007806","United States Senator - DEM","Julie Gonzales",586,273,4,0
"806","2181007806","United States Senator - DEM","John Hickenlooper",586,309,4,0
"806","2181007806","Representative to the 120th United States Congress - District 2 - DEM","Joe Neguse",586,503,83,0
"806","2181007806","Governor - DEM","Phil Weiser",586,375,9,0
"806","2181007806","Governor - DEM","Michael Bennet",586,202,9,0
"806","2181007806","Secretary of State - DEM","Amanda Gonzalez",586,307,82,0
"806","2181007806","Secretary of State - DEM","Jessie Danielson",586,197,82,0
"806","2181007806","State Treasurer - DEM","Jeff Bridges",586,409,177,0
"806","2181007806","Attorney General - DEM","Jena Griswold",586,99,15,0
"806","2181007806","Attorney General - DEM","David Seligman",586,122,15,0
"806","2181007806","Attorney General - DEM","Michael Dougherty",586,303,15,0
"806","2181007806","Attorney General - DEM","Hetal Doshi",586,47,15,0
"806","2181007806","Regent of the University of Colorado - Congressional District 2 - DEM","Kubs Lalchandani",586,162,62,0
"806","2181007806","Regent of the University of Colorado - Congressional District 2 - DEM","Edie Hooton",586,251,62,0
"806","2181007806","Regent of the University of Colorado - Congressional District 2 - DEM","Murray Smith",586,111,62,0
"806","2181007806","State Representative - District 10 - DEM","Junie Joseph",586,402,184,0
"806","2181007806","Boulder County Commissioner - District 3 - DEM","Ashley Stolzmann",586,393,193,0
"806","2181007806","Boulder County Clerk and Recorder - DEM","Molly Fitzpatrick",586,414,172,0
"806","2181007806","Boulder County Treasurer - DEM","Jenn Kaaoush",586,176,90,0
"806","2181007806","Boulder County Treasurer - DEM","Rachel Friend",586,320,90,0
"806","2181007806","Boulder County Assessor - DEM","Cynthia Braddock",586,378,208,0
"806","2181007806","Boulder County Sheriff - DEM","Curtis Johnson",586,372,214,0
"806","2181007806","Boulder County Surveyor - DEM","Kayce D. W. Keane",586,370,216,0
"806","2181007806","Boulder County Coroner - DEM","Jeff Martin",586,372,214,0
"806","2181007806","Secretary of State - LBR","Sean Vadney",0,0,0,0
"806","2181007806","Secretary of State - LBR","Alex Astley",0,0,0,0
"806","2181007806","United States Senator - REP","Mark Baisley",23,15,8,0
"806","2181007806","Representative to the 120th United States Congress - District 2 - REP","Kelley Anne Dennison",23,11,4,0
"806","2181007806","Representative to the 120th United States Congress - District 2 - REP","Christina Blunt (Ducommun)",23,8,4,0
"806","2181007806","Governor - REP","Scott Bottoms",23,3,1,0
"806","2181007806","Governor - REP","Victor Marx",23,8,1,0
"806","2181007806","Governor - REP","Barb Kirkmeyer",23,11,1,0
"806","2181007806","Governor - REP","Kelvin ""K-Man"" Wimberly (Write-in Candidate)",23,0,1,0
"806","2181007806","Secretary of State - REP","James Wiley",23,15,8,0
"806","2181007806","State Treasurer - REP","Kevin Grantham",23,15,8,0
"806","2181007806","Attorney General - REP","Michael J. Allen",23,9,4,0
"806","2181007806","Attorney General - REP","David Willson",23,10,4,0
"806","2181007806","Regent of the University of Colorado - Congressional District 2 - REP","Marty Neilson",23,15,8,0
"806","2181007806","State Representative - District 10 - REP","There are no candidates for this office",23,0,23,0
"806","2181007806","Boulder County Commissioner - District 3 - REP","There are no candidates for this office",23,0,23,0
"806","2181007806","Boulder County Clerk and Recorder - REP","There are no candidates for this office",23,0,23,0
"806","2181007806","Boulder County Treasurer - REP","There are no candidates for this office",23,0,23,0
"806","2181007806","Boulder County Assessor - REP","There are no candidates for this office",23,0,23,0
"806","2181007806","Boulder County Sheriff - REP","There are no candidates for this office",23,0,23,0
"806","2181007806","Boulder County Surveyor - REP","There are no candidates for this office",23,0,23,0
"806","2181007806","Boulder County Coroner - REP","There are no candidates for this office",23,0,23,0
"806","2181007806","Governor - UNI","Paul Noël Fiorino",0,0,0,0
"806","2181007806","Governor - UNI","Jeff Peckman",0,0,0,0
"807","2181007807","United States Senator - DEM","Julie Gonzales",500,192,3,0
"807","2181007807","United States Senator - DEM","John Hickenlooper",500,305,3,0
"807","2181007807","Representative to the 120th United States Congress - District 2 - DEM","Joe Neguse",500,450,50,0
"807","2181007807","Governor - DEM","Phil Weiser",500,333,14,0
"807","2181007807","Governor - DEM","Michael Bennet",500,153,14,0
"807","2181007807","Secretary of State - DEM","Amanda Gonzalez",500,267,80,0
"807","2181007807","Secretary of State - DEM","Jessie Danielson",500,153,80,0
"807","2181007807","State Treasurer - DEM","Jeff Bridges",500,366,134,0
"807","2181007807","Attorney General - DEM","Jena Griswold",500,111,18,0
"807","2181007807","Attorney General - DEM","David Seligman",500,89,18,0
"807","2181007807","Attorney General - DEM","Michael Dougherty",500,239,18,0
"807","2181007807","Attorney General - DEM","Hetal Doshi",500,43,18,0
"807","2181007807","Regent of the University of Colorado - Congressional District 2 - DEM","Kubs Lalchandani",500,139,61,0
"807","2181007807","Regent of the University of Colorado - Congressional District 2 - DEM","Edie Hooton",500,201,61,0
"807","2181007807","Regent of the University of Colorado - Congressional District 2 - DEM","Murray Smith",500,99,61,0
"807","2181007807","State Representative - District 10 - DEM","Junie Joseph",500,353,147,0
"807","2181007807","Boulder County Commissioner - District 3 - DEM","Ashley Stolzmann",500,352,148,0
"807","2181007807","Boulder County Clerk and Recorder - DEM","Molly Fitzpatrick",500,370,130,0
"807","2181007807","Boulder County Treasurer - DEM","Jenn Kaaoush",500,163,67,1
"807","2181007807","Boulder County Treasurer - DEM","Rachel Friend",500,269,67,1
"807","2181007807","Boulder County Assessor - DEM","Cynthia Braddock",500,342,158,0
"807","2181007807","Boulder County Sheriff - DEM","Curtis Johnson",500,347,153,0
"807","2181007807","Boulder County Surveyor - DEM","Kayce D. W. Keane",500,344,156,0
"807","2181007807","Boulder County Coroner - DEM","Jeff Martin",500,349,151,0
"807","2181007807","Secretary of State - LBR","Sean Vadney",0,0,0,0
"807","2181007807","Secretary of State - LBR","Alex Astley",0,0,0,0
"807","2181007807","United States Senator - REP","Mark Baisley",28,22,6,0
"807","2181007807","Representative to the 120th United States Congress - District 2 - REP","Kelley Anne Dennison",28,10,6,0
"807","2181007807","Representative to the 120th United States Congress - District 2 - REP","Christina Blunt (Ducommun)",28,12,6,0
"807","2181007807","Governor - REP","Scott Bottoms",28,5,0,0
"807","2181007807","Governor - REP","Victor Marx",28,2,0,0
"807","2181007807","Governor - REP","Barb Kirkmeyer",28,21,0,0
"807","2181007807","Governor - REP","Kelvin ""K-Man"" Wimberly (Write-in Candidate)",28,0,0,0
"807","2181007807","Secretary of State - REP","James Wiley",28,24,4,0
"807","2181007807","State Treasurer - REP","Kevin Grantham",28,25,3,0
"807","2181007807","Attorney General - REP","Michael J. Allen",28,18,5,0
"807","2181007807","Attorney General - REP","David Willson",28,5,5,0
"807","2181007807","Regent of the University of Colorado - Congressional District 2 - REP","Marty Neilson",28,22,6,0
"807","2181007807","State Representative - District 10 - REP","There are no candidates for this office",28,0,28,0
"807","2181007807","Boulder County Commissioner - District 3 - REP","There are no candidates for this office",28,0,28,0
"807","2181007807","Boulder County Clerk and Recorder - REP","There are no candidates for this office",28,0,28,0
"807","2181007807","Boulder County Treasurer - REP","There are no candidates for this office",28,0,28,0
"807","2181007807","Boulder County Assessor - REP","There are no candidates for this office",28,0,28,0
"807","2181007807","Boulder County Sheriff - REP","There are no candidates for this office",28,0,28,0
"807","2181007807","Boulder County Surveyor - REP","There are no candidates for this office",28,0,28,0
"807","2181007807","Boulder County Coroner - REP","There are no candidates for this office",28,0,28,0
"807","2181007807","Governor - UNI","Paul Noël Fiorino",0,0,0,0
"807","2181007807","Governor - UNI","Jeff Peckman",0,0,0,0
"808","2181007808","United States Senator - DEM","Julie Gonzales",617,251,9,0
"808","2181007808","United States Senator - DEM","John Hickenlooper",617,357,9,0
"808","2181007808","Representative to the 120th United States Congress - District 2 - DEM","Joe Neguse",617,541,76,0
"808","2181007808","Governor - DEM","Phil Weiser",617,387,8,0
"808","2181007808","Governor - DEM","Michael Bennet",617,222,8,0
"808","2181007808","Secretary of State - DEM","Amanda Gonzalez",617,323,94,0
"808","2181007808","Secretary of State - DEM","Jessie Danielson",617,200,94,0
"808","2181007808","State Treasurer - DEM","Jeff Bridges",617,451,166,0
"808","2181007808","Attorney General - DEM","Jena Griswold",617,141,31,0
"808","2181007808","Attorney General - DEM","David Seligman",617,91,31,0
"808","2181007808","Attorney General - DEM","Michael Dougherty",617,288,31,0
"808","2181007808","Attorney General - DEM","Hetal Doshi",617,66,31,0
"808","2181007808","Regent of the University of Colorado - Congressional District 2 - DEM","Kubs Lalchandani",617,164,81,0
"808","2181007808","Regent of the University of Colorado - Congressional District 2 - DEM","Edie Hooton",617,259,81,0
"808","2181007808","Regent of the University of Colorado - Congressional District 2 - DEM","Murray Smith",617,113,81,0
"808","2181007808","State Representative - District 10 - DEM","Junie Joseph",617,450,167,0
"808","2181007808","Boulder County Commissioner - District 3 - DEM","Ashley Stolzmann",617,443,174,0
"808","2181007808","Boulder County Clerk and Recorder - DEM","Molly Fitzpatrick",617,460,157,0
"808","2181007808","Boulder County Treasurer - DEM","Jenn Kaaoush",617,203,97,0
"808","2181007808","Boulder County Treasurer - DEM","Rachel Friend",617,317,97,0
"808","2181007808","Boulder County Assessor - DEM","Cynthia Braddock",617,419,198,0
"808","2181007808","Boulder County Sheriff - DEM","Curtis Johnson",617,421,196,0
"808","2181007808","Boulder County Surveyor - DEM","Kayce D. W. Keane",617,421,196,0
"808","2181007808","Boulder County Coroner - DEM","Jeff Martin",617,423,194,0
"808","2181007808","Secretary of State - LBR","Sean Vadney",0,0,0,0
"808","2181007808","Secretary of State - LBR","Alex Astley",0,0,0,0
"808","2181007808","United States Senator - REP","Mark Baisley",47,42,5,0
"808","2181007808","Representative to the 120th United States Congress - District 2 - REP","Kelley Anne Dennison",47,25,6,0
"808","2181007808","Representative to the 120th United States Congress - District 2 - REP","Christina Blunt (Ducommun)",47,16,6,0
"808","2181007808","Governor - REP","Scott Bottoms",47,10,1,0
"808","2181007808","Governor - REP","Victor Marx",47,11,1,0
"808","2181007808","Governor - REP","Barb Kirkmeyer",47,25,1,0
"808","2181007808","Governor - REP","Kelvin ""K-Man"" Wimberly (Write-in Candidate)",47,0,1,0
"808","2181007808","Secretary of State - REP","James Wiley",47,41,6,0
"808","2181007808","State Treasurer - REP","Kevin Grantham",47,39,8,0
"808","2181007808","Attorney General - REP","Michael J. Allen",47,29,4,0
"808","2181007808","Attorney General - REP","David Willson",47,14,4,0
"808","2181007808","Regent of the University of Colorado - Congressional District 2 - REP","Marty Neilson",47,39,8,0
"808","2181007808","State Representative - District 10 - REP","There are no candidates for this office",47,0,47,0
"808","2181007808","Boulder County Commissioner - District 3 - REP","There are no candidates for this office",47,0,47,0
"808","2181007808","Boulder County Clerk and Recorder - REP","There are no candidates for this office",47,0,47,0
"808","2181007808","Boulder County Treasurer - REP","There are no candidates for this office",47,0,47,0
"808","2181007808","Boulder County Assessor - REP","There are no candidates for this office",47,0,47,0
"808","2181007808","Boulder County Sheriff - REP","There are no candidates for this office",47,0,47,0
"808","2181007808","Boulder County Surveyor - REP","There are no candidates for this office",47,0,47,0
"808","2181007808","Boulder County Coroner - REP","There are no candidates for this office",47,0,47,0
"808","2181007808","Governor - UNI","Paul Noël Fiorino",0,0,0,0
"808","2181007808","Governor - UNI","Jeff Peckman",0,0,0,0
"809","2181007809","United States Senator - DEM","Julie Gonzales",521,251,10,0
"809","2181007809","United States Senator - DEM","John Hickenlooper",521,260,10,0
"809","2181007809","Representative to the 120th United States Congress - District 2 - DEM","Joe Neguse",521,445,76,0
"809","2181007809","Governor - DEM","Phil Weiser",521,320,16,0
"809","2181007809","Governor - DEM","Michael Bennet",521,185,16,0
"809","2181007809","Secretary of State - DEM","Amanda Gonzalez",521,268,80,0
"809","2181007809","Secretary of State - DEM","Jessie Danielson",521,173,80,0
"809","2181007809","State Treasurer - DEM","Jeff Bridges",521,391,130,0
"809","2181007809","Attorney General - DEM","Jena Griswold",521,119,27,0
"809","2181007809","Attorney General - DEM","David Seligman",521,110,27,0
"809","2181007809","Attorney General - DEM","Michael Dougherty",521,193,27,0
"809","2181007809","Attorney General - DEM","Hetal Doshi",521,72,27,0
"809","2181007809","Regent of the University of Colorado - Congressional District 2 - DEM","Kubs Lalchandani",521,113,78,0
"809","2181007809","Regent of the University of Colorado - Congressional District 2 - DEM","Edie Hooton",521,209,78,0
"809","2181007809","Regent of the University of Colorado - Congressional District 2 - DEM","Murray Smith",521,121,78,0
"809","2181007809","State Representative - District 10 - DEM","Junie Joseph",521,396,125,0
"809","2181007809","Boulder County Commissioner - District 3 - DEM","Ashley Stolzmann",521,379,142,0
"809","2181007809","Boulder County Clerk and Recorder - DEM","Molly Fitzpatrick",521,394,127,0
"809","2181007809","Boulder County Treasurer - DEM","Jenn Kaaoush",521,172,78,0
"809","2181007809","Boulder County Treasurer - DEM","Rachel Friend",521,271,78,0
"809","2181007809","Boulder County Assessor - DEM","Cynthia Braddock",521,365,156,0
"809","2181007809","Boulder County Sheriff - DEM","Curtis Johnson",521,363,158,0
"809","2181007809","Boulder County Surveyor - DEM","Kayce D. W. Keane",521,362,159,0
"809","2181007809","Boulder County Coroner - DEM","Jeff Martin",521,369,152,0
"809","2181007809","United States Senator - REP","Mark Baisley",31,21,10,0
"809","2181007809","Representative to the 120th United States Congress - District 2 - REP","Kelley Anne Dennison",31,16,8,0
"809","2181007809","Representative to the 120th United States Congress - District 2 - REP","Christina Blunt (Ducommun)",31,7,8,0
"809","2181007809","Governor - REP","Scott Bottoms",31,6,2,0
"809","2181007809","Governor - REP","Victor Marx",31,4,2,0
"809","2181007809","Governor - REP","Barb Kirkmeyer",31,19,2,0
"809","2181007809","Governor - REP","Kelvin ""K-Man"" Wimberly (Write-in Candidate)",31,0,2,0
"809","2181007809","Secretary of State - REP","James Wiley",31,21,10,0
"809","2181007809","State Treasurer - REP","Kevin Grantham",31,21,10,0
"809","2181007809","Attorney General - REP","Michael J. Allen",31,16,6,0
"809","2181007809","Attorney General - REP","David Willson",31,9,6,0
"809","2181007809","Regent of the University of Colorado - Congressional District 2 - REP","Marty Neilson",31,20,11,0
"809","2181007809","State Representative - District 10 - REP","There are no candidates for this office",31,0,31,0
"809","2181007809","Boulder County Commissioner - District 3 - REP","There are no candidates for this office",31,0,31,0
"809","2181007809","Boulder County Clerk and Recorder - REP","There are no candidates for this office",31,0,31,0
"809","2181007809","Boulder County Treasurer - REP","There are no candidates for this office",31,0,31,0
"809","2181007809","Boulder County Assessor - REP","There are no candidates for this office",31,0,31,0
"809","2181007809","Boulder County Sheriff - REP","There are no candidates for this office",31,0,31,0
"809","2181007809","Boulder County Surveyor - REP","There are no candidates for this office",31,0,31,0
"809","2181007809","Boulder County Coroner - REP","There are no candidates for this office",31,0,31,0
"809","2181007809","Governor - UNI","Paul Noël Fiorino",0,0,0,0
"809","2181007809","Governor - UNI","Jeff Peckman",0,0,0,0
"810","2181007810","United States Senator - DEM","Julie Gonzales",277,197,0,1
"810","2181007810","United States Senator - DEM","John Hickenlooper",277,79,0,1
"810","2181007810","Representative to the 120th United States Congress - District 2 - DEM","Joe Neguse",277,232,45,0
"810","2181007810","Governor - DEM","Phil Weiser",277,200,7,0
"810","2181007810","Governor - DEM","Michael Bennet",277,70,7,0
"810","2181007810","Secretary of State - DEM","Amanda Gonzalez",277,198,13,0
"810","2181007810","Secretary of State - DEM","Jessie Danielson",277,66,13,0
"810","2181007810","State Treasurer - DEM","Jeff Bridges",277,219,58,0
"810","2181007810","Attorney General - DEM","Jena Griswold",277,63,6,0
"810","2181007810","Attorney General - DEM","David Seligman",277,94,6,0
"810","2181007810","Attorney General - DEM","Michael Dougherty",277,67,6,0
"810","2181007810","Attorney General - DEM","Hetal Doshi",277,47,6,0
"810","2181007810","Regent of the University of Colorado - Congressional District 2 - DEM","Kubs Lalchandani",277,74,25,0
"810","2181007810","Regent of the University of Colorado - Congressional District 2 - DEM","Edie Hooton",277,78,25,0
"810","2181007810","Regent of the University of Colorado - Congressional District 2 - DEM","Murray Smith",277,100,25,0
"810","2181007810","State Representative - District 10 - DEM","Junie Joseph",277,227,50,0
"810","2181007810","Boulder County Commissioner - District 3 - DEM","Ashley Stolzmann",277,222,55,0
"810","2181007810","Boulder County Clerk and Recorder - DEM","Molly Fitzpatrick",277,222,55,0
"810","2181007810","Boulder County Treasurer - DEM","Jenn Kaaoush",277,126,25,0
"810","2181007810","Boulder County Treasurer - DEM","Rachel Friend",277,126,25,0
"810","2181007810","Boulder County Assessor - DEM","Cynthia Braddock",277,205,72,0
"810","2181007810","Boulder County Sheriff - DEM","Curtis Johnson",277,202,75,0
"810","2181007810","Boulder County Surveyor - DEM","Kayce D. W. Keane",277,202,75,0
"810","2181007810","Boulder County Coroner - DEM","Jeff Martin",277,205,72,0
"810","2181007810","United States Senator - REP","Mark Baisley",12,8,4,0
"810","2181007810","Representative to the 120th United States Congress - District 2 - REP","Kelley Anne Dennison",12,7,3,0
"810","2181007810","Representative to the 120th United States Congress - District 2 - REP","Christina Blunt (Ducommun)",12,2,3,0
"810","2181007810","Governor - REP","Scott Bottoms",12,3,1,0
"810","2181007810","Governor - REP","Victor Marx",12,5,1,0
"810","2181007810","Governor - REP","Barb Kirkmeyer",12,3,1,0
"810","2181007810","Governor - REP","Kelvin ""K-Man"" Wimberly (Write-in Candidate)",12,0,1,0
"810","2181007810","Secretary of State - REP","James Wiley",12,8,4,0
"810","2181007810","State Treasurer - REP","Kevin Grantham",12,8,4,0
"810","2181007810","Attorney General - REP","Michael J. Allen",12,7,2,0
"810","2181007810","Attorney General - REP","David Willson",12,3,2,0
"810","2181007810","Regent of the University of Colorado - Congressional District 2 - REP","Marty Neilson",12,8,4,0
"810","2181007810","State Representative - District 10 - REP","There are no candidates for this office",12,0,12,0
"810","2181007810","Boulder County Commissioner - District 3 - REP","There are no candidates for this office",12,0,12,0
"810","2181007810","Boulder County Clerk and Recorder - REP","There are no candidates for this office",12,0,12,0
"810","2181007810","Boulder County Treasurer - REP","There are no candidates for this office",12,0,12,0
"810","2181007810","Boulder County Assessor - REP","There are no candidates for this office",12,0,12,0
"810","2181007810","Boulder County Sheriff - REP","There are no candidates for this office",12,0,12,0
"810","2181007810","Boulder County Surveyor - REP","There are no candidates for this office",12,0,12,0
"810","2181007810","Boulder County Coroner - REP","There are no candidates for this office",12,0,12,0
"810","2181007810","Governor - UNI","Paul Noël Fiorino",0,0,0,0
"810","2181007810","Governor - UNI","Jeff Peckman",0,0,0,0
"811","2181007811","United States Senator - DEM","Julie Gonzales",413,235,3,0
"811","2181007811","United States Senator - DEM","John Hickenlooper",413,175,3,0
"811","2181007811","Representative to the 120th United States Congress - District 2 - DEM","Joe Neguse",413,361,52,0
"811","2181007811","Governor - DEM","Phil Weiser",413,289,10,0
"811","2181007811","Governor - DEM","Michael Bennet",413,114,10,0
"811","2181007811","Secretary of State - DEM","Amanda Gonzalez",413,251,39,0
"811","2181007811","Secretary of State - DEM","Jessie Danielson",413,123,39,0
"811","2181007811","State Treasurer - DEM","Jeff Bridges",413,312,101,0
"811","2181007811","Attorney General - DEM","Jena Griswold",413,95,13,0
"811","2181007811","Attorney General - DEM","David Seligman",413,111,13,0
"811","2181007811","Attorney General - DEM","Michael Dougherty",413,142,13,0
"811","2181007811","Attorney General - DEM","Hetal Doshi",413,52,13,0
"811","2181007811","Regent of the University of Colorado - Congressional District 2 - DEM","Kubs Lalchandani",413,101,59,0
"811","2181007811","Regent of the University of Colorado - Congressional District 2 - DEM","Edie Hooton",413,146,59,0
"811","2181007811","Regent of the University of Colorado - Congressional District 2 - DEM","Murray Smith",413,107,59,0
"811","2181007811","State Representative - District 10 - DEM","Junie Joseph",413,319,94,0
"811","2181007811","Boulder County Commissioner - District 3 - DEM","Ashley Stolzmann",413,303,110,0
"811","2181007811","Boulder County Clerk and Recorder - DEM","Molly Fitzpatrick",413,316,97,0
"811","2181007811","Boulder County Treasurer - DEM","Jenn Kaaoush",413,144,45,1
"811","2181007811","Boulder County Treasurer - DEM","Rachel Friend",413,223,45,1
"811","2181007811","Boulder County Assessor - DEM","Cynthia Braddock",413,294,119,0
"811","2181007811","Boulder County Sheriff - DEM","Curtis Johnson",413,291,122,0
"811","2181007811","Boulder County Surveyor - DEM","Kayce D. W. Keane",413,292,121,0
"811","2181007811","Boulder County Coroner - DEM","Jeff Martin",413,290,123,0
"811","2181007811","United States Senator - REP","Mark Baisley",27,23,4,0
"811","2181007811","Representative to the 120th United States Congress - District 2 - REP","Kelley Anne Dennison",27,17,0,0
"811","2181007811","Representative to the 120th United States Congress - District 2 - REP","Christina Blunt (Ducommun)",27,10,0,0
"811","2181007811","Governor - REP","Scott Bottoms",27,6,2,0
"811","2181007811","Governor - REP","Victor Marx",27,5,2,0
"811","2181007811","Governor - REP","Barb Kirkmeyer",27,14,2,0
"811","2181007811","Governor - REP","Kelvin ""K-Man"" Wimberly (Write-in Candidate)",27,0,2,0
"811","2181007811","Secretary of State - REP","James Wiley",27,23,4,0
"811","2181007811","State Treasurer - REP","Kevin Grantham",27,24,3,0
"811","2181007811","Attorney General - REP","Michael J. Allen",27,15,2,0
"811","2181007811","Attorney General - REP","David Willson",27,10,2,0
"811","2181007811","Regent of the University of Colorado - Congressional District 2 - REP","Marty Neilson",27,22,5,0
"811","2181007811","State Representative - District 10 - REP","There are no candidates for this office",27,0,27,0
"811","2181007811","Boulder County Commissioner - District 3 - REP","There are no candidates for this office",27,0,27,0
"811","2181007811","Boulder County Clerk and Recorder - REP","There are no candidates for this office",27,0,27,0
"811","2181007811","Boulder County Treasurer - REP","There are no candidates for this office",27,0,27,0
"811","2181007811","Boulder County Assessor - REP","There are no candidates for this office",27,0,27,0
"811","2181007811","Boulder County Sheriff - REP","There are no candidates for this office",27,0,27,0
"811","2181007811","Boulder County Surveyor - REP","There are no candidates for this office",27,0,27,0
"811","2181007811","Boulder County Coroner - REP","There are no candidates for this office",27,0,27,0
"811","2181007811","Governor - UNI","Paul Noël Fiorino",0,0,0,0
"811","2181007811","Governor - UNI","Jeff Peckman",0,0,0,0
"812","2181007812","United States Senator - DEM","Julie Gonzales",399,148,11,0
"812","2181007812","United States Senator - DEM","John Hickenlooper",399,240,11,0
"812","2181007812","Representative to the 120th United States Congress - District 2 - DEM","Joe Neguse",399,367,32,0
"812","2181007812","Governor - DEM","Phil Weiser",399,269,3,0
"812","2181007812","Governor - DEM","Michael Bennet",399,127,3,0
"812","2181007812","Secretary of State - DEM","Amanda Gonzalez",399,180,65,0
"812","2181007812","Secretary of State - DEM","Jessie Danielson",399,154,65,0
"812","2181007812","State Treasurer - DEM","Jeff Bridges",399,304,95,0
"812","2181007812","Attorney General - DEM","Jena Griswold",399,103,7,0
"812","2181007812","Attorney General - DEM","David Seligman",399,47,7,0
"812","2181007812","Attorney General - DEM","Michael Dougherty",399,205,7,0
"812","2181007812","Attorney General - DEM","Hetal Doshi",399,37,7,0
"812","2181007812","Regent of the University of Colorado - Congressional District 2 - DEM","Kubs Lalchandani",399,112,52,0
"812","2181007812","Regent of the University of Colorado - Congressional District 2 - DEM","Edie Hooton",399,178,52,0
"812","2181007812","Regent of the University of Colorado - Congressional District 2 - DEM","Murray Smith",399,57,52,0
"812","2181007812","State Representative - District 10 - DEM","Junie Joseph",399,299,100,0
"812","2181007812","Boulder County Commissioner - District 3 - DEM","Ashley Stolzmann",399,295,104,0
"812","2181007812","Boulder County Clerk and Recorder - DEM","Molly Fitzpatrick",399,306,93,0
"812","2181007812","Boulder County Treasurer - DEM","Jenn Kaaoush",399,133,51,0
"812","2181007812","Boulder County Treasurer - DEM","Rachel Friend",399,215,51,0
"812","2181007812","Boulder County Assessor - DEM","Cynthia Braddock",399,280,119,0
"812","2181007812","Boulder County Sheriff - DEM","Curtis Johnson",399,284,115,0
"812","2181007812","Boulder County Surveyor - DEM","Kayce D. W. Keane",399,280,119,0
"812","2181007812","Boulder County Coroner - DEM","Jeff Martin",399,280,119,0
"812","2181007812","Secretary of State - LBR","Sean Vadney",0,0,0,0
"812","2181007812","Secretary of State - LBR","Alex Astley",0,0,0,0
"812","2181007812","United States Senator - REP","Mark Baisley",32,28,4,0
"812","2181007812","Representative to the 120th United States Congress - District 2 - REP","Kelley Anne Dennison",32,12,7,0
"812","2181007812","Representative to the 120th United States Congress - District 2 - REP","Christina Blunt (Ducommun)",32,13,7,0
"812","2181007812","Governor - REP","Scott Bottoms",32,6,0,0
"812","2181007812","Governor - REP","Victor Marx",32,3,0,0
"812","2181007812","Governor - REP","Barb Kirkmeyer",32,23,0,0
"812","2181007812","Governor - REP","Kelvin ""K-Man"" Wimberly (Write-in Candidate)",32,0,0,0
"812","2181007812","Secretary of State - REP","James Wiley",32,24,8,0
"812","2181007812","State Treasurer - REP","Kevin Grantham",32,24,8,0
"812","2181007812","Attorney General - REP","Michael J. Allen",32,15,7,0
"812","2181007812","Attorney General - REP","David Willson",32,10,7,0
"812","2181007812","Regent of the University of Colorado - Congressional District 2 - REP","Marty Neilson",32,21,11,0
"812","2181007812","State Representative - District 10 - REP","There are no candidates for this office",32,0,32,0
"812","2181007812","Boulder County Commissioner - District 3 - REP","There are no candidates for this office",32,0,32,0
"812","2181007812","Boulder County Clerk and Recorder - REP","There are no candidates for this office",32,0,32,0
"812","2181007812","Boulder County Treasurer - REP","There are no candidates for this office",32,0,32,0
"812","2181007812","Boulder County Assessor - REP","There are no candidates for this office",32,0,32,0
"812","2181007812","Boulder County Sheriff - REP","There are no candidates for this office",32,0,32,0
"812","2181007812","Boulder County Surveyor - REP","There are no candidates for this office",32,0,32,0
"812","2181007812","Boulder County Coroner - REP","There are no candidates for this office",32,0,32,0
"812","2181007812","Governor - UNI","Paul Noël Fiorino",0,0,0,0
"812","2181007812","Governor - UNI","Jeff Peckman",0,0,0,0
"813","2181007813","United States Senator - DEM","Julie Gonzales",495,213,3,0
"813","2181007813","United States Senator - DEM","John Hickenlooper",495,279,3,0
"813","2181007813","Representative to the 120th United States Congress - District 2 - DEM","Joe Neguse",495,433,62,0
"813","2181007813","Governor - DEM","Phil Weiser",495,308,8,0
"813","2181007813","Governor - DEM","Michael Bennet",495,179,8,0
"813","2181007813","Secretary of State - DEM","Amanda Gonzalez",495,259,59,0
"813","2181007813","Secretary of State - DEM","Jessie Danielson",495,177,59,0
"813","2181007813","State Treasurer - DEM","Jeff Bridges",495,351,144,0
"813","2181007813","Attorney General - DEM","Jena Griswold",495,116,14,0
"813","2181007813","Attorney General - DEM","David Seligman",495,80,14,0
"813","2181007813","Attorney General - DEM","Michael Dougherty",495,240,14,0
"813","2181007813","Attorney General - DEM","Hetal Doshi",495,45,14,0
"813","2181007813","Regent of the University of Colorado - Congressional District 2 - DEM","Kubs Lalchandani",495,142,41,0
"813","2181007813","Regent of the University of Colorado - Congressional District 2 - DEM","Edie Hooton",495,210,41,0
"813","2181007813","Regent of the University of Colorado - Congressional District 2 - DEM","Murray Smith",495,102,41,0
"813","2181007813","State Representative - District 10 - DEM","Junie Joseph",495,353,142,0
"813","2181007813","Boulder County Commissioner - District 3 - DEM","Ashley Stolzmann",495,343,152,0
"813","2181007813","Boulder County Clerk and Recorder - DEM","Molly Fitzpatrick",495,362,133,0
"813","2181007813","Boulder County Treasurer - DEM","Jenn Kaaoush",495,156,56,0
"813","2181007813","Boulder County Treasurer - DEM","Rachel Friend",495,283,56,0
"813","2181007813","Boulder County Assessor - DEM","Cynthia Braddock",495,328,167,0
"813","2181007813","Boulder County Sheriff - DEM","Curtis Johnson",495,337,158,0
"813","2181007813","Boulder County Surveyor - DEM","Kayce D. W. Keane",495,324,171,0
"813","2181007813","Boulder County Coroner - DEM","Jeff Martin",495,328,167,0
"813","2181007813","Secretary of State - LBR","Sean Vadney",0,0,0,0
"813","2181007813","Secretary of State - LBR","Alex Astley",0,0,0,0
"813","2181007813","United States Senator - REP","Mark Baisley",27,19,8,0
"813","2181007813","Representative to the 120th United States Congress - District 2 - REP","Kelley Anne Dennison",27,10,11,0
"813","2181007813","Representative to the 120th United States Congress - District 2 - REP","Christina Blunt (Ducommun)",27,6,11,0
"813","2181007813","Governor - REP","Scott Bottoms",27,7,2,0
"813","2181007813","Governor - REP","Victor Marx",27,2,2,0
"813","2181007813","Governor - REP","Barb Kirkmeyer",27,16,2,0
"813","2181007813","Governor - REP","Kelvin ""K-Man"" Wimberly (Write-in Candidate)",27,0,2,0
"813","2181007813","Secretary of State - REP","James Wiley",27,16,11,0
"813","2181007813","State Treasurer - REP","Kevin Grantham",27,16,11,0
"813","2181007813","Attorney General - REP","Michael J. Allen",27,12,10,0
"813","2181007813","Attorney General - REP","David Willson",27,5,10,0
"813","2181007813","Regent of the University of Colorado - Congressional District 2 - REP","Marty Neilson",27,16,11,0
"813","2181007813","State Representative - District 10 - REP","There are no candidates for this office",27,0,27,0
"813","2181007813","Boulder County Commissioner - District 3 - REP","There are no candidates for this office",27,0,27,0
"813","2181007813","Boulder County Clerk and Recorder - REP","There are no candidates for this office",27,0,27,0
"813","2181007813","Boulder County Treasurer - REP","There are no candidates for this office",27,0,27,0
"813","2181007813","Boulder County Assessor - REP","There are no candidates for this office",27,0,27,0
"813","2181007813","Boulder County Sheriff - REP","There are no candidates for this office",27,0,27,0
"813","2181007813","Boulder County Surveyor - REP","There are no candidates for this office",27,0,27,0
"813","2181007813","Boulder County Coroner - REP","There are no candidates for this office",27,0,27,0
"813","2181007813","Governor - UNI","Paul Noël Fiorino",0,0,0,0
"813","2181007813","Governor - UNI","Jeff Peckman",0,0,0,0
"814","2184907814","United States Senator - DEM","Julie Gonzales",403,128,7,0
"814","2184907814","United States Senator - DEM","John Hickenlooper",403,268,7,0
"814","2184907814","Representative to the 120th United States Congress - District 2 - DEM","Joe Neguse",403,358,45,0
"814","2184907814","Governor - DEM","Phil Weiser",403,263,5,0
"814","2184907814","Governor - DEM","Michael Bennet",403,135,5,0
"814","2184907814","Secretary of State - DEM","Amanda Gonzalez",403,193,55,0
"814","2184907814","Secretary of State - DEM","Jessie Danielson",403,155,55,0
"814","2184907814","State Treasurer - DEM","Jeff Bridges",403,309,94,0
"814","2184907814","Attorney General - DEM","Jena Griswold",403,87,8,0
"814","2184907814","Attorney General - DEM","David Seligman",403,33,8,0
"814","2184907814","Attorney General - DEM","Michael Dougherty",403,202,8,0
"814","2184907814","Attorney General - DEM","Hetal Doshi",403,73,8,0
"814","2184907814","Regent of the University of Colorado - Congressional District 2 - DEM","Kubs Lalchandani",403,111,57,0
"814","2184907814","Regent of the University of Colorado - Congressional District 2 - DEM","Edie Hooton",403,162,57,0
"814","2184907814","Regent of the University of Colorado - Congressional District 2 - DEM","Murray Smith",403,73,57,0
"814","2184907814","State Representative - District 49 - DEM","Lesley Smith",403,287,116,0
"814","2184907814","Boulder County Commissioner - District 3 - DEM","Ashley Stolzmann",403,293,110,0
"814","2184907814","Boulder County Clerk and Recorder - DEM","Molly Fitzpatrick",403,300,103,0
"814","2184907814","Boulder County Treasurer - DEM","Jenn Kaaoush",403,126,55,0
"814","2184907814","Boulder County Treasurer - DEM","Rachel Friend",403,222,55,0
"814","2184907814","Boulder County Assessor - DEM","Cynthia Braddock",403,279,124,0
"814","2184907814","Boulder County Sheriff - DEM","Curtis Johnson",403,279,124,0
"814","2184907814","Boulder County Surveyor - DEM","Kayce D. W. Keane",403,277,126,0
"814","2184907814","Boulder County Coroner - DEM","Jeff Martin",403,275,128,0
"814","2184907814","Secretary of State - LBR","Sean Vadney",0,0,0,0
"814","2184907814","Secretary of State - LBR","Alex Astley",0,0,0,0
"814","2184907814","United States Senator - REP","Mark Baisley",38,31,7,0
"814","2184907814","Representative to the 120th United States Congress - District 2 - REP","Kelley Anne Dennison",38,20,4,0
"814","2184907814","Representative to the 120th United States Congress - District 2 - REP","Christina Blunt (Ducommun)",38,14,4,0
"814","2184907814","Governor - REP","Scott Bottoms",38,14,0,0
"814","2184907814","Governor - REP","Victor Marx",38,5,0,0
"814","2184907814","Governor - REP","Barb Kirkmeyer",38,19,0,0
"814","2184907814","Governor - REP","Kelvin ""K-Man"" Wimberly (Write-in Candidate)",38,0,0,0
"814","2184907814","Secretary of State - REP","James Wiley",38,29,9,0
"814","2184907814","State Treasurer - REP","Kevin Grantham",38,31,7,0
"814","2184907814","Attorney General - REP","Michael J. Allen",38,20,2,0
"814","2184907814","Attorney General - REP","David Willson",38,16,2,0
"814","2184907814","Regent of the University of Colorado - Congressional District 2 - REP","Marty Neilson",38,32,6,0
"814","2184907814","State Representative - District 49 - REP","Michael Sheperek",38,29,9,0
"814","2184907814","Boulder County Commissioner - District 3 - REP","There are no candidates for this office",38,0,38,0
"814","2184907814","Boulder County Clerk and Recorder - REP","There are no candidates for this office",38,0,38,0
"814","2184907814","Boulder County Treasurer - REP","There are no candidates for this office",38,0,38,0
"814","2184907814","Boulder County Assessor - REP","There are no candidates for this office",38,0,38,0
"814","2184907814","Boulder County Sheriff - REP","There are no candidates for this office",38,0,38,0
"814","2184907814","Boulder County Surveyor - REP","There are no candidates for this office",38,0,38,0
"814","2184907814","Boulder County Coroner - REP","There are no candidates for this office",38,0,38,0
"814","2184907814","Governor - UNI","Paul Noël Fiorino",0,0,0,0
"814","2184907814","Governor - UNI","Jeff Peckman",0,0,0,0
"815","2184907815","United States Senator - DEM","Julie Gonzales",834,268,11,0
"815","2184907815","United States Senator - DEM","John Hickenlooper",834,555,11,0
"815","2184907815","Representative to the 120th United States Congress - District 2 - DEM","Joe Neguse",834,728,106,0
"815","2184907815","Governor - DEM","Phil Weiser",834,502,12,0
"815","2184907815","Governor - DEM","Michael Bennet",834,320,12,0
"815","2184907815","Secretary of State - DEM","Amanda Gonzalez",834,379,139,0
"815","2184907815","Secretary of State - DEM","Jessie Danielson",834,316,139,0
"815","2184907815","State Treasurer - DEM","Jeff Bridges",834,597,237,0
"815","2184907815","Attorney General - DEM","Jena Griswold",834,184,28,0
"815","2184907815","Attorney General - DEM","David Seligman",834,93,28,0
"815","2184907815","Attorney General - DEM","Michael Dougherty",834,440,28,0
"815","2184907815","Attorney General - DEM","Hetal Doshi",834,89,28,0
"815","2184907815","Regent of the University of Colorado - Congressional District 2 - DEM","Kubs Lalchandani",834,267,99,0
"815","2184907815","Regent of the University of Colorado - Congressional District 2 - DEM","Edie Hooton",834,321,99,0
"815","2184907815","Regent of the University of Colorado - Congressional District 2 - DEM","Murray Smith",834,147,99,0
"815","2184907815","State Representative - District 49 - DEM","Lesley Smith",834,587,247,0
"815","2184907815","Boulder County Commissioner - District 3 - DEM","Ashley Stolzmann",834,586,248,0
"815","2184907815","Boulder County Clerk and Recorder - DEM","Molly Fitzpatrick",834,601,233,0
"815","2184907815","Boulder County Treasurer - DEM","Jenn Kaaoush",834,239,107,1
"815","2184907815","Boulder County Treasurer - DEM","Rachel Friend",834,487,107,1
"815","2184907815","Boulder County Assessor - DEM","Cynthia Braddock",834,558,276,0
"815","2184907815","Boulder County Sheriff - DEM","Curtis Johnson",834,560,274,0
"815","2184907815","Boulder County Surveyor - DEM","Kayce D. W. Keane",834,552,282,0
"815","2184907815","Boulder County Coroner - DEM","Jeff Martin",834,553,281,0
"815","2184907815","Secretary of State - LBR","Sean Vadney",0,0,0,0
"815","2184907815","Secretary of State - LBR","Alex Astley",0,0,0,0
"815","2184907815","United States Senator - REP","Mark Baisley",49,35,14,0
"815","2184907815","Representative to the 120th United States Congress - District 2 - REP","Kelley Anne Dennison",49,18,12,0
"815","2184907815","Representative to the 120th United States Congress - District 2 - REP","Christina Blunt (Ducommun)",49,19,12,0
"815","2184907815","Governor - REP","Scott Bottoms",49,11,4,0
"815","2184907815","Governor - REP","Victor Marx",49,14,4,0
"815","2184907815","Governor - REP","Barb Kirkmeyer",49,20,4,0
"815","2184907815","Governor - REP","Kelvin ""K-Man"" Wimberly (Write-in Candidate)",49,0,4,0
"815","2184907815","Secretary of State - REP","James Wiley",49,34,15,0
"815","2184907815","State Treasurer - REP","Kevin Grantham",49,34,15,0
"815","2184907815","Attorney General - REP","Michael J. Allen",49,25,13,0
"815","2184907815","Attorney General - REP","David Willson",49,11,13,0
"815","2184907815","Regent of the University of Colorado - Congressional District 2 - REP","Marty Neilson",49,34,15,0
"815","2184907815","State Representative - District 49 - REP","Michael Sheperek",49,29,20,0
"815","2184907815","Boulder County Commissioner - District 3 - REP","There are no candidates for this office",49,0,49,0
"815","2184907815","Boulder County Clerk and Recorder - REP","There are no candidates for this office",49,0,49,0
"815","2184907815","Boulder County Treasurer - REP","There are no candidates for this office",49,0,49,0
"815","2184907815","Boulder County Assessor - REP","There are no candidates for this office",49,0,49,0
"815","2184907815","Boulder County Sheriff - REP","There are no candidates for this office",49,0,49,0
"815","2184907815","Boulder County Surveyor - REP","There are no candidates for this office",49,0,49,0
"815","2184907815","Boulder County Coroner - REP","There are no candidates for this office",49,0,49,0
"815","2184907815","Governor - UNI","Paul Noël Fiorino",0,0,0,0
"815","2184907815","Governor - UNI","Jeff Peckman",0,0,0,0
"816","2181007816","United States Senator - DEM","Julie Gonzales",630,276,10,0
"816","2181007816","United States Senator - DEM","John Hickenlooper",630,344,10,0
"816","2181007816","Representative to the 120th United States Congress - District 2 - DEM","Joe Neguse",630,550,80,0
"816","2181007816","Governor - DEM","Phil Weiser",630,421,16,0
"816","2181007816","Governor - DEM","Michael Bennet",630,193,16,0
"816","2181007816","Secretary of State - DEM","Amanda Gonzalez",630,332,120,0
"816","2181007816","Secretary of State - DEM","Jessie Danielson",630,178,120,0
"816","2181007816","State Treasurer - DEM","Jeff Bridges",630,452,178,0
"816","2181007816","Attorney General - DEM","Jena Griswold",630,130,26,1
"816","2181007816","Attorney General - DEM","David Seligman",630,117,26,1
"816","2181007816","Attorney General - DEM","Michael Dougherty",630,307,26,1
"816","2181007816","Attorney General - DEM","Hetal Doshi",630,49,26,1
"816","2181007816","Regent of the University of Colorado - Congressional District 2 - DEM","Kubs Lalchandani",630,156,83,1
"816","2181007816","Regent of the University of Colorado - Congressional District 2 - DEM","Edie Hooton",630,259,83,1
"816","2181007816","Regent of the University of Colorado - Congressional District 2 - DEM","Murray Smith",630,131,83,1
"816","2181007816","State Representative - District 10 - DEM","Junie Joseph",630,451,179,0
"816","2181007816","Boulder County Commissioner - District 3 - DEM","Ashley Stolzmann",630,436,194,0
"816","2181007816","Boulder County Clerk and Recorder - DEM","Molly Fitzpatrick",630,461,169,0
"816","2181007816","Boulder County Treasurer - DEM","Jenn Kaaoush",630,200,95,0
"816","2181007816","Boulder County Treasurer - DEM","Rachel Friend",630,335,95,0
"816","2181007816","Boulder County Assessor - DEM","Cynthia Braddock",630,421,209,0
"816","2181007816","Boulder County Sheriff - DEM","Curtis Johnson",630,427,203,0
"816","2181007816","Boulder County Surveyor - DEM","Kayce D. W. Keane",630,415,215,0
"816","2181007816","Boulder County Coroner - DEM","Jeff Martin",630,419,211,0
"816","2181007816","United States Senator - REP","Mark Baisley",33,26,7,0
"816","2181007816","Representative to the 120th United States Congress - District 2 - REP","Kelley Anne Dennison",33,17,6,0
"816","2181007816","Representative to the 120th United States Congress - District 2 - REP","Christina Blunt (Ducommun)",33,10,6,0
"816","2181007816","Governor - REP","Scott Bottoms",33,10,1,0
"816","2181007816","Governor - REP","Victor Marx",33,5,1,0
"816","2181007816","Governor - REP","Barb Kirkmeyer",33,17,1,0
"816","2181007816","Governor - REP","Kelvin ""K-Man"" Wimberly (Write-in Candidate)",33,0,1,0
"816","2181007816","Secretary of State - REP","James Wiley",33,25,8,0
"816","2181007816","State Treasurer - REP","Kevin Grantham",33,25,8,0
"816","2181007816","Attorney General - REP","Michael J. Allen",33,20,4,0
"816","2181007816","Attorney General - REP","David Willson",33,9,4,0
"816","2181007816","Regent of the University of Colorado - Congressional District 2 - REP","Marty Neilson",33,22,11,0
"816","2181007816","State Representative - District 10 - REP","There are no candidates for this office",33,0,33,0
"816","2181007816","Boulder County Commissioner - District 3 - REP","There are no candidates for this office",33,0,33,0
"816","2181007816","Boulder County Clerk and Recorder - REP","There are no candidates for this office",33,0,33,0
"816","2181007816","Boulder County Treasurer - REP","There are no candidates for this office",33,0,33,0
"816","2181007816","Boulder County Assessor - REP","There are no candidates for this office",33,0,33,0
"816","2181007816","Boulder County Sheriff - REP","There are no candidates for this office",33,0,33,0
"816","2181007816","Boulder County Surveyor - REP","There are no candidates for this office",33,0,33,0
"816","2181007816","Boulder County Coroner - REP","There are no candidates for this office",33,0,33,0
"816","2181007816","Governor - UNI","Paul Noël Fiorino",0,0,0,0
"816","2181007816","Governor - UNI","Jeff Peckman",0,0,0,0
"817","2181007817","United States Senator - DEM","Julie Gonzales",781,427,11,0
"817","2181007817","United States Senator - DEM","John Hickenlooper",781,343,11,0
"817","2181007817","Representative to the 120th United States Congress - District 2 - DEM","Joe Neguse",781,682,99,0
"817","2181007817","Governor - DEM","Phil Weiser",781,546,9,0
"817","2181007817","Governor - DEM","Michael Bennet",781,226,9,0
"817","2181007817","Secretary of State - DEM","Amanda Gonzalez",781,458,102,0
"817","2181007817","Secretary of State - DEM","Jessie Danielson",781,221,102,0
"817","2181007817","State Treasurer - DEM","Jeff Bridges",781,584,197,0
"817","2181007817","Attorney General - DEM","Jena Griswold",781,174,36,0
"817","2181007817","Attorney General - DEM","David Seligman",781,175,36,0
"817","2181007817","Attorney General - DEM","Michael Dougherty",781,292,36,0
"817","2181007817","Attorney General - DEM","Hetal Doshi",781,104,36,0
"817","2181007817","Regent of the University of Colorado - Congressional District 2 - DEM","Kubs Lalchandani",781,221,95,0
"817","2181007817","Regent of the University of Colorado - Congressional District 2 - DEM","Edie Hooton",781,276,95,0
"817","2181007817","Regent of the University of Colorado - Congressional District 2 - DEM","Murray Smith",781,189,95,0
"817","2181007817","State Representative - District 10 - DEM","Junie Joseph",781,595,186,0
"817","2181007817","Boulder County Commissioner - District 3 - DEM","Ashley Stolzmann",781,566,215,0
"817","2181007817","Boulder County Clerk and Recorder - DEM","Molly Fitzpatrick",781,594,187,0
"817","2181007817","Boulder County Treasurer - DEM","Jenn Kaaoush",781,275,127,0
"817","2181007817","Boulder County Treasurer - DEM","Rachel Friend",781,379,127,0
"817","2181007817","Boulder County Assessor - DEM","Cynthia Braddock",781,540,241,0
"817","2181007817","Boulder County Sheriff - DEM","Curtis Johnson",781,539,242,0
"817","2181007817","Boulder County Surveyor - DEM","Kayce D. W. Keane",781,538,243,0
"817","2181007817","Boulder County Coroner - DEM","Jeff Martin",781,539,242,0
"817","2181007817","Secretary of State - LBR","Sean Vadney",0,0,0,0
"817","2181007817","Secretary of State - LBR","Alex Astley",0,0,0,0
"817","2181007817","United States Senator - REP","Mark Baisley",42,35,7,0
"817","2181007817","Representative to the 120th United States Congress - District 2 - REP","Kelley Anne Dennison",42,24,10,0
"817","2181007817","Representative to the 120th United States Congress - District 2 - REP","Christina Blunt (Ducommun)",42,8,10,0
"817","2181007817","Governor - REP","Scott Bottoms",42,7,2,0
"817","2181007817","Governor - REP","Victor Marx",42,11,2,0
"817","2181007817","Governor - REP","Barb Kirkmeyer",42,22,2,0
"817","2181007817","Governor - REP","Kelvin ""K-Man"" Wimberly (Write-in Candidate)",42,0,2,0
"817","2181007817","Secretary of State - REP","James Wiley",42,34,8,0
"817","2181007817","State Treasurer - REP","Kevin Grantham",42,32,10,0
"817","2181007817","Attorney General - REP","Michael J. Allen",42,19,5,0
"817","2181007817","Attorney General - REP","David Willson",42,18,5,0
"817","2181007817","Regent of the University of Colorado - Congressional District 2 - REP","Marty Neilson",42,28,14,0
"817","2181007817","State Representative - District 10 - REP","There are no candidates for this office",42,0,42,0
"817","2181007817","Boulder County Commissioner - District 3 - REP","There are no candidates for this office",42,0,42,0
"817","2181007817","Boulder County Clerk and Recorder - REP","There are no candidates for this office",42,0,42,0
"817","2181007817","Boulder County Treasurer - REP","There are no candidates for this office",42,0,42,0
"817","2181007817","Boulder County Assessor - REP","There are no candidates for this office",42,0,42,0
"817","2181007817","Boulder County Sheriff - REP","There are no candidates for this office",42,0,42,0
"817","2181007817","Boulder County Surveyor - REP","There are no candidates for this office",42,0,42,0
"817","2181007817","Boulder County Coroner - REP","There are no candidates for this office",42,0,42,0
"817","2181007817","Governor - UNI","Paul Noël Fiorino",0,0,0,0
"817","2181007817","Governor - UNI","Jeff Peckman",0,0,0,0
"818","2181007818","United States Senator - DEM","Julie Gonzales",531,357,7,0
"818","2181007818","United States Senator - DEM","John Hickenlooper",531,167,7,0
"818","2181007818","Representative to the 120th United States Congress - District 2 - DEM","Joe Neguse",531,439,92,0
"818","2181007818","Governor - DEM","Phil Weiser",531,349,17,0
"818","2181007818","Governor - DEM","Michael Bennet",531,165,17,0
"818","2181007818","Secretary of State - DEM","Amanda Gonzalez",531,364,46,0
"818","2181007818","Secretary of State - DEM","Jessie Danielson",531,121,46,0
"818","2181007818","State Treasurer - DEM","Jeff Bridges",531,398,133,0
"818","2181007818","Attorney General - DEM","Jena Griswold",531,129,17,1
"818","2181007818","Attorney General - DEM","David Seligman",531,189,17,1
"818","2181007818","Attorney General - DEM","Michael Dougherty",531,135,17,1
"818","2181007818","Attorney General - DEM","Hetal Doshi",531,60,17,1
"818","2181007818","Regent of the University of Colorado - Congressional District 2 - DEM","Kubs Lalchandani",531,161,70,0
"818","2181007818","Regent of the University of Colorado - Congressional District 2 - DEM","Edie Hooton",531,146,70,0
"818","2181007818","Regent of the University of Colorado - Congressional District 2 - DEM","Murray Smith",531,154,70,0
"818","2181007818","State Representative - District 10 - DEM","Junie Joseph",531,409,122,0
"818","2181007818","Boulder County Commissioner - District 3 - DEM","Ashley Stolzmann",531,390,141,0
"818","2181007818","Boulder County Clerk and Recorder - DEM","Molly Fitzpatrick",531,397,134,0
"818","2181007818","Boulder County Treasurer - DEM","Jenn Kaaoush",531,243,64,0
"818","2181007818","Boulder County Treasurer - DEM","Rachel Friend",531,224,64,0
"818","2181007818","Boulder County Assessor - DEM","Cynthia Braddock",531,376,155,0
"818","2181007818","Boulder County Sheriff - DEM","Curtis Johnson",531,374,157,0
"818","2181007818","Boulder County Surveyor - DEM","Kayce D. W. Keane",531,376,155,0
"818","2181007818","Boulder County Coroner - DEM","Jeff Martin",531,376,155,0
"818","2181007818","United States Senator - REP","Mark Baisley",25,22,3,0
"818","2181007818","Representative to the 120th United States Congress - District 2 - REP","Kelley Anne Dennison",25,14,2,0
"818","2181007818","Representative to the 120th United States Congress - District 2 - REP","Christina Blunt (Ducommun)",25,9,2,0
"818","2181007818","Governor - REP","Scott Bottoms",25,3,1,0
"818","2181007818","Governor - REP","Victor Marx",25,10,1,0
"818","2181007818","Governor - REP","Barb Kirkmeyer",25,11,1,0
"818","2181007818","Governor - REP","Kelvin ""K-Man"" Wimberly (Write-in Candidate)",25,0,1,0
"818","2181007818","Secretary of State - REP","James Wiley",25,22,3,0
"818","2181007818","State Treasurer - REP","Kevin Grantham",25,21,4,0
"818","2181007818","Attorney General - REP","Michael J. Allen",25,12,1,0
"818","2181007818","Attorney General - REP","David Willson",25,12,1,0
"818","2181007818","Regent of the University of Colorado - Congressional District 2 - REP","Marty Neilson",25,21,4,0
"818","2181007818","State Representative - District 10 - REP","There are no candidates for this office",25,0,25,0
"818","2181007818","Boulder County Commissioner - District 3 - REP","There are no candidates for this office",25,0,25,0
"818","2181007818","Boulder County Clerk and Recorder - REP","There are no candidates for this office",25,0,25,0
"818","2181007818","Boulder County Treasurer - REP","There are no candidates for this office",25,0,25,0
"818","2181007818","Boulder County Assessor - REP","There are no candidates for this office",25,0,25,0
"818","2181007818","Boulder County Sheriff - REP","There are no candidates for this office",25,0,25,0
"818","2181007818","Boulder County Surveyor - REP","There are no candidates for this office",25,0,25,0
"818","2181007818","Boulder County Coroner - REP","There are no candidates for this office",25,0,25,0
"818","2181007818","Governor - UNI","Paul Noël Fiorino",0,0,0,0
"818","2181007818","Governor - UNI","Jeff Peckman",0,0,0,0
"819","2181007819","United States Senator - DEM","Julie Gonzales",593,304,9,0
"819","2181007819","United States Senator - DEM","John Hickenlooper",593,280,9,0
"819","2181007819","Representative to the 120th United States Congress - District 2 - DEM","Joe Neguse",593,516,77,0
"819","2181007819","Governor - DEM","Phil Weiser",593,374,22,0
"819","2181007819","Governor - DEM","Michael Bennet",593,197,22,0
"819","2181007819","Secretary of State - DEM","Amanda Gonzalez",593,350,80,0
"819","2181007819","Secretary of State - DEM","Jessie Danielson",593,163,80,0
"819","2181007819","State Treasurer - DEM","Jeff Bridges",593,439,154,0
"819","2181007819","Attorney General - DEM","Jena Griswold",593,145,34,0
"819","2181007819","Attorney General - DEM","David Seligman",593,145,34,0
"819","2181007819","Attorney General - DEM","Michael Dougherty",593,202,34,0
"819","2181007819","Attorney General - DEM","Hetal Doshi",593,67,34,0
"819","2181007819","Regent of the University of Colorado - Congressional District 2 - DEM","Kubs Lalchandani",593,131,96,0
"819","2181007819","Regent of the University of Colorado - Congressional District 2 - DEM","Edie Hooton",593,222,96,0
"819","2181007819","Regent of the University of Colorado - Congressional District 2 - DEM","Murray Smith",593,144,96,0
"819","2181007819","State Representative - District 10 - DEM","Junie Joseph",593,456,137,0
"819","2181007819","Boulder County Commissioner - District 3 - DEM","Ashley Stolzmann",593,438,155,0
"819","2181007819","Boulder County Clerk and Recorder - DEM","Molly Fitzpatrick",593,444,149,0
"819","2181007819","Boulder County Treasurer - DEM","Jenn Kaaoush",593,205,91,0
"819","2181007819","Boulder County Treasurer - DEM","Rachel Friend",593,297,91,0
"819","2181007819","Boulder County Assessor - DEM","Cynthia Braddock",593,412,181,0
"819","2181007819","Boulder County Sheriff - DEM","Curtis Johnson",593,413,180,0
"819","2181007819","Boulder County Surveyor - DEM","Kayce D. W. Keane",593,413,180,0
"819","2181007819","Boulder County Coroner - DEM","Jeff Martin",593,413,180,0
"819","2181007819","United States Senator - REP","Mark Baisley",33,21,12,0
"819","2181007819","Representative to the 120th United States Congress - District 2 - REP","Kelley Anne Dennison",33,13,8,0
"819","2181007819","Representative to the 120th United States Congress - District 2 - REP","Christina Blunt (Ducommun)",33,12,8,0
"819","2181007819","Governor - REP","Scott Bottoms",33,4,3,0
"819","2181007819","Governor - REP","Victor Marx",33,18,3,0
"819","2181007819","Governor - REP","Barb Kirkmeyer",33,8,3,0
"819","2181007819","Governor - REP","Kelvin ""K-Man"" Wimberly (Write-in Candidate)",33,0,3,0
"819","2181007819","Secretary of State - REP","James Wiley",33,22,11,0
"819","2181007819","State Treasurer - REP","Kevin Grantham",33,22,11,0
"819","2181007819","Attorney General - REP","Michael J. Allen",33,19,6,0
"819","2181007819","Attorney General - REP","David Willson",33,8,6,0
"819","2181007819","Regent of the University of Colorado - Congressional District 2 - REP","Marty Neilson",33,22,11,0
"819","2181007819","State Representative - District 10 - REP","There are no candidates for this office",33,0,33,0
"819","2181007819","Boulder County Commissioner - District 3 - REP","There are no candidates for this office",33,0,33,0
"819","2181007819","Boulder County Clerk and Recorder - REP","There are no candidates for this office",33,0,33,0
"819","2181007819","Boulder County Treasurer - REP","There are no candidates for this office",33,0,33,0
"819","2181007819","Boulder County Assessor - REP","There are no candidates for this office",33,0,33,0
"819","2181007819","Boulder County Sheriff - REP","There are no candidates for this office",33,0,33,0
"819","2181007819","Boulder County Surveyor - REP","There are no candidates for this office",33,0,33,0
"819","2181007819","Boulder County Coroner - REP","There are no candidates for this office",33,0,33,0
"819","2181007819","Governor - UNI","Paul Noël Fiorino",0,0,0,0
"819","2181007819","Governor - UNI","Jeff Peckman",0,0,0,0
"820","2181007820","United States Senator - DEM","Julie Gonzales",601,354,6,0
"820","2181007820","United States Senator - DEM","John Hickenlooper",601,241,6,0
"820","2181007820","Representative to the 120th United States Congress - District 2 - DEM","Joe Neguse",601,503,98,0
"820","2181007820","Governor - DEM","Phil Weiser",601,395,11,0
"820","2181007820","Governor - DEM","Michael Bennet",601,195,11,0
"820","2181007820","Secretary of State - DEM","Amanda Gonzalez",601,364,70,0
"820","2181007820","Secretary of State - DEM","Jessie Danielson",601,167,70,0
"820","2181007820","State Treasurer - DEM","Jeff Bridges",601,451,150,0
"820","2181007820","Attorney General - DEM","Jena Griswold",601,142,22,0
"820","2181007820","Attorney General - DEM","David Seligman",601,180,22,0
"820","2181007820","Attorney General - DEM","Michael Dougherty",601,169,22,0
"820","2181007820","Attorney General - DEM","Hetal Doshi",601,88,22,0
"820","2181007820","Regent of the University of Colorado - Congressional District 2 - DEM","Kubs Lalchandani",601,183,83,1
"820","2181007820","Regent of the University of Colorado - Congressional District 2 - DEM","Edie Hooton",601,178,83,1
"820","2181007820","Regent of the University of Colorado - Congressional District 2 - DEM","Murray Smith",601,156,83,1
"820","2181007820","State Representative - District 10 - DEM","Junie Joseph",601,461,140,0
"820","2181007820","Boulder County Commissioner - District 3 - DEM","Ashley Stolzmann",601,432,169,0
"820","2181007820","Boulder County Clerk and Recorder - DEM","Molly Fitzpatrick",601,444,157,0
"820","2181007820","Boulder County Treasurer - DEM","Jenn Kaaoush",601,234,81,0
"820","2181007820","Boulder County Treasurer - DEM","Rachel Friend",601,286,81,0
"820","2181007820","Boulder County Assessor - DEM","Cynthia Braddock",601,417,184,0
"820","2181007820","Boulder County Sheriff - DEM","Curtis Johnson",601,412,189,0
"820","2181007820","Boulder County Surveyor - DEM","Kayce D. W. Keane",601,414,187,0
"820","2181007820","Boulder County Coroner - DEM","Jeff Martin",601,414,187,0
"820","2181007820","Secretary of State - LBR","Sean Vadney",0,0,0,0
"820","2181007820","Secretary of State - LBR","Alex Astley",0,0,0,0
"820","2181007820","United States Senator - REP","Mark Baisley",45,39,6,0
"820","2181007820","Representative to the 120th United States Congress - District 2 - REP","Kelley Anne Dennison",45,19,6,0
"820","2181007820","Representative to the 120th United States Congress - District 2 - REP","Christina Blunt (Ducommun)",45,20,6,0
"820","2181007820","Governor - REP","Scott Bottoms",45,11,0,0
"820","2181007820","Governor - REP","Victor Marx",45,13,0,0
"820","2181007820","Governor - REP","Barb Kirkmeyer",45,21,0,0
"820","2181007820","Governor - REP","Kelvin ""K-Man"" Wimberly (Write-in Candidate)",45,0,0,0
"820","2181007820","Secretary of State - REP","James Wiley",45,39,6,0
"820","2181007820","State Treasurer - REP","Kevin Grantham",45,39,6,0
"820","2181007820","Attorney General - REP","Michael J. Allen",45,23,5,0
"820","2181007820","Attorney General - REP","David Willson",45,17,5,0
"820","2181007820","Regent of the University of Colorado - Congressional District 2 - REP","Marty Neilson",45,37,8,0
"820","2181007820","State Representative - District 10 - REP","There are no candidates for this office",45,0,45,0
"820","2181007820","Boulder County Commissioner - District 3 - REP","There are no candidates for this office",45,0,45,0
"820","2181007820","Boulder County Clerk and Recorder - REP","There are no candidates for this office",45,0,45,0
"820","2181007820","Boulder County Treasurer - REP","There are no candidates for this office",45,0,45,0
"820","2181007820","Boulder County Assessor - REP","There are no candidates for this office",45,0,45,0
"820","2181007820","Boulder County Sheriff - REP","There are no candidates for this office",45,0,45,0
"820","2181007820","Boulder County Surveyor - REP","There are no candidates for this office",45,0,45,0
"820","2181007820","Boulder County Coroner - REP","There are no candidates for this office",45,0,45,0
"820","2181007820","Governor - UNI","Paul Noël Fiorino",0,0,0,0
"820","2181007820","Governor - UNI","Jeff Peckman",0,0,0,0
"821","2181007821","United States Senator - DEM","Julie Gonzales",414,193,5,0
"821","2181007821","United States Senator - DEM","John Hickenlooper",414,216,5,0
"821","2181007821","Representative to the 120th United States Congress - District 2 - DEM","Joe Neguse",414,356,58,0
"821","2181007821","Governor - DEM","Phil Weiser",414,268,13,0
"821","2181007821","Governor - DEM","Michael Bennet",414,133,13,0
"821","2181007821","Secretary of State - DEM","Amanda Gonzalez",414,225,64,0
"821","2181007821","Secretary of State - DEM","Jessie Danielson",414,125,64,0
"821","2181007821","State Treasurer - DEM","Jeff Bridges",414,303,111,0
"821","2181007821","Attorney General - DEM","Jena Griswold",414,97,17,0
"821","2181007821","Attorney General - DEM","David Seligman",414,70,17,0
"821","2181007821","Attorney General - DEM","Michael Dougherty",414,182,17,0
"821","2181007821","Attorney General - DEM","Hetal Doshi",414,48,17,0
"821","2181007821","Regent of the University of Colorado - Congressional District 2 - DEM","Kubs Lalchandani",414,121,49,0
"821","2181007821","Regent of the University of Colorado - Congressional District 2 - DEM","Edie Hooton",414,164,49,0
"821","2181007821","Regent of the University of Colorado - Congressional District 2 - DEM","Murray Smith",414,80,49,0
"821","2181007821","State Representative - District 10 - DEM","Junie Joseph",414,305,109,0
"821","2181007821","Boulder County Commissioner - District 3 - DEM","Ashley Stolzmann",414,292,122,0
"821","2181007821","Boulder County Clerk and Recorder - DEM","Molly Fitzpatrick",414,302,112,0
"821","2181007821","Boulder County Treasurer - DEM","Jenn Kaaoush",414,135,68,0
"821","2181007821","Boulder County Treasurer - DEM","Rachel Friend",414,211,68,0
"821","2181007821","Boulder County Assessor - DEM","Cynthia Braddock",414,279,135,0
"821","2181007821","Boulder County Sheriff - DEM","Curtis Johnson",414,274,140,0
"821","2181007821","Boulder County Surveyor - DEM","Kayce D. W. Keane",414,275,139,0
"821","2181007821","Boulder County Coroner - DEM","Jeff Martin",414,280,134,0
"821","2181007821","Secretary of State - LBR","Sean Vadney",0,0,0,0
"821","2181007821","Secretary of State - LBR","Alex Astley",0,0,0,0
"821","2181007821","United States Senator - REP","Mark Baisley",19,12,7,0
"821","2181007821","Representative to the 120th United States Congress - District 2 - REP","Kelley Anne Dennison",19,6,4,0
"821","2181007821","Representative to the 120th United States Congress - District 2 - REP","Christina Blunt (Ducommun)",19,9,4,0
"821","2181007821","Governor - REP","Scott Bottoms",19,7,0,0
"821","2181007821","Governor - REP","Victor Marx",19,3,0,0
"821","2181007821","Governor - REP","Barb Kirkmeyer",19,9,0,0
"821","2181007821","Governor - REP","Kelvin ""K-Man"" Wimberly (Write-in Candidate)",19,0,0,0
"821","2181007821","Secretary of State - REP","James Wiley",19,12,7,0
"821","2181007821","State Treasurer - REP","Kevin Grantham",19,12,7,0
"821","2181007821","Attorney General - REP","Michael J. Allen",19,10,3,0
"821","2181007821","Attorney General - REP","David Willson",19,6,3,0
"821","2181007821","Regent of the University of Colorado - Congressional District 2 - REP","Marty Neilson",19,12,7,0
"821","2181007821","State Representative - District 10 - REP","There are no candidates for this office",19,0,19,0
"821","2181007821","Boulder County Commissioner - District 3 - REP","There are no candidates for this office",19,0,19,0
"821","2181007821","Boulder County Clerk and Recorder - REP","There are no candidates for this office",19,0,19,0
"821","2181007821","Boulder County Treasurer - REP","There are no candidates for this office",19,0,19,0
"821","2181007821","Boulder County Assessor - REP","There are no candidates for this office",19,0,19,0
"821","2181007821","Boulder County Sheriff - REP","There are no candidates for this office",19,0,19,0
"821","2181007821","Boulder County Surveyor - REP","There are no candidates for this office",19,0,19,0
"821","2181007821","Boulder County Coroner - REP","There are no candidates for this office",19,0,19,0
"821","2181007821","Governor - UNI","Paul Noël Fiorino",0,0,0,0
"821","2181007821","Governor - UNI","Jeff Peckman",0,0,0,0
"822","2181007822","United States Senator - DEM","Julie Gonzales",505,255,6,0
"822","2181007822","United States Senator - DEM","John Hickenlooper",505,244,6,0
"822","2181007822","Representative to the 120th United States Congress - District 2 - DEM","Joe Neguse",505,442,63,0
"822","2181007822","Governor - DEM","Phil Weiser",505,342,10,0
"822","2181007822","Governor - DEM","Michael Bennet",505,153,10,0
"822","2181007822","Secretary of State - DEM","Amanda Gonzalez",505,286,68,0
"822","2181007822","Secretary of State - DEM","Jessie Danielson",505,151,68,0
"822","2181007822","State Treasurer - DEM","Jeff Bridges",505,365,140,0
"822","2181007822","Attorney General - DEM","Jena Griswold",505,103,16,0
"822","2181007822","Attorney General - DEM","David Seligman",505,132,16,0
"822","2181007822","Attorney General - DEM","Michael Dougherty",505,206,16,0
"822","2181007822","Attorney General - DEM","Hetal Doshi",505,48,16,0
"822","2181007822","Regent of the University of Colorado - Congressional District 2 - DEM","Kubs Lalchandani",505,127,65,0
"822","2181007822","Regent of the University of Colorado - Congressional District 2 - DEM","Edie Hooton",505,188,65,0
"822","2181007822","Regent of the University of Colorado - Congressional District 2 - DEM","Murray Smith",505,125,65,0
"822","2181007822","State Representative - District 10 - DEM","Junie Joseph",505,365,140,0
"822","2181007822","Boulder County Commissioner - District 3 - DEM","Ashley Stolzmann",505,348,157,0
"822","2181007822","Boulder County Clerk and Recorder - DEM","Molly Fitzpatrick",505,367,138,0
"822","2181007822","Boulder County Treasurer - DEM","Jenn Kaaoush",505,187,91,0
"822","2181007822","Boulder County Treasurer - DEM","Rachel Friend",505,227,91,0
"822","2181007822","Boulder County Assessor - DEM","Cynthia Braddock",505,326,179,0
"822","2181007822","Boulder County Sheriff - DEM","Curtis Johnson",505,326,179,0
"822","2181007822","Boulder County Surveyor - DEM","Kayce D. W. Keane",505,325,180,0
"822","2181007822","Boulder County Coroner - DEM","Jeff Martin",505,324,181,0
"822","2181007822","Secretary of State - LBR","Sean Vadney",0,0,0,0
"822","2181007822","Secretary of State - LBR","Alex Astley",0,0,0,0
"822","2181007822","United States Senator - REP","Mark Baisley",24,19,5,0
"822","2181007822","Representative to the 120th United States Congress - District 2 - REP","Kelley Anne Dennison",24,13,3,0
"822","2181007822","Representative to the 120th United States Congress - District 2 - REP","Christina Blunt (Ducommun)",24,8,3,0
"822","2181007822","Governor - REP","Scott Bottoms",24,11,0,0
"822","2181007822","Governor - REP","Victor Marx",24,3,0,0
"822","2181007822","Governor - REP","Barb Kirkmeyer",24,10,0,0
"822","2181007822","Governor - REP","Kelvin ""K-Man"" Wimberly (Write-in Candidate)",24,0,0,0
"822","2181007822","Secretary of State - REP","James Wiley",24,20,4,0
"822","2181007822","State Treasurer - REP","Kevin Grantham",24,19,5,0
"822","2181007822","Attorney General - REP","Michael J. Allen",24,13,2,0
"822","2181007822","Attorney General - REP","David Willson",24,9,2,0
"822","2181007822","Regent of the University of Colorado - Congressional District 2 - REP","Marty Neilson",24,18,6,0
"822","2181007822","State Representative - District 10 - REP","There are no candidates for this office",24,0,24,0
"822","2181007822","Boulder County Commissioner - District 3 - REP","There are no candidates for this office",24,0,24,0
"822","2181007822","Boulder County Clerk and Recorder - REP","There are no candidates for this office",24,0,24,0
"822","2181007822","Boulder County Treasurer - REP","There are no candidates for this office",24,0,24,0
"822","2181007822","Boulder County Assessor - REP","There are no candidates for this office",24,0,24,0
"822","2181007822","Boulder County Sheriff - REP","There are no candidates for this office",24,0,24,0
"822","2181007822","Boulder County Surveyor - REP","There are no candidates for this office",24,0,24,0
"822","2181007822","Boulder County Coroner - REP","There are no candidates for this office",24,0,24,0
"822","2181007822","Governor - UNI","Paul Noël Fiorino",0,0,0,0
"822","2181007822","Governor - UNI","Jeff Peckman",0,0,0,0
"823","2181007823","United States Senator - DEM","Julie Gonzales",278,187,1,0
"823","2181007823","United States Senator - DEM","John Hickenlooper",278,90,1,0
"823","2181007823","Representative to the 120th United States Congress - District 2 - DEM","Joe Neguse",278,216,62,0
"823","2181007823","Governor - DEM","Phil Weiser",278,194,7,0
"823","2181007823","Governor - DEM","Michael Bennet",278,77,7,0
"823","2181007823","Secretary of State - DEM","Amanda Gonzalez",278,187,16,0
"823","2181007823","Secretary of State - DEM","Jessie Danielson",278,75,16,0
"823","2181007823","State Treasurer - DEM","Jeff Bridges",278,211,67,0
"823","2181007823","Attorney General - DEM","Jena Griswold",278,52,10,0
"823","2181007823","Attorney General - DEM","David Seligman",278,118,10,0
"823","2181007823","Attorney General - DEM","Michael Dougherty",278,62,10,0
"823","2181007823","Attorney General - DEM","Hetal Doshi",278,36,10,0
"823","2181007823","Regent of the University of Colorado - Congressional District 2 - DEM","Kubs Lalchandani",278,87,16,0
"823","2181007823","Regent of the University of Colorado - Congressional District 2 - DEM","Edie Hooton",278,63,16,0
"823","2181007823","Regent of the University of Colorado - Congressional District 2 - DEM","Murray Smith",278,112,16,0
"823","2181007823","State Representative - District 10 - DEM","Junie Joseph",278,209,69,0
"823","2181007823","Boulder County Commissioner - District 3 - DEM","Ashley Stolzmann",278,204,74,0
"823","2181007823","Boulder County Clerk and Recorder - DEM","Molly Fitzpatrick",278,205,73,0
"823","2181007823","Boulder County Treasurer - DEM","Jenn Kaaoush",278,122,29,0
"823","2181007823","Boulder County Treasurer - DEM","Rachel Friend",278,127,29,0
"823","2181007823","Boulder County Assessor - DEM","Cynthia Braddock",278,200,78,0
"823","2181007823","Boulder County Sheriff - DEM","Curtis Johnson",278,196,82,0
"823","2181007823","Boulder County Surveyor - DEM","Kayce D. W. Keane",278,199,79,0
"823","2181007823","Boulder County Coroner - DEM","Jeff Martin",278,199,79,0
"823","2181007823","Governor - UNI","Paul Noël Fiorino",0,0,0,0
"823","2181007823","Governor - UNI","Jeff Peckman",0,0,0,0
"824","2181007824","United States Senator - DEM","Julie Gonzales",300,179,4,0
"824","2181007824","United States Senator - DEM","John Hickenlooper",300,117,4,0
"824","2181007824","Representative to the 120th United States Congress - District 2 - DEM","Joe Neguse",300,251,49,0
"824","2181007824","Governor - DEM","Phil Weiser",300,201,4,0
"824","2181007824","Governor - DEM","Michael Bennet",300,95,4,0
"824","2181007824","Secretary of State - DEM","Amanda Gonzalez",300,176,36,0
"824","2181007824","Secretary of State - DEM","Jessie Danielson",300,88,36,0
"824","2181007824","State Treasurer - DEM","Jeff Bridges",300,222,78,0
"824","2181007824","Attorney General - DEM","Jena Griswold",300,62,11,0
"824","2181007824","Attorney General - DEM","David Seligman",300,93,11,0
"824","2181007824","Attorney General - DEM","Michael Dougherty",300,102,11,0
"824","2181007824","Attorney General - DEM","Hetal Doshi",300,32,11,0
"824","2181007824","Regent of the University of Colorado - Congressional District 2 - DEM","Kubs Lalchandani",300,81,42,0
"824","2181007824","Regent of the University of Colorado - Congressional District 2 - DEM","Edie Hooton",300,89,42,0
"824","2181007824","Regent of the University of Colorado - Congressional District 2 - DEM","Murray Smith",300,88,42,0
"824","2181007824","State Representative - District 10 - DEM","Junie Joseph",300,223,77,0
"824","2181007824","Boulder County Commissioner - District 3 - DEM","Ashley Stolzmann",300,211,89,0
"824","2181007824","Boulder County Clerk and Recorder - DEM","Molly Fitzpatrick",300,215,85,0
"824","2181007824","Boulder County Treasurer - DEM","Jenn Kaaoush",300,120,40,0
"824","2181007824","Boulder County Treasurer - DEM","Rachel Friend",300,140,40,0
"824","2181007824","Boulder County Assessor - DEM","Cynthia Braddock",300,204,96,0
"824","2181007824","Boulder County Sheriff - DEM","Curtis Johnson",300,201,99,0
"824","2181007824","Boulder County Surveyor - DEM","Kayce D. W. Keane",300,197,103,0
"824","2181007824","Boulder County Coroner - DEM","Jeff Martin",300,200,100,0
"824","2181007824","United States Senator - REP","Mark Baisley",13,12,1,0
"824","2181007824","Representative to the 120th United States Congress - District 2 - REP","Kelley Anne Dennison",13,6,3,0
"824","2181007824","Representative to the 120th United States Congress - District 2 - REP","Christina Blunt (Ducommun)",13,4,3,0
"824","2181007824","Governor - REP","Scott Bottoms",13,2,0,0
"824","2181007824","Governor - REP","Victor Marx",13,6,0,0
"824","2181007824","Governor - REP","Barb Kirkmeyer",13,5,0,0
"824","2181007824","Governor - REP","Kelvin ""K-Man"" Wimberly (Write-in Candidate)",13,0,0,0
"824","2181007824","Secretary of State - REP","James Wiley",13,12,1,0
"824","2181007824","State Treasurer - REP","Kevin Grantham",13,11,2,0
"824","2181007824","Attorney General - REP","Michael J. Allen",13,5,3,0
"824","2181007824","Attorney General - REP","David Willson",13,5,3,0
"824","2181007824","Regent of the University of Colorado - Congressional District 2 - REP","Marty Neilson",13,11,2,0
"824","2181007824","State Representative - District 10 - REP","There are no candidates for this office",13,0,13,0
"824","2181007824","Boulder County Commissioner - District 3 - REP","There are no candidates for this office",13,0,13,0
"824","2181007824","Boulder County Clerk and Recorder - REP","There are no candidates for this office",13,0,13,0
"824","2181007824","Boulder County Treasurer - REP","There are no candidates for this office",13,0,13,0
"824","2181007824","Boulder County Assessor - REP","There are no candidates for this office",13,0,13,0
"824","2181007824","Boulder County Sheriff - REP","There are no candidates for this office",13,0,13,0
"824","2181007824","Boulder County Surveyor - REP","There are no candidates for this office",13,0,13,0
"824","2181007824","Boulder County Coroner - REP","There are no candidates for this office",13,0,13,0
"824","2181007824","Governor - UNI","Paul Noël Fiorino",0,0,0,0
"824","2181007824","Governor - UNI","Jeff Peckman",0,0,0,0
"825","2181007825","United States Senator - DEM","Julie Gonzales",750,368,12,0
"825","2181007825","United States Senator - DEM","John Hickenlooper",750,370,12,0
"825","2181007825","Representative to the 120th United States Congress - District 2 - DEM","Joe Neguse",750,636,114,0
"825","2181007825","Governor - DEM","Phil Weiser",750,516,19,0
"825","2181007825","Governor - DEM","Michael Bennet",750,215,19,0
"825","2181007825","Secretary of State - DEM","Amanda Gonzalez",750,380,123,0
"825","2181007825","Secretary of State - DEM","Jessie Danielson",750,247,123,0
"825","2181007825","State Treasurer - DEM","Jeff Bridges",750,529,221,0
"825","2181007825","Attorney General - DEM","Jena Griswold",750,149,27,0
"825","2181007825","Attorney General - DEM","David Seligman",750,154,27,0
"825","2181007825","Attorney General - DEM","Michael Dougherty",750,340,27,0
"825","2181007825","Attorney General - DEM","Hetal Doshi",750,80,27,0
"825","2181007825","Regent of the University of Colorado - Congressional District 2 - DEM","Kubs Lalchandani",750,221,94,0
"825","2181007825","Regent of the University of Colorado - Congressional District 2 - DEM","Edie Hooton",750,272,94,0
"825","2181007825","Regent of the University of Colorado - Congressional District 2 - DEM","Murray Smith",750,163,94,0
"825","2181007825","State Representative - District 10 - DEM","Junie Joseph",750,522,228,0
"825","2181007825","Boulder County Commissioner - District 3 - DEM","Ashley Stolzmann",750,508,242,0
"825","2181007825","Boulder County Clerk and Recorder - DEM","Molly Fitzpatrick",750,528,222,0
"825","2181007825","Boulder County Treasurer - DEM","Jenn Kaaoush",750,274,110,0
"825","2181007825","Boulder County Treasurer - DEM","Rachel Friend",750,366,110,0
"825","2181007825","Boulder County Assessor - DEM","Cynthia Braddock",750,495,255,0
"825","2181007825","Boulder County Sheriff - DEM","Curtis Johnson",750,494,256,0
"825","2181007825","Boulder County Surveyor - DEM","Kayce D. W. Keane",750,491,259,0
"825","2181007825","Boulder County Coroner - DEM","Jeff Martin",750,489,261,0
"825","2181007825","United States Senator - REP","Mark Baisley",37,26,11,0
"825","2181007825","Representative to the 120th United States Congress - District 2 - REP","Kelley Anne Dennison",37,17,12,0
"825","2181007825","Representative to the 120th United States Congress - District 2 - REP","Christina Blunt (Ducommun)",37,8,12,0
"825","2181007825","Governor - REP","Scott Bottoms",37,9,1,0
"825","2181007825","Governor - REP","Victor Marx",37,5,1,0
"825","2181007825","Governor - REP","Barb Kirkmeyer",37,22,1,0
"825","2181007825","Governor - REP","Kelvin ""K-Man"" Wimberly (Write-in Candidate)",37,0,1,0
"825","2181007825","Secretary of State - REP","James Wiley",37,25,12,0
"825","2181007825","State Treasurer - REP","Kevin Grantham",37,24,13,0
"825","2181007825","Attorney General - REP","Michael J. Allen",37,20,5,0
"825","2181007825","Attorney General - REP","David Willson",37,12,5,0
"825","2181007825","Regent of the University of Colorado - Congressional District 2 - REP","Marty Neilson",37,25,12,0
"825","2181007825","State Representative - District 10 - REP","There are no candidates for this office",37,0,37,0
"825","2181007825","Boulder County Commissioner - District 3 - REP","There are no candidates for this office",37,0,37,0
"825","2181007825","Boulder County Clerk and Recorder - REP","There are no candidates for this office",37,0,37,0
"825","2181007825","Boulder County Treasurer - REP","There are no candidates for this office",37,0,37,0
"825","2181007825","Boulder County Assessor - REP","There are no candidates for this office",37,0,37,0
"825","2181007825","Boulder County Sheriff - REP","There are no candidates for this office",37,0,37,0
"825","2181007825","Boulder County Surveyor - REP","There are no candidates for this office",37,0,37,0
"825","2181007825","Boulder County Coroner - REP","There are no candidates for this office",37,0,37,0
"825","2181007825","Governor - UNI","Paul Noël Fiorino",0,0,0,0
"825","2181007825","Governor - UNI","Jeff Peckman",0,0,0,0
"826","2181007826","United States Senator - DEM","Julie Gonzales",286,154,6,0
"826","2181007826","United States Senator - DEM","John Hickenlooper",286,126,6,0
"826","2181007826","Representative to the 120th United States Congress - District 2 - DEM","Joe Neguse",286,246,40,0
"826","2181007826","Governor - DEM","Phil Weiser",286,194,2,0
"826","2181007826","Governor - DEM","Michael Bennet",286,90,2,0
"826","2181007826","Secretary of State - DEM","Amanda Gonzalez",286,152,42,0
"826","2181007826","Secretary of State - DEM","Jessie Danielson",286,92,42,0
"826","2181007826","State Treasurer - DEM","Jeff Bridges",286,208,78,0
"826","2181007826","Attorney General - DEM","Jena Griswold",286,69,17,0
"826","2181007826","Attorney General - DEM","David Seligman",286,62,17,0
"826","2181007826","Attorney General - DEM","Michael Dougherty",286,94,17,0
"826","2181007826","Attorney General - DEM","Hetal Doshi",286,44,17,0
"826","2181007826","Regent of the University of Colorado - Congressional District 2 - DEM","Kubs Lalchandani",286,87,45,0
"826","2181007826","Regent of the University of Colorado - Congressional District 2 - DEM","Edie Hooton",286,81,45,0
"826","2181007826","Regent of the University of Colorado - Congressional District 2 - DEM","Murray Smith",286,73,45,0
"826","2181007826","State Representative - District 10 - DEM","Junie Joseph",286,205,81,0
"826","2181007826","Boulder County Commissioner - District 3 - DEM","Ashley Stolzmann",286,198,88,0
"826","2181007826","Boulder County Clerk and Recorder - DEM","Molly Fitzpatrick",286,214,72,0
"826","2181007826","Boulder County Treasurer - DEM","Jenn Kaaoush",286,104,47,0
"826","2181007826","Boulder County Treasurer - DEM","Rachel Friend",286,135,47,0
"826","2181007826","Boulder County Assessor - DEM","Cynthia Braddock",286,191,95,0
"826","2181007826","Boulder County Sheriff - DEM","Curtis Johnson",286,190,96,0
"826","2181007826","Boulder County Surveyor - DEM","Kayce D. W. Keane",286,192,94,0
"826","2181007826","Boulder County Coroner - DEM","Jeff Martin",286,192,94,0
"826","2181007826","Secretary of State - LBR","Sean Vadney",0,0,0,0
"826","2181007826","Secretary of State - LBR","Alex Astley",0,0,0,0
"826","2181007826","United States Senator - REP","Mark Baisley",15,14,1,0
"826","2181007826","Representative to the 120th United States Congress - District 2 - REP","Kelley Anne Dennison",15,8,3,0
"826","2181007826","Representative to the 120th United States Congress - District 2 - REP","Christina Blunt (Ducommun)",15,4,3,0
"826","2181007826","Governor - REP","Scott Bottoms",15,3,0,0
"826","2181007826","Governor - REP","Victor Marx",15,4,0,0
"826","2181007826","Governor - REP","Barb Kirkmeyer",15,8,0,0
"826","2181007826","Governor - REP","Kelvin ""K-Man"" Wimberly (Write-in Candidate)",15,0,0,0
"826","2181007826","Secretary of State - REP","James Wiley",15,14,1,0
"826","2181007826","State Treasurer - REP","Kevin Grantham",15,13,2,0
"826","2181007826","Attorney General - REP","Michael J. Allen",15,7,1,0
"826","2181007826","Attorney General - REP","David Willson",15,7,1,0
"826","2181007826","Regent of the University of Colorado - Congressional District 2 - REP","Marty Neilson",15,11,4,0
"826","2181007826","State Representative - District 10 - REP","There are no candidates for this office",15,0,15,0
"826","2181007826","Boulder County Commissioner - District 3 - REP","There are no candidates for this office",15,0,15,0
"826","2181007826","Boulder County Clerk and Recorder - REP","There are no candidates for this office",15,0,15,0
"826","2181007826","Boulder County Treasurer - REP","There are no candidates for this office",15,0,15,0
"826","2181007826","Boulder County Assessor - REP","There are no candidates for this office",15,0,15,0
"826","2181007826","Boulder County Sheriff - REP","There are no candidates for this office",15,0,15,0
"826","2181007826","Boulder County Surveyor - REP","There are no candidates for this office",15,0,15,0
"826","2181007826","Boulder County Coroner - REP","There are no candidates for this office",15,0,15,0
"826","2181007826","Governor - UNI","Paul Noël Fiorino",0,0,0,0
"826","2181007826","Governor - UNI","Jeff Peckman",0,0,0,0
"827","2184907827","United States Senator - DEM","Julie Gonzales",763,314,8,0
"827","2184907827","United States Senator - DEM","John Hickenlooper",763,441,8,0
"827","2184907827","Representative to the 120th United States Congress - District 2 - DEM","Joe Neguse",763,665,98,0
"827","2184907827","Governor - DEM","Phil Weiser",763,491,15,0
"827","2184907827","Governor - DEM","Michael Bennet",763,257,15,0
"827","2184907827","Secretary of State - DEM","Amanda Gonzalez",763,379,128,0
"827","2184907827","Secretary of State - DEM","Jessie Danielson",763,256,128,0
"827","2184907827","State Treasurer - DEM","Jeff Bridges",763,579,184,0
"827","2184907827","Attorney General - DEM","Jena Griswold",763,178,33,0
"827","2184907827","Attorney General - DEM","David Seligman",763,104,33,0
"827","2184907827","Attorney General - DEM","Michael Dougherty",763,372,33,0
"827","2184907827","Attorney General - DEM","Hetal Doshi",763,76,33,0
"827","2184907827","Regent of the University of Colorado - Congressional District 2 - DEM","Kubs Lalchandani",763,232,104,2
"827","2184907827","Regent of the University of Colorado - Congressional District 2 - DEM","Edie Hooton",763,309,104,2
"827","2184907827","Regent of the University of Colorado - Congressional District 2 - DEM","Murray Smith",763,116,104,2
"827","2184907827","State Representative - District 49 - DEM","Lesley Smith",763,563,200,0
"827","2184907827","Boulder County Commissioner - District 3 - DEM","Ashley Stolzmann",763,566,197,0
"827","2184907827","Boulder County Clerk and Recorder - DEM","Molly Fitzpatrick",763,584,179,0
"827","2184907827","Boulder County Treasurer - DEM","Jenn Kaaoush",763,238,114,0
"827","2184907827","Boulder County Treasurer - DEM","Rachel Friend",763,411,114,0
"827","2184907827","Boulder County Assessor - DEM","Cynthia Braddock",763,538,225,0
"827","2184907827","Boulder County Sheriff - DEM","Curtis Johnson",763,544,219,0
"827","2184907827","Boulder County Surveyor - DEM","Kayce D. W. Keane",763,535,228,0
"827","2184907827","Boulder County Coroner - DEM","Jeff Martin",763,539,224,0
"827","2184907827","United States Senator - REP","Mark Baisley",31,26,5,0
"827","2184907827","Representative to the 120th United States Congress - District 2 - REP","Kelley Anne Dennison",31,25,5,0
"827","2184907827","Representative to the 120th United States Congress - District 2 - REP","Christina Blunt (Ducommun)",31,1,5,0
"827","2184907827","Governor - REP","Scott Bottoms",31,7,2,0
"827","2184907827","Governor - REP","Victor Marx",31,8,2,0
"827","2184907827","Governor - REP","Barb Kirkmeyer",31,14,2,0
"827","2184907827","Governor - REP","Kelvin ""K-Man"" Wimberly (Write-in Candidate)",31,0,2,0
"827","2184907827","Secretary of State - REP","James Wiley",31,25,6,0
"827","2184907827","State Treasurer - REP","Kevin Grantham",31,25,6,0
"827","2184907827","Attorney General - REP","Michael J. Allen",31,19,3,0
"827","2184907827","Attorney General - REP","David Willson",31,9,3,0
"827","2184907827","Regent of the University of Colorado - Congressional District 2 - REP","Marty Neilson",31,26,5,0
"827","2184907827","State Representative - District 49 - REP","Michael Sheperek",31,24,7,0
"827","2184907827","Boulder County Commissioner - District 3 - REP","There are no candidates for this office",31,0,31,0
"827","2184907827","Boulder County Clerk and Recorder - REP","There are no candidates for this office",31,0,31,0
"827","2184907827","Boulder County Treasurer - REP","There are no candidates for this office",31,0,31,0
"827","2184907827","Boulder County Assessor - REP","There are no candidates for this office",31,0,31,0
"827","2184907827","Boulder County Sheriff - REP","There are no candidates for this office",31,0,31,0
"827","2184907827","Boulder County Surveyor - REP","There are no candidates for this office",31,0,31,0
"827","2184907827","Boulder County Coroner - REP","There are no candidates for this office",31,0,31,0
"827","2184907827","Governor - UNI","Paul Noël Fiorino",0,0,0,0
"827","2184907827","Governor - UNI","Jeff Peckman",0,0,0,0
"828","2184907828","United States Senator - DEM","Julie Gonzales",298,126,9,1
"828","2184907828","United States Senator - DEM","John Hickenlooper",298,162,9,1
"828","2184907828","Representative to the 120th United States Congress - District 2 - DEM","Joe Neguse",298,247,51,0
"828","2184907828","Governor - DEM","Phil Weiser",298,196,4,0
"828","2184907828","Governor - DEM","Michael Bennet",298,98,4,0
"828","2184907828","Secretary of State - DEM","Amanda Gonzalez",298,147,49,0
"828","2184907828","Secretary of State - DEM","Jessie Danielson",298,102,49,0
"828","2184907828","State Treasurer - DEM","Jeff Bridges",298,205,93,0
"828","2184907828","Attorney General - DEM","Jena Griswold",298,82,9,0
"828","2184907828","Attorney General - DEM","David Seligman",298,46,9,0
"828","2184907828","Attorney General - DEM","Michael Dougherty",298,138,9,0
"828","2184907828","Attorney General - DEM","Hetal Doshi",298,23,9,0
"828","2184907828","Regent of the University of Colorado - Congressional District 2 - DEM","Kubs Lalchandani",298,101,42,0
"828","2184907828","Regent of the University of Colorado - Congressional District 2 - DEM","Edie Hooton",298,95,42,0
"828","2184907828","Regent of the University of Colorado - Congressional District 2 - DEM","Murray Smith",298,60,42,0
"828","2184907828","State Representative - District 49 - DEM","Lesley Smith",298,203,95,0
"828","2184907828","Boulder County Commissioner - District 3 - DEM","Ashley Stolzmann",298,213,85,0
"828","2184907828","Boulder County Clerk and Recorder - DEM","Molly Fitzpatrick",298,216,82,0
"828","2184907828","Boulder County Treasurer - DEM","Jenn Kaaoush",298,100,42,0
"828","2184907828","Boulder County Treasurer - DEM","Rachel Friend",298,156,42,0
"828","2184907828","Boulder County Assessor - DEM","Cynthia Braddock",298,199,99,0
"828","2184907828","Boulder County Sheriff - DEM","Curtis Johnson",298,201,97,0
"828","2184907828","Boulder County Surveyor - DEM","Kayce D. W. Keane",298,198,100,0
"828","2184907828","Boulder County Coroner - DEM","Jeff Martin",298,198,100,0
"828","2184907828","United States Senator - REP","Mark Baisley",18,16,2,0
"828","2184907828","Representative to the 120th United States Congress - District 2 - REP","Kelley Anne Dennison",18,10,4,0
"828","2184907828","Representative to the 120th United States Congress - District 2 - REP","Christina Blunt (Ducommun)",18,4,4,0
"828","2184907828","Governor - REP","Scott Bottoms",18,1,1,0
"828","2184907828","Governor - REP","Victor Marx",18,6,1,0
"828","2184907828","Governor - REP","Barb Kirkmeyer",18,10,1,0
"828","2184907828","Governor - REP","Kelvin ""K-Man"" Wimberly (Write-in Candidate)",18,0,1,0
"828","2184907828","Secretary of State - REP","James Wiley",18,13,5,0
"828","2184907828","State Treasurer - REP","Kevin Grantham",18,13,5,0
"828","2184907828","Attorney General - REP","Michael J. Allen",18,7,3,0
"828","2184907828","Attorney General - REP","David Willson",18,8,3,0
"828","2184907828","Regent of the University of Colorado - Congressional District 2 - REP","Marty Neilson",18,13,5,0
"828","2184907828","State Representative - District 49 - REP","Michael Sheperek",18,11,7,0
"828","2184907828","Boulder County Commissioner - District 3 - REP","There are no candidates for this office",18,0,18,0
"828","2184907828","Boulder County Clerk and Recorder - REP","There are no candidates for this office",18,0,18,0
"828","2184907828","Boulder County Treasurer - REP","There are no candidates for this office",18,0,18,0
"828","2184907828","Boulder County Assessor - REP","There are no candidates for this office",18,0,18,0
"828","2184907828","Boulder County Sheriff - REP","There are no candidates for this office",18,0,18,0
"828","2184907828","Boulder County Surveyor - REP","There are no candidates for this office",18,0,18,0
"828","2184907828","Boulder County Coroner - REP","There are no candidates for this office",18,0,18,0
"828","2184907828","Governor - UNI","Paul Noël Fiorino",0,0,0,0
"828","2184907828","Governor - UNI","Jeff Peckman",0,0,0,0
"829","2181007829","United States Senator - DEM","Julie Gonzales",375,190,8,0
"829","2181007829","United States Senator - DEM","John Hickenlooper",375,177,8,0
"829","2181007829","Representative to the 120th United States Congress - District 2 - DEM","Joe Neguse",375,323,52,0
"829","2181007829","Governor - DEM","Phil Weiser",375,264,4,0
"829","2181007829","Governor - DEM","Michael Bennet",375,107,4,0
"829","2181007829","Secretary of State - DEM","Amanda Gonzalez",375,206,49,0
"829","2181007829","Secretary of State - DEM","Jessie Danielson",375,120,49,0
"829","2181007829","State Treasurer - DEM","Jeff Bridges",375,290,85,0
"829","2181007829","Attorney General - DEM","Jena Griswold",375,73,16,0
"829","2181007829","Attorney General - DEM","David Seligman",375,78,16,0
"829","2181007829","Attorney General - DEM","Michael Dougherty",375,170,16,0
"829","2181007829","Attorney General - DEM","Hetal Doshi",375,38,16,0
"829","2181007829","Regent of the University of Colorado - Congressional District 2 - DEM","Kubs Lalchandani",375,137,46,0
"829","2181007829","Regent of the University of Colorado - Congressional District 2 - DEM","Edie Hooton",375,133,46,0
"829","2181007829","Regent of the University of Colorado - Congressional District 2 - DEM","Murray Smith",375,59,46,0
"829","2181007829","State Representative - District 10 - DEM","Junie Joseph",375,282,93,0
"829","2181007829","Boulder County Commissioner - District 3 - DEM","Ashley Stolzmann",375,279,96,0
"829","2181007829","Boulder County Clerk and Recorder - DEM","Molly Fitzpatrick",375,289,86,0
"829","2181007829","Boulder County Treasurer - DEM","Jenn Kaaoush",375,123,47,0
"829","2181007829","Boulder County Treasurer - DEM","Rachel Friend",375,205,47,0
"829","2181007829","Boulder County Assessor - DEM","Cynthia Braddock",375,269,106,0
"829","2181007829","Boulder County Sheriff - DEM","Curtis Johnson",375,265,110,0
"829","2181007829","Boulder County Surveyor - DEM","Kayce D. W. Keane",375,263,112,0
"829","2181007829","Boulder County Coroner - DEM","Jeff Martin",375,264,111,0
"829","2181007829","Secretary of State - LBR","Sean Vadney",0,0,0,0
"829","2181007829","Secretary of State - LBR","Alex Astley",0,0,0,0
"829","2181007829","United States Senator - REP","Mark Baisley",13,10,3,0
"829","2181007829","Representative to the 120th United States Congress - District 2 - REP","Kelley Anne Dennison",13,7,2,0
"829","2181007829","Representative to the 120th United States Congress - District 2 - REP","Christina Blunt (Ducommun)",13,4,2,0
"829","2181007829","Governor - REP","Scott Bottoms",13,1,1,0
"829","2181007829","Governor - REP","Victor Marx",13,5,1,0
"829","2181007829","Governor - REP","Barb Kirkmeyer",13,6,1,0
"829","2181007829","Governor - REP","Kelvin ""K-Man"" Wimberly (Write-in Candidate)",13,0,1,0
"829","2181007829","Secretary of State - REP","James Wiley",13,9,4,0
"829","2181007829","State Treasurer - REP","Kevin Grantham",13,9,4,0
"829","2181007829","Attorney General - REP","Michael J. Allen",13,8,2,0
"829","2181007829","Attorney General - REP","David Willson",13,3,2,0
"829","2181007829","Regent of the University of Colorado - Congressional District 2 - REP","Marty Neilson",13,10,3,0
"829","2181007829","State Representative - District 10 - REP","There are no candidates for this office",13,0,13,0
"829","2181007829","Boulder County Commissioner - District 3 - REP","There are no candidates for this office",13,0,13,0
"829","2181007829","Boulder County Clerk and Recorder - REP","There are no candidates for this office",13,0,13,0
"829","2181007829","Boulder County Treasurer - REP","There are no candidates for this office",13,0,13,0
"829","2181007829","Boulder County Assessor - REP","There are no candidates for this office",13,0,13,0
"829","2181007829","Boulder County Sheriff - REP","There are no candidates for this office",13,0,13,0
"829","2181007829","Boulder County Surveyor - REP","There are no candidates for this office",13,0,13,0
"829","2181007829","Boulder County Coroner - REP","There are no candidates for this office",13,0,13,0
"829","2181007829","Governor - UNI","Paul Noël Fiorino",0,0,0,0
"829","2181007829","Governor - UNI","Jeff Peckman",0,0,0,0
"830","2181007830","United States Senator - DEM","Julie Gonzales",654,209,16,0
"830","2181007830","United States Senator - DEM","John Hickenlooper",654,429,16,0
"830","2181007830","Representative to the 120th United States Congress - District 2 - DEM","Joe Neguse",654,584,70,0
"830","2181007830","Governor - DEM","Phil Weiser",654,431,10,0
"830","2181007830","Governor - DEM","Michael Bennet",654,213,10,0
"830","2181007830","Secretary of State - DEM","Amanda Gonzalez",654,293,123,0
"830","2181007830","Secretary of State - DEM","Jessie Danielson",654,238,123,0
"830","2181007830","State Treasurer - DEM","Jeff Bridges",654,465,189,0
"830","2181007830","Attorney General - DEM","Jena Griswold",654,138,20,0
"830","2181007830","Attorney General - DEM","David Seligman",654,84,20,0
"830","2181007830","Attorney General - DEM","Michael Dougherty",654,346,20,0
"830","2181007830","Attorney General - DEM","Hetal Doshi",654,66,20,0
"830","2181007830","Regent of the University of Colorado - Congressional District 2 - DEM","Kubs Lalchandani",654,192,83,1
"830","2181007830","Regent of the University of Colorado - Congressional District 2 - DEM","Edie Hooton",654,285,83,1
"830","2181007830","Regent of the University of Colorado - Congressional District 2 - DEM","Murray Smith",654,93,83,1
"830","2181007830","State Representative - District 10 - DEM","Junie Joseph",654,430,224,0
"830","2181007830","Boulder County Commissioner - District 3 - DEM","Ashley Stolzmann",654,449,205,0
"830","2181007830","Boulder County Clerk and Recorder - DEM","Molly Fitzpatrick",654,479,175,0
"830","2181007830","Boulder County Treasurer - DEM","Jenn Kaaoush",654,222,92,0
"830","2181007830","Boulder County Treasurer - DEM","Rachel Friend",654,340,92,0
"830","2181007830","Boulder County Assessor - DEM","Cynthia Braddock",654,422,232,0
"830","2181007830","Boulder County Sheriff - DEM","Curtis Johnson",654,431,223,0
"830","2181007830","Boulder County Surveyor - DEM","Kayce D. W. Keane",654,418,236,0
"830","2181007830","Boulder County Coroner - DEM","Jeff Martin",654,423,231,0
"830","2181007830","United States Senator - REP","Mark Baisley",35,22,13,0
"830","2181007830","Representative to the 120th United States Congress - District 2 - REP","Kelley Anne Dennison",35,19,9,0
"830","2181007830","Representative to the 120th United States Congress - District 2 - REP","Christina Blunt (Ducommun)",35,7,9,0
"830","2181007830","Governor - REP","Scott Bottoms",35,6,1,0
"830","2181007830","Governor - REP","Victor Marx",35,7,1,0
"830","2181007830","Governor - REP","Barb Kirkmeyer",35,21,1,0
"830","2181007830","Governor - REP","Kelvin ""K-Man"" Wimberly (Write-in Candidate)",35,0,1,0
"830","2181007830","Secretary of State - REP","James Wiley",35,22,13,0
"830","2181007830","State Treasurer - REP","Kevin Grantham",35,22,13,0
"830","2181007830","Attorney General - REP","Michael J. Allen",35,19,8,0
"830","2181007830","Attorney General - REP","David Willson",35,8,8,0
"830","2181007830","Regent of the University of Colorado - Congressional District 2 - REP","Marty Neilson",35,23,12,0
"830","2181007830","State Representative - District 10 - REP","There are no candidates for this office",35,0,35,0
"830","2181007830","Boulder County Commissioner - District 3 - REP","There are no candidates for this office",35,0,35,0
"830","2181007830","Boulder County Clerk and Recorder - REP","There are no candidates for this office",35,0,35,0
"830","2181007830","Boulder County Treasurer - REP","There are no candidates for this office",35,0,35,0
"830","2181007830","Boulder County Assessor - REP","There are no candidates for this office",35,0,35,0
"830","2181007830","Boulder County Sheriff - REP","There are no candidates for this office",35,0,35,0
"830","2181007830","Boulder County Surveyor - REP","There are no candidates for this office",35,0,35,0
"830","2181007830","Boulder County Coroner - REP","There are no candidates for this office",35,0,35,0
"830","2181007830","Governor - UNI","Paul Noël Fiorino",0,0,0,0
"830","2181007830","Governor - UNI","Jeff Peckman",0,0,0,0
"831","2181007831","United States Senator - DEM","Julie Gonzales",113,57,3,0
"831","2181007831","United States Senator - DEM","John Hickenlooper",113,53,3,0
"831","2181007831","Representative to the 120th United States Congress - District 2 - DEM","Joe Neguse",113,98,15,0
"831","2181007831","Governor - DEM","Phil Weiser",113,69,4,0
"831","2181007831","Governor - DEM","Michael Bennet",113,40,4,0
"831","2181007831","Secretary of State - DEM","Amanda Gonzalez",113,64,15,0
"831","2181007831","Secretary of State - DEM","Jessie Danielson",113,34,15,0
"831","2181007831","State Treasurer - DEM","Jeff Bridges",113,89,24,0
"831","2181007831","Attorney General - DEM","Jena Griswold",113,27,2,0
"831","2181007831","Attorney General - DEM","David Seligman",113,29,2,0
"831","2181007831","Attorney General - DEM","Michael Dougherty",113,42,2,0
"831","2181007831","Attorney General - DEM","Hetal Doshi",113,13,2,0
"831","2181007831","Regent of the University of Colorado - Congressional District 2 - DEM","Kubs Lalchandani",113,36,13,0
"831","2181007831","Regent of the University of Colorado - Congressional District 2 - DEM","Edie Hooton",113,29,13,0
"831","2181007831","Regent of the University of Colorado - Congressional District 2 - DEM","Murray Smith",113,35,13,0
"831","2181007831","State Representative - District 10 - DEM","Junie Joseph",113,86,27,0
"831","2181007831","Boulder County Commissioner - District 3 - DEM","Ashley Stolzmann",113,84,29,0
"831","2181007831","Boulder County Clerk and Recorder - DEM","Molly Fitzpatrick",113,88,25,0
"831","2181007831","Boulder County Treasurer - DEM","Jenn Kaaoush",113,45,16,0
"831","2181007831","Boulder County Treasurer - DEM","Rachel Friend",113,52,16,0
"831","2181007831","Boulder County Assessor - DEM","Cynthia Braddock",113,83,30,0
"831","2181007831","Boulder County Sheriff - DEM","Curtis Johnson",113,84,29,0
"831","2181007831","Boulder County Surveyor - DEM","Kayce D. W. Keane",113,85,28,0
"831","2181007831","Boulder County Coroner - DEM","Jeff Martin",113,84,29,0
"831","2181007831","Secretary of State - LBR","Sean Vadney",0,0,0,0
"831","2181007831","Secretary of State - LBR","Alex Astley",0,0,0,0
"831","2181007831","Governor - UNI","Paul Noël Fiorino",0,0,0,0
"831","2181007831","Governor - UNI","Jeff Peckman",0,0,0,0
"832","2181007832","United States Senator - DEM","Julie Gonzales",243,120,3,0
"832","2181007832","United States Senator - DEM","John Hickenlooper",243,120,3,0
"832","2181007832","Representative to the 120th United States Congress - District 2 - DEM","Joe Neguse",243,208,35,0
"832","2181007832","Governor - DEM","Phil Weiser",243,140,12,0
"832","2181007832","Governor - DEM","Michael Bennet",243,91,12,0
"832","2181007832","Secretary of State - DEM","Amanda Gonzalez",243,143,32,0
"832","2181007832","Secretary of State - DEM","Jessie Danielson",243,68,32,0
"832","2181007832","State Treasurer - DEM","Jeff Bridges",243,181,62,0
"832","2181007832","Attorney General - DEM","Jena Griswold",243,63,15,0
"832","2181007832","Attorney General - DEM","David Seligman",243,52,15,0
"832","2181007832","Attorney General - DEM","Michael Dougherty",243,86,15,0
"832","2181007832","Attorney General - DEM","Hetal Doshi",243,27,15,0
"832","2181007832","Regent of the University of Colorado - Congressional District 2 - DEM","Kubs Lalchandani",243,52,27,0
"832","2181007832","Regent of the University of Colorado - Congressional District 2 - DEM","Edie Hooton",243,92,27,0
"832","2181007832","Regent of the University of Colorado - Congressional District 2 - DEM","Murray Smith",243,72,27,0
"832","2181007832","State Representative - District 10 - DEM","Junie Joseph",243,181,62,0
"832","2181007832","Boulder County Commissioner - District 3 - DEM","Ashley Stolzmann",243,176,67,0
"832","2181007832","Boulder County Clerk and Recorder - DEM","Molly Fitzpatrick",243,179,64,0
"832","2181007832","Boulder County Treasurer - DEM","Jenn Kaaoush",243,85,41,0
"832","2181007832","Boulder County Treasurer - DEM","Rachel Friend",243,117,41,0
"832","2181007832","Boulder County Assessor - DEM","Cynthia Braddock",243,171,72,0
"832","2181007832","Boulder County Sheriff - DEM","Curtis Johnson",243,167,76,0
"832","2181007832","Boulder County Surveyor - DEM","Kayce D. W. Keane",243,171,72,0
"832","2181007832","Boulder County Coroner - DEM","Jeff Martin",243,171,72,0
"832","2181007832","Secretary of State - LBR","Sean Vadney",0,0,0,0
"832","2181007832","Secretary of State - LBR","Alex Astley",0,0,0,0
"832","2181007832","United States Senator - REP","Mark Baisley",18,14,4,0
"832","2181007832","Representative to the 120th United States Congress - District 2 - REP","Kelley Anne Dennison",18,10,1,0
"832","2181007832","Representative to the 120th United States Congress - District 2 - REP","Christina Blunt (Ducommun)",18,7,1,0
"832","2181007832","Governor - REP","Scott Bottoms",18,8,2,0
"832","2181007832","Governor - REP","Victor Marx",18,1,2,0
"832","2181007832","Governor - REP","Barb Kirkmeyer",18,7,2,0
"832","2181007832","Governor - REP","Kelvin ""K-Man"" Wimberly (Write-in Candidate)",18,0,2,0
"832","2181007832","Secretary of State - REP","James Wiley",18,14,4,0
"832","2181007832","State Treasurer - REP","Kevin Grantham",18,14,4,0
"832","2181007832","Attorney General - REP","Michael J. Allen",18,9,2,0
"832","2181007832","Attorney General - REP","David Willson",18,7,2,0
"832","2181007832","Regent of the University of Colorado - Congressional District 2 - REP","Marty Neilson",18,14,4,0
"832","2181007832","State Representative - District 10 - REP","There are no candidates for this office",18,0,18,0
"832","2181007832","Boulder County Commissioner - District 3 - REP","There are no candidates for this office",18,0,18,0
"832","2181007832","Boulder County Clerk and Recorder - REP","There are no candidates for this office",18,0,18,0
"832","2181007832","Boulder County Treasurer - REP","There are no candidates for this office",18,0,18,0
"832","2181007832","Boulder County Assessor - REP","There are no candidates for this office",18,0,18,0
"832","2181007832","Boulder County Sheriff - REP","There are no candidates for this office",18,0,18,0
"832","2181007832","Boulder County Surveyor - REP","There are no candidates for this office",18,0,18,0
"832","2181007832","Boulder County Coroner - REP","There are no candidates for this office",18,0,18,0
"833","2181007833","United States Senator - DEM","Julie Gonzales",350,209,6,0
"833","2181007833","United States Senator - DEM","John Hickenlooper",350,135,6,0
"833","2181007833","Representative to the 120th United States Congress - District 2 - DEM","Joe Neguse",350,291,59,0
"833","2181007833","Governor - DEM","Phil Weiser",350,220,12,0
"833","2181007833","Governor - DEM","Michael Bennet",350,118,12,0
"833","2181007833","Secretary of State - DEM","Amanda Gonzalez",350,207,50,0
"833","2181007833","Secretary of State - DEM","Jessie Danielson",350,93,50,0
"833","2181007833","State Treasurer - DEM","Jeff Bridges",350,277,73,0
"833","2181007833","Attorney General - DEM","Jena Griswold",350,78,23,0
"833","2181007833","Attorney General - DEM","David Seligman",350,110,23,0
"833","2181007833","Attorney General - DEM","Michael Dougherty",350,97,23,0
"833","2181007833","Attorney General - DEM","Hetal Doshi",350,42,23,0
"833","2181007833","Regent of the University of Colorado - Congressional District 2 - DEM","Kubs Lalchandani",350,73,56,1
"833","2181007833","Regent of the University of Colorado - Congressional District 2 - DEM","Edie Hooton",350,118,56,1
"833","2181007833","Regent of the University of Colorado - Congressional District 2 - DEM","Murray Smith",350,102,56,1
"833","2181007833","State Representative - District 10 - DEM","Junie Joseph",350,276,74,0
"833","2181007833","Boulder County Commissioner - District 3 - DEM","Ashley Stolzmann",350,272,78,0
"833","2181007833","Boulder County Clerk and Recorder - DEM","Molly Fitzpatrick",350,277,73,0
"833","2181007833","Boulder County Treasurer - DEM","Jenn Kaaoush",350,147,63,0
"833","2181007833","Boulder County Treasurer - DEM","Rachel Friend",350,140,63,0
"833","2181007833","Boulder County Assessor - DEM","Cynthia Braddock",350,260,90,0
"833","2181007833","Boulder County Sheriff - DEM","Curtis Johnson",350,257,93,0
"833","2181007833","Boulder County Surveyor - DEM","Kayce D. W. Keane",350,260,90,0
"833","2181007833","Boulder County Coroner - DEM","Jeff Martin",350,257,93,0
"833","2181007833","United States Senator - REP","Mark Baisley",25,19,6,0
"833","2181007833","Representative to the 120th United States Congress - District 2 - REP","Kelley Anne Dennison",25,17,3,0
"833","2181007833","Representative to the 120th United States Congress - District 2 - REP","Christina Blunt (Ducommun)",25,5,3,0
"833","2181007833","Governor - REP","Scott Bottoms",25,7,0,0
"833","2181007833","Governor - REP","Victor Marx",25,6,0,0
"833","2181007833","Governor - REP","Barb Kirkmeyer",25,12,0,0
"833","2181007833","Governor - REP","Kelvin ""K-Man"" Wimberly (Write-in Candidate)",25,0,0,0
"833","2181007833","Secretary of State - REP","James Wiley",25,19,6,0
"833","2181007833","State Treasurer - REP","Kevin Grantham",25,18,7,0
"833","2181007833","Attorney General - REP","Michael J. Allen",25,14,2,0
"833","2181007833","Attorney General - REP","David Willson",25,9,2,0
"833","2181007833","Regent of the University of Colorado - Congressional District 2 - REP","Marty Neilson",25,18,7,0
"833","2181007833","State Representative - District 10 - REP","There are no candidates for this office",25,0,25,0
"833","2181007833","Boulder County Commissioner - District 3 - REP","There are no candidates for this office",25,0,25,0
"833","2181007833","Boulder County Clerk and Recorder - REP","There are no candidates for this office",25,0,25,0
"833","2181007833","Boulder County Treasurer - REP","There are no candidates for this office",25,0,25,0
"833","2181007833","Boulder County Assessor - REP","There are no candidates for this office",25,0,25,0
"833","2181007833","Boulder County Sheriff - REP","There are no candidates for this office",25,0,25,0
"833","2181007833","Boulder County Surveyor - REP","There are no candidates for this office",25,0,25,0
"833","2181007833","Boulder County Coroner - REP","There are no candidates for this office",25,0,25,0
"833","2181007833","Governor - UNI","Paul Noël Fiorino",0,0,0,0
"833","2181007833","Governor - UNI","Jeff Peckman",0,0,0,0
"834","2181007834","United States Senator - DEM","Julie Gonzales",351,245,2,0
"834","2181007834","United States Senator - DEM","John Hickenlooper",351,104,2,0
"834","2181007834","Representative to the 120th United States Congress - District 2 - DEM","Joe Neguse",351,290,61,0
"834","2181007834","Governor - DEM","Phil Weiser",351,261,11,0
"834","2181007834","Governor - DEM","Michael Bennet",351,79,11,0
"834","2181007834","Secretary of State - DEM","Amanda Gonzalez",351,242,30,0
"834","2181007834","Secretary of State - DEM","Jessie Danielson",351,79,30,0
"834","2181007834","State Treasurer - DEM","Jeff Bridges",351,261,90,0
"834","2181007834","Attorney General - DEM","Jena Griswold",351,54,17,0
"834","2181007834","Attorney General - DEM","David Seligman",351,134,17,0
"834","2181007834","Attorney General - DEM","Michael Dougherty",351,108,17,0
"834","2181007834","Attorney General - DEM","Hetal Doshi",351,38,17,0
"834","2181007834","Regent of the University of Colorado - Congressional District 2 - DEM","Kubs Lalchandani",351,108,39,1
"834","2181007834","Regent of the University of Colorado - Congressional District 2 - DEM","Edie Hooton",351,87,39,1
"834","2181007834","Regent of the University of Colorado - Congressional District 2 - DEM","Murray Smith",351,116,39,1
"834","2181007834","State Representative - District 10 - DEM","Junie Joseph",351,272,79,0
"834","2181007834","Boulder County Commissioner - District 3 - DEM","Ashley Stolzmann",351,254,97,0
"834","2181007834","Boulder County Clerk and Recorder - DEM","Molly Fitzpatrick",351,259,92,0
"834","2181007834","Boulder County Treasurer - DEM","Jenn Kaaoush",351,150,49,0
"834","2181007834","Boulder County Treasurer - DEM","Rachel Friend",351,152,49,0
"834","2181007834","Boulder County Assessor - DEM","Cynthia Braddock",351,246,105,0
"834","2181007834","Boulder County Sheriff - DEM","Curtis Johnson",351,247,104,0
"834","2181007834","Boulder County Surveyor - DEM","Kayce D. W. Keane",351,246,105,0
"834","2181007834","Boulder County Coroner - DEM","Jeff Martin",351,247,104,0
"834","2181007834","Secretary of State - LBR","Sean Vadney",0,0,0,0
"834","2181007834","Secretary of State - LBR","Alex Astley",0,0,0,0
"834","2181007834","United States Senator - REP","Mark Baisley",20,13,7,0
"834","2181007834","Representative to the 120th United States Congress - District 2 - REP","Kelley Anne Dennison",20,14,4,0
"834","2181007834","Representative to the 120th United States Congress - District 2 - REP","Christina Blunt (Ducommun)",20,2,4,0
"834","2181007834","Governor - REP","Scott Bottoms",20,2,1,0
"834","2181007834","Governor - REP","Victor Marx",20,4,1,0
"834","2181007834","Governor - REP","Barb Kirkmeyer",20,13,1,0
"834","2181007834","Governor - REP","Kelvin ""K-Man"" Wimberly (Write-in Candidate)",20,0,1,0
"834","2181007834","Secretary of State - REP","James Wiley",20,14,6,0
"834","2181007834","State Treasurer - REP","Kevin Grantham",20,14,6,0
"834","2181007834","Attorney General - REP","Michael J. Allen",20,11,3,0
"834","2181007834","Attorney General - REP","David Willson",20,6,3,0
"834","2181007834","Regent of the University of Colorado - Congressional District 2 - REP","Marty Neilson",20,13,7,0
"834","2181007834","State Representative - District 10 - REP","There are no candidates for this office",20,0,20,0
"834","2181007834","Boulder County Commissioner - District 3 - REP","There are no candidates for this office",20,0,20,0
"834","2181007834","Boulder County Clerk and Recorder - REP","There are no candidates for this office",20,0,20,0
"834","2181007834","Boulder County Treasurer - REP","There are no candidates for this office",20,0,20,0
"834","2181007834","Boulder County Assessor - REP","There are no candidates for this office",20,0,20,0
"834","2181007834","Boulder County Sheriff - REP","There are no candidates for this office",20,0,20,0
"834","2181007834","Boulder County Surveyor - REP","There are no candidates for this office",20,0,20,0
"834","2181007834","Boulder County Coroner - REP","There are no candidates for this office",20,0,20,0
"834","2181007834","Governor - UNI","Paul Noël Fiorino",0,0,0,0
"834","2181007834","Governor - UNI","Jeff Peckman",0,0,0,0
"835","2181007835","United States Senator - DEM","Julie Gonzales",280,107,3,0
"835","2181007835","United States Senator - DEM","John Hickenlooper",280,170,3,0
"835","2181007835","Representative to the 120th United States Congress - District 2 - DEM","Joe Neguse",280,250,30,0
"835","2181007835","Governor - DEM","Phil Weiser",280,173,2,0
"835","2181007835","Governor - DEM","Michael Bennet",280,105,2,0
"835","2181007835","Secretary of State - DEM","Amanda Gonzalez",280,132,29,0
"835","2181007835","Secretary of State - DEM","Jessie Danielson",280,119,29,0
"835","2181007835","State Treasurer - DEM","Jeff Bridges",280,217,63,0
"835","2181007835","Attorney General - DEM","Jena Griswold",280,61,7,0
"835","2181007835","Attorney General - DEM","David Seligman",280,52,7,0
"835","2181007835","Attorney General - DEM","Michael Dougherty",280,142,7,0
"835","2181007835","Attorney General - DEM","Hetal Doshi",280,18,7,0
"835","2181007835","Regent of the University of Colorado - Congressional District 2 - DEM","Kubs Lalchandani",280,70,29,0
"835","2181007835","Regent of the University of Colorado - Congressional District 2 - DEM","Edie Hooton",280,130,29,0
"835","2181007835","Regent of the University of Colorado - Congressional District 2 - DEM","Murray Smith",280,51,29,0
"835","2181007835","State Representative - District 10 - DEM","Junie Joseph",280,218,62,0
"835","2181007835","Boulder County Commissioner - District 3 - DEM","Ashley Stolzmann",280,213,67,0
"835","2181007835","Boulder County Clerk and Recorder - DEM","Molly Fitzpatrick",280,223,57,0
"835","2181007835","Boulder County Treasurer - DEM","Jenn Kaaoush",280,90,29,0
"835","2181007835","Boulder County Treasurer - DEM","Rachel Friend",280,161,29,0
"835","2181007835","Boulder County Assessor - DEM","Cynthia Braddock",280,193,87,0
"835","2181007835","Boulder County Sheriff - DEM","Curtis Johnson",280,196,84,0
"835","2181007835","Boulder County Surveyor - DEM","Kayce D. W. Keane",280,189,91,0
"835","2181007835","Boulder County Coroner - DEM","Jeff Martin",280,195,85,0
"835","2181007835","Secretary of State - LBR","Sean Vadney",0,0,0,0
"835","2181007835","Secretary of State - LBR","Alex Astley",0,0,0,0
"835","2181007835","United States Senator - REP","Mark Baisley",23,13,10,0
"835","2181007835","Representative to the 120th United States Congress - District 2 - REP","Kelley Anne Dennison",23,12,6,0
"835","2181007835","Representative to the 120th United States Congress - District 2 - REP","Christina Blunt (Ducommun)",23,5,6,0
"835","2181007835","Governor - REP","Scott Bottoms",23,4,1,0
"835","2181007835","Governor - REP","Victor Marx",23,4,1,0
"835","2181007835","Governor - REP","Barb Kirkmeyer",23,14,1,0
"835","2181007835","Governor - REP","Kelvin ""K-Man"" Wimberly (Write-in Candidate)",23,0,1,0
"835","2181007835","Secretary of State - REP","James Wiley",23,11,12,0
"835","2181007835","State Treasurer - REP","Kevin Grantham",23,11,12,0
"835","2181007835","Attorney General - REP","Michael J. Allen",23,11,7,0
"835","2181007835","Attorney General - REP","David Willson",23,5,7,0
"835","2181007835","Regent of the University of Colorado - Congressional District 2 - REP","Marty Neilson",23,12,11,0
"835","2181007835","State Representative - District 10 - REP","There are no candidates for this office",23,0,23,0
"835","2181007835","Boulder County Commissioner - District 3 - REP","There are no candidates for this office",23,0,23,0
"835","2181007835","Boulder County Clerk and Recorder - REP","There are no candidates for this office",23,0,23,0
"835","2181007835","Boulder County Treasurer - REP","There are no candidates for this office",23,0,23,0
"835","2181007835","Boulder County Assessor - REP","There are no candidates for this office",23,0,23,0
"835","2181007835","Boulder County Sheriff - REP","There are no candidates for this office",23,0,23,0
"835","2181007835","Boulder County Surveyor - REP","There are no candidates for this office",23,0,23,0
"835","2181007835","Boulder County Coroner - REP","There are no candidates for this office",23,0,23,0
"835","2181007835","Governor - UNI","Paul Noël Fiorino",0,0,0,0
"835","2181007835","Governor - UNI","Jeff Peckman",0,0,0,0
"836","2181007836","United States Senator - DEM","Julie Gonzales",259,126,2,0
"836","2181007836","United States Senator - DEM","John Hickenlooper",259,131,2,0
"836","2181007836","Representative to the 120th United States Congress - District 2 - DEM","Joe Neguse",259,227,32,0
"836","2181007836","Governor - DEM","Phil Weiser",259,178,7,0
"836","2181007836","Governor - DEM","Michael Bennet",259,74,7,0
"836","2181007836","Secretary of State - DEM","Amanda Gonzalez",259,137,37,0
"836","2181007836","Secretary of State - DEM","Jessie Danielson",259,85,37,0
"836","2181007836","State Treasurer - DEM","Jeff Bridges",259,200,59,0
"836","2181007836","Attorney General - DEM","Jena Griswold",259,54,6,0
"836","2181007836","Attorney General - DEM","David Seligman",259,69,6,0
"836","2181007836","Attorney General - DEM","Michael Dougherty",259,97,6,0
"836","2181007836","Attorney General - DEM","Hetal Doshi",259,33,6,0
"836","2181007836","Regent of the University of Colorado - Congressional District 2 - DEM","Kubs Lalchandani",259,87,32,0
"836","2181007836","Regent of the University of Colorado - Congressional District 2 - DEM","Edie Hooton",259,80,32,0
"836","2181007836","Regent of the University of Colorado - Congressional District 2 - DEM","Murray Smith",259,60,32,0
"836","2181007836","State Representative - District 10 - DEM","Junie Joseph",259,199,60,0
"836","2181007836","Boulder County Commissioner - District 3 - DEM","Ashley Stolzmann",259,200,59,0
"836","2181007836","Boulder County Clerk and Recorder - DEM","Molly Fitzpatrick",259,200,59,0
"836","2181007836","Boulder County Treasurer - DEM","Jenn Kaaoush",259,116,31,0
"836","2181007836","Boulder County Treasurer - DEM","Rachel Friend",259,112,31,0
"836","2181007836","Boulder County Assessor - DEM","Cynthia Braddock",259,187,72,0
"836","2181007836","Boulder County Sheriff - DEM","Curtis Johnson",259,186,73,0
"836","2181007836","Boulder County Surveyor - DEM","Kayce D. W. Keane",259,186,73,0
"836","2181007836","Boulder County Coroner - DEM","Jeff Martin",259,187,72,0
"836","2181007836","United States Senator - REP","Mark Baisley",20,15,5,0
"836","2181007836","Representative to the 120th United States Congress - District 2 - REP","Kelley Anne Dennison",20,10,1,0
"836","2181007836","Representative to the 120th United States Congress - District 2 - REP","Christina Blunt (Ducommun)",20,9,1,0
"836","2181007836","Governor - REP","Scott Bottoms",20,2,0,0
"836","2181007836","Governor - REP","Victor Marx",20,4,0,0
"836","2181007836","Governor - REP","Barb Kirkmeyer",20,14,0,0
"836","2181007836","Governor - REP","Kelvin ""K-Man"" Wimberly (Write-in Candidate)",20,0,0,0
"836","2181007836","Secretary of State - REP","James Wiley",20,17,3,0
"836","2181007836","State Treasurer - REP","Kevin Grantham",20,17,3,0
"836","2181007836","Attorney General - REP","Michael J. Allen",20,14,3,0
"836","2181007836","Attorney General - REP","David Willson",20,3,3,0
"836","2181007836","Regent of the University of Colorado - Congressional District 2 - REP","Marty Neilson",20,16,4,0
"836","2181007836","State Representative - District 10 - REP","There are no candidates for this office",20,0,20,0
"836","2181007836","Boulder County Commissioner - District 3 - REP","There are no candidates for this office",20,0,20,0
"836","2181007836","Boulder County Clerk and Recorder - REP","There are no candidates for this office",20,0,20,0
"836","2181007836","Boulder County Treasurer - REP","There are no candidates for this office",20,0,20,0
"836","2181007836","Boulder County Assessor - REP","There are no candidates for this office",20,0,20,0
"836","2181007836","Boulder County Sheriff - REP","There are no candidates for this office",20,0,20,0
"836","2181007836","Boulder County Surveyor - REP","There are no candidates for this office",20,0,20,0
"836","2181007836","Boulder County Coroner - REP","There are no candidates for this office",20,0,20,0
"836","2181007836","Governor - UNI","Paul Noël Fiorino",0,0,0,0
"836","2181007836","Governor - UNI","Jeff Peckman",0,0,0,0
"837","2181007837","United States Senator - DEM","Julie Gonzales",309,120,6,0
"837","2181007837","United States Senator - DEM","John Hickenlooper",309,183,6,0
"837","2181007837","Representative to the 120th United States Congress - District 2 - DEM","Joe Neguse",309,273,36,0
"837","2181007837","Governor - DEM","Phil Weiser",309,211,1,0
"837","2181007837","Governor - DEM","Michael Bennet",309,97,1,0
"837","2181007837","Secretary of State - DEM","Amanda Gonzalez",309,166,37,0
"837","2181007837","Secretary of State - DEM","Jessie Danielson",309,106,37,0
"837","2181007837","State Treasurer - DEM","Jeff Bridges",309,245,64,0
"837","2181007837","Attorney General - DEM","Jena Griswold",309,75,9,0
"837","2181007837","Attorney General - DEM","David Seligman",309,43,9,0
"837","2181007837","Attorney General - DEM","Michael Dougherty",309,154,9,0
"837","2181007837","Attorney General - DEM","Hetal Doshi",309,28,9,0
"837","2181007837","Regent of the University of Colorado - Congressional District 2 - DEM","Kubs Lalchandani",309,90,33,0
"837","2181007837","Regent of the University of Colorado - Congressional District 2 - DEM","Edie Hooton",309,129,33,0
"837","2181007837","Regent of the University of Colorado - Congressional District 2 - DEM","Murray Smith",309,57,33,0
"837","2181007837","State Representative - District 10 - DEM","Junie Joseph",309,243,66,0
"837","2181007837","Boulder County Commissioner - District 3 - DEM","Ashley Stolzmann",309,228,81,0
"837","2181007837","Boulder County Clerk and Recorder - DEM","Molly Fitzpatrick",309,240,69,0
"837","2181007837","Boulder County Treasurer - DEM","Jenn Kaaoush",309,108,25,0
"837","2181007837","Boulder County Treasurer - DEM","Rachel Friend",309,176,25,0
"837","2181007837","Boulder County Assessor - DEM","Cynthia Braddock",309,218,91,0
"837","2181007837","Boulder County Sheriff - DEM","Curtis Johnson",309,221,88,0
"837","2181007837","Boulder County Surveyor - DEM","Kayce D. W. Keane",309,217,92,0
"837","2181007837","Boulder County Coroner - DEM","Jeff Martin",309,217,92,0
"837","2181007837","Secretary of State - LBR","Sean Vadney",0,0,0,0
"837","2181007837","Secretary of State - LBR","Alex Astley",0,0,0,0
"837","2181007837","United States Senator - REP","Mark Baisley",20,14,6,0
"837","2181007837","Representative to the 120th United States Congress - District 2 - REP","Kelley Anne Dennison",20,11,3,0
"837","2181007837","Representative to the 120th United States Congress - District 2 - REP","Christina Blunt (Ducommun)",20,6,3,0
"837","2181007837","Governor - REP","Scott Bottoms",20,4,2,0
"837","2181007837","Governor - REP","Victor Marx",20,5,2,0
"837","2181007837","Governor - REP","Barb Kirkmeyer",20,9,2,0
"837","2181007837","Governor - REP","Kelvin ""K-Man"" Wimberly (Write-in Candidate)",20,0,2,0
"837","2181007837","Secretary of State - REP","James Wiley",20,15,5,0
"837","2181007837","State Treasurer - REP","Kevin Grantham",20,15,5,0
"837","2181007837","Attorney General - REP","Michael J. Allen",20,8,5,0
"837","2181007837","Attorney General - REP","David Willson",20,7,5,0
"837","2181007837","Regent of the University of Colorado - Congressional District 2 - REP","Marty Neilson",20,15,5,0
"837","2181007837","State Representative - District 10 - REP","There are no candidates for this office",20,0,20,0
"837","2181007837","Boulder County Commissioner - District 3 - REP","There are no candidates for this office",20,0,20,0
"837","2181007837","Boulder County Clerk and Recorder - REP","There are no candidates for this office",20,0,20,0
"837","2181007837","Boulder County Treasurer - REP","There are no candidates for this office",20,0,20,0
"837","2181007837","Boulder County Assessor - REP","There are no candidates for this office",20,0,20,0
"837","2181007837","Boulder County Sheriff - REP","There are no candidates for this office",20,0,20,0
"837","2181007837","Boulder County Surveyor - REP","There are no candidates for this office",20,0,20,0
"837","2181007837","Boulder County Coroner - REP","There are no candidates for this office",20,0,20,0
"837","2181007837","Governor - UNI","Paul Noël Fiorino",0,0,0,0
"837","2181007837","Governor - UNI","Jeff Peckman",0,0,0,0
"838","2181007838","United States Senator - DEM","Julie Gonzales",552,249,5,0
"838","2181007838","United States Senator - DEM","John Hickenlooper",552,298,5,0
"838","2181007838","Representative to the 120th United States Congress - District 2 - DEM","Joe Neguse",552,489,63,0
"838","2181007838","Governor - DEM","Phil Weiser",552,334,9,0
"838","2181007838","Governor - DEM","Michael Bennet",552,209,9,0
"838","2181007838","Secretary of State - DEM","Amanda Gonzalez",552,283,70,0
"838","2181007838","Secretary of State - DEM","Jessie Danielson",552,199,70,0
"838","2181007838","State Treasurer - DEM","Jeff Bridges",552,385,167,0
"838","2181007838","Attorney General - DEM","Jena Griswold",552,147,17,0
"838","2181007838","Attorney General - DEM","David Seligman",552,87,17,0
"838","2181007838","Attorney General - DEM","Michael Dougherty",552,244,17,0
"838","2181007838","Attorney General - DEM","Hetal Doshi",552,57,17,0
"838","2181007838","Regent of the University of Colorado - Congressional District 2 - DEM","Kubs Lalchandani",552,148,61,0
"838","2181007838","Regent of the University of Colorado - Congressional District 2 - DEM","Edie Hooton",552,225,61,0
"838","2181007838","Regent of the University of Colorado - Congressional District 2 - DEM","Murray Smith",552,118,61,0
"838","2181007838","State Representative - District 10 - DEM","Junie Joseph",552,393,159,0
"838","2181007838","Boulder County Commissioner - District 3 - DEM","Ashley Stolzmann",552,378,174,0
"838","2181007838","Boulder County Clerk and Recorder - DEM","Molly Fitzpatrick",552,405,147,0
"838","2181007838","Boulder County Treasurer - DEM","Jenn Kaaoush",552,210,80,0
"838","2181007838","Boulder County Treasurer - DEM","Rachel Friend",552,262,80,0
"838","2181007838","Boulder County Assessor - DEM","Cynthia Braddock",552,370,182,0
"838","2181007838","Boulder County Sheriff - DEM","Curtis Johnson",552,380,172,0
"838","2181007838","Boulder County Surveyor - DEM","Kayce D. W. Keane",552,371,181,0
"838","2181007838","Boulder County Coroner - DEM","Jeff Martin",552,371,181,0
"838","2181007838","Secretary of State - LBR","Sean Vadney",0,0,0,0
"838","2181007838","Secretary of State - LBR","Alex Astley",0,0,0,0
"838","2181007838","United States Senator - REP","Mark Baisley",51,42,9,0
"838","2181007838","Representative to the 120th United States Congress - District 2 - REP","Kelley Anne Dennison",51,25,8,0
"838","2181007838","Representative to the 120th United States Congress - District 2 - REP","Christina Blunt (Ducommun)",51,18,8,0
"838","2181007838","Governor - REP","Scott Bottoms",51,12,0,0
"838","2181007838","Governor - REP","Victor Marx",51,8,0,0
"838","2181007838","Governor - REP","Barb Kirkmeyer",51,31,0,0
"838","2181007838","Governor - REP","Kelvin ""K-Man"" Wimberly (Write-in Candidate)",51,0,0,0
"838","2181007838","Secretary of State - REP","James Wiley",51,43,8,0
"838","2181007838","State Treasurer - REP","Kevin Grantham",51,42,9,0
"838","2181007838","Attorney General - REP","Michael J. Allen",51,21,11,0
"838","2181007838","Attorney General - REP","David Willson",51,19,11,0
"838","2181007838","Regent of the University of Colorado - Congressional District 2 - REP","Marty Neilson",51,42,9,0
"838","2181007838","State Representative - District 10 - REP","There are no candidates for this office",51,0,51,0
"838","2181007838","Boulder County Commissioner - District 3 - REP","There are no candidates for this office",51,0,51,0
"838","2181007838","Boulder County Clerk and Recorder - REP","There are no candidates for this office",51,0,51,0
"838","2181007838","Boulder County Treasurer - REP","There are no candidates for this office",51,0,51,0
"838","2181007838","Boulder County Assessor - REP","There are no candidates for this office",51,0,51,0
"838","2181007838","Boulder County Sheriff - REP","There are no candidates for this office",51,0,51,0
"838","2181007838","Boulder County Surveyor - REP","There are no candidates for this office",51,0,51,0
"838","2181007838","Boulder County Coroner - REP","There are no candidates for this office",51,0,51,0
"838","2181007838","Governor - UNI","Paul Noël Fiorino",0,0,0,0
"838","2181007838","Governor - UNI","Jeff Peckman",0,0,0,0
"839","2181007839","United States Senator - DEM","Julie Gonzales",613,305,8,0
"839","2181007839","United States Senator - DEM","John Hickenlooper",613,300,8,0
"839","2181007839","Representative to the 120th United States Congress - District 2 - DEM","Joe Neguse",613,530,83,0
"839","2181007839","Governor - DEM","Phil Weiser",613,408,10,0
"839","2181007839","Governor - DEM","Michael Bennet",613,195,10,0
"839","2181007839","Secretary of State - DEM","Amanda Gonzalez",613,311,76,0
"839","2181007839","Secretary of State - DEM","Jessie Danielson",613,226,76,0
"839","2181007839","State Treasurer - DEM","Jeff Bridges",613,456,157,0
"839","2181007839","Attorney General - DEM","Jena Griswold",613,155,20,0
"839","2181007839","Attorney General - DEM","David Seligman",613,111,20,0
"839","2181007839","Attorney General - DEM","Michael Dougherty",613,272,20,0
"839","2181007839","Attorney General - DEM","Hetal Doshi",613,55,20,0
"839","2181007839","Regent of the University of Colorado - Congressional District 2 - DEM","Kubs Lalchandani",613,181,73,0
"839","2181007839","Regent of the University of Colorado - Congressional District 2 - DEM","Edie Hooton",613,239,73,0
"839","2181007839","Regent of the University of Colorado - Congressional District 2 - DEM","Murray Smith",613,120,73,0
"839","2181007839","State Representative - District 10 - DEM","Junie Joseph",613,461,152,0
"839","2181007839","Boulder County Commissioner - District 3 - DEM","Ashley Stolzmann",613,439,174,0
"839","2181007839","Boulder County Clerk and Recorder - DEM","Molly Fitzpatrick",613,457,156,0
"839","2181007839","Boulder County Treasurer - DEM","Jenn Kaaoush",613,241,69,0
"839","2181007839","Boulder County Treasurer - DEM","Rachel Friend",613,303,69,0
"839","2181007839","Boulder County Assessor - DEM","Cynthia Braddock",613,428,185,0
"839","2181007839","Boulder County Sheriff - DEM","Curtis Johnson",613,429,184,0
"839","2181007839","Boulder County Surveyor - DEM","Kayce D. W. Keane",613,428,185,0
"839","2181007839","Boulder County Coroner - DEM","Jeff Martin",613,428,185,0
"839","2181007839","Secretary of State - LBR","Sean Vadney",0,0,0,0
"839","2181007839","Secretary of State - LBR","Alex Astley",0,0,0,0
"839","2181007839","United States Senator - REP","Mark Baisley",41,21,20,0
"839","2181007839","Representative to the 120th United States Congress - District 2 - REP","Kelley Anne Dennison",41,20,9,0
"839","2181007839","Representative to the 120th United States Congress - District 2 - REP","Christina Blunt (Ducommun)",41,12,9,0
"839","2181007839","Governor - REP","Scott Bottoms",41,11,0,0
"839","2181007839","Governor - REP","Victor Marx",41,5,0,0
"839","2181007839","Governor - REP","Barb Kirkmeyer",41,25,0,0
"839","2181007839","Governor - REP","Kelvin ""K-Man"" Wimberly (Write-in Candidate)",41,0,0,0
"839","2181007839","Secretary of State - REP","James Wiley",41,23,18,0
"839","2181007839","State Treasurer - REP","Kevin Grantham",41,22,19,0
"839","2181007839","Attorney General - REP","Michael J. Allen",41,28,6,0
"839","2181007839","Attorney General - REP","David Willson",41,7,6,0
"839","2181007839","Regent of the University of Colorado - Congressional District 2 - REP","Marty Neilson",41,24,17,0
"839","2181007839","State Representative - District 10 - REP","There are no candidates for this office",41,0,41,0
"839","2181007839","Boulder County Commissioner - District 3 - REP","There are no candidates for this office",41,0,41,0
"839","2181007839","Boulder County Clerk and Recorder - REP","There are no candidates for this office",41,0,41,0
"839","2181007839","Boulder County Treasurer - REP","There are no candidates for this office",41,0,41,0
"839","2181007839","Boulder County Assessor - REP","There are no candidates for this office",41,0,41,0
"839","2181007839","Boulder County Sheriff - REP","There are no candidates for this office",41,0,41,0
"839","2181007839","Boulder County Surveyor - REP","There are no candidates for this office",41,0,41,0
"839","2181007839","Boulder County Coroner - REP","There are no candidates for this office",41,0,41,0
"839","2181007839","Governor - UNI","Paul Noël Fiorino",0,0,0,0
"839","2181007839","Governor - UNI","Jeff Peckman",0,0,0,0
"840","2181007840","United States Senator - DEM","Julie Gonzales",826,395,12,0
"840","2181007840","United States Senator - DEM","John Hickenlooper",826,419,12,0
"840","2181007840","Representative to the 120th United States Congress - District 2 - DEM","Joe Neguse",826,741,85,0
"840","2181007840","Governor - DEM","Phil Weiser",826,536,10,0
"840","2181007840","Governor - DEM","Michael Bennet",826,280,10,0
"840","2181007840","Secretary of State - DEM","Amanda Gonzalez",826,486,105,0
"840","2181007840","Secretary of State - DEM","Jessie Danielson",826,235,105,0
"840","2181007840","State Treasurer - DEM","Jeff Bridges",826,679,147,0
"840","2181007840","Attorney General - DEM","Jena Griswold",826,180,31,0
"840","2181007840","Attorney General - DEM","David Seligman",826,146,31,0
"840","2181007840","Attorney General - DEM","Michael Dougherty",826,403,31,0
"840","2181007840","Attorney General - DEM","Hetal Doshi",826,66,31,0
"840","2181007840","Regent of the University of Colorado - Congressional District 2 - DEM","Kubs Lalchandani",826,241,93,1
"840","2181007840","Regent of the University of Colorado - Congressional District 2 - DEM","Edie Hooton",826,336,93,1
"840","2181007840","Regent of the University of Colorado - Congressional District 2 - DEM","Murray Smith",826,155,93,1
"840","2181007840","State Representative - District 10 - DEM","Junie Joseph",826,676,150,0
"840","2181007840","Boulder County Commissioner - District 3 - DEM","Ashley Stolzmann",826,660,166,0
"840","2181007840","Boulder County Clerk and Recorder - DEM","Molly Fitzpatrick",826,682,144,0
"840","2181007840","Boulder County Treasurer - DEM","Jenn Kaaoush",826,291,102,2
"840","2181007840","Boulder County Treasurer - DEM","Rachel Friend",826,431,102,2
"840","2181007840","Boulder County Assessor - DEM","Cynthia Braddock",826,634,192,0
"840","2181007840","Boulder County Sheriff - DEM","Curtis Johnson",826,641,185,0
"840","2181007840","Boulder County Surveyor - DEM","Kayce D. W. Keane",826,624,202,0
"840","2181007840","Boulder County Coroner - DEM","Jeff Martin",826,629,197,0
"840","2181007840","Secretary of State - LBR","Sean Vadney",0,0,0,0
"840","2181007840","Secretary of State - LBR","Alex Astley",0,0,0,0
"840","2181007840","United States Senator - REP","Mark Baisley",67,47,20,0
"840","2181007840","Representative to the 120th United States Congress - District 2 - REP","Kelley Anne Dennison",67,40,6,0
"840","2181007840","Representative to the 120th United States Congress - District 2 - REP","Christina Blunt (Ducommun)",67,21,6,0
"840","2181007840","Governor - REP","Scott Bottoms",67,17,7,0
"840","2181007840","Governor - REP","Victor Marx",67,10,7,0
"840","2181007840","Governor - REP","Barb Kirkmeyer",67,33,7,0
"840","2181007840","Governor - REP","Kelvin ""K-Man"" Wimberly (Write-in Candidate)",67,0,7,0
"840","2181007840","Secretary of State - REP","James Wiley",67,48,19,0
"840","2181007840","State Treasurer - REP","Kevin Grantham",67,48,19,0
"840","2181007840","Attorney General - REP","Michael J. Allen",67,34,7,0
"840","2181007840","Attorney General - REP","David Willson",67,26,7,0
"840","2181007840","Regent of the University of Colorado - Congressional District 2 - REP","Marty Neilson",67,47,20,0
"840","2181007840","State Representative - District 10 - REP","There are no candidates for this office",67,0,67,0
"840","2181007840","Boulder County Commissioner - District 3 - REP","There are no candidates for this office",67,0,67,0
"840","2181007840","Boulder County Clerk and Recorder - REP","There are no candidates for this office",67,0,67,0
"840","2181007840","Boulder County Treasurer - REP","There are no candidates for this office",67,0,67,0
"840","2181007840","Boulder County Assessor - REP","There are no candidates for this office",67,0,67,0
"840","2181007840","Boulder County Sheriff - REP","There are no candidates for this office",67,0,67,0
"840","2181007840","Boulder County Surveyor - REP","There are no candidates for this office",67,0,67,0
"840","2181007840","Boulder County Coroner - REP","There are no candidates for this office",67,0,67,0
"840","2181007840","Governor - UNI","Paul Noël Fiorino",0,0,0,0
"840","2181007840","Governor - UNI","Jeff Peckman",0,0,0,0
"841","2181007841","United States Senator - DEM","Julie Gonzales",268,187,3,0
"841","2181007841","United States Senator - DEM","John Hickenlooper",268,78,3,0
"841","2181007841","Representative to the 120th United States Congress - District 2 - DEM","Joe Neguse",268,216,52,0
"841","2181007841","Governor - DEM","Phil Weiser",268,200,9,0
"841","2181007841","Governor - DEM","Michael Bennet",268,59,9,0
"841","2181007841","Secretary of State - DEM","Amanda Gonzalez",268,154,33,0
"841","2181007841","Secretary of State - DEM","Jessie Danielson",268,81,33,0
"841","2181007841","State Treasurer - DEM","Jeff Bridges",268,186,82,0
"841","2181007841","Attorney General - DEM","Jena Griswold",268,66,14,0
"841","2181007841","Attorney General - DEM","David Seligman",268,83,14,0
"841","2181007841","Attorney General - DEM","Michael Dougherty",268,75,14,0
"841","2181007841","Attorney General - DEM","Hetal Doshi",268,30,14,0
"841","2181007841","Regent of the University of Colorado - Congressional District 2 - DEM","Kubs Lalchandani",268,69,30,0
"841","2181007841","Regent of the University of Colorado - Congressional District 2 - DEM","Edie Hooton",268,71,30,0
"841","2181007841","Regent of the University of Colorado - Congressional District 2 - DEM","Murray Smith",268,98,30,0
"841","2181007841","State Representative - District 10 - DEM","Junie Joseph",268,181,87,0
"841","2181007841","Boulder County Commissioner - District 3 - DEM","Ashley Stolzmann",268,180,88,0
"841","2181007841","Boulder County Clerk and Recorder - DEM","Molly Fitzpatrick",268,188,80,0
"841","2181007841","Boulder County Treasurer - DEM","Jenn Kaaoush",268,117,35,0
"841","2181007841","Boulder County Treasurer - DEM","Rachel Friend",268,116,35,0
"841","2181007841","Boulder County Assessor - DEM","Cynthia Braddock",268,167,101,0
"841","2181007841","Boulder County Sheriff - DEM","Curtis Johnson",268,162,106,0
"841","2181007841","Boulder County Surveyor - DEM","Kayce D. W. Keane",268,166,102,0
"841","2181007841","Boulder County Coroner - DEM","Jeff Martin",268,164,104,0
"841","2181007841","Representative to the 120th United States Congress - District 2 - REP","Kelley Anne Dennison",10,6,2,0
"841","2181007841","Representative to the 120th United States Congress - District 2 - REP","Christina Blunt (Ducommun)",10,2,2,0
"841","2181007841","Regent of the University of Colorado - Congressional District 2 - REP","Marty Neilson",10,8,2,0
"841","2181007841","State Representative - District 10 - REP","There are no candidates for this office",10,0,10,0
"841","2181007841","Boulder County Commissioner - District 3 - REP","There are no candidates for this office",10,0,10,0
"841","2181007841","Boulder County Clerk and Recorder - REP","There are no candidates for this office",10,0,10,0
"841","2181007841","Boulder County Treasurer - REP","There are no candidates for this office",10,0,10,0
"841","2181007841","Boulder County Assessor - REP","There are no candidates for this office",10,0,10,0
"841","2181007841","Boulder County Sheriff - REP","There are no candidates for this office",10,0,10,0
"841","2181007841","Boulder County Surveyor - REP","There are no candidates for this office",10,0,10,0
"841","2181007841","Boulder County Coroner - REP","There are no candidates for this office",10,0,10,0
"841","2181007841","Governor - UNI","Paul Noël Fiorino",0,0,0,0
"841","2181007841","Governor - UNI","Jeff Peckman",0,0,0,0
"842","2181007842","United States Senator - DEM","Julie Gonzales",321,120,5,0
"842","2181007842","United States Senator - DEM","John Hickenlooper",321,196,5,0
"842","2181007842","Representative to the 120th United States Congress - District 2 - DEM","Joe Neguse",321,276,45,0
"842","2181007842","Governor - DEM","Phil Weiser",321,193,4,0
"842","2181007842","Governor - DEM","Michael Bennet",321,124,4,0
"842","2181007842","Secretary of State - DEM","Amanda Gonzalez",321,155,40,0
"842","2181007842","Secretary of State - DEM","Jessie Danielson",321,126,40,0
"842","2181007842","State Treasurer - DEM","Jeff Bridges",321,238,83,0
"842","2181007842","Attorney General - DEM","Jena Griswold",321,61,8,0
"842","2181007842","Attorney General - DEM","David Seligman",321,38,8,0
"842","2181007842","Attorney General - DEM","Michael Dougherty",321,183,8,0
"842","2181007842","Attorney General - DEM","Hetal Doshi",321,31,8,0
"842","2181007842","Regent of the University of Colorado - Congressional District 2 - DEM","Kubs Lalchandani",321,94,35,0
"842","2181007842","Regent of the University of Colorado - Congressional District 2 - DEM","Edie Hooton",321,139,35,0
"842","2181007842","Regent of the University of Colorado - Congressional District 2 - DEM","Murray Smith",321,53,35,0
"842","2181007842","State Representative - District 10 - DEM","Junie Joseph",321,230,91,0
"842","2181007842","Boulder County Commissioner - District 3 - DEM","Ashley Stolzmann",321,230,91,0
"842","2181007842","Boulder County Clerk and Recorder - DEM","Molly Fitzpatrick",321,237,84,0
"842","2181007842","Boulder County Treasurer - DEM","Jenn Kaaoush",321,124,36,0
"842","2181007842","Boulder County Treasurer - DEM","Rachel Friend",321,161,36,0
"842","2181007842","Boulder County Assessor - DEM","Cynthia Braddock",321,224,97,0
"842","2181007842","Boulder County Sheriff - DEM","Curtis Johnson",321,222,99,0
"842","2181007842","Boulder County Surveyor - DEM","Kayce D. W. Keane",321,220,101,0
"842","2181007842","Boulder County Coroner - DEM","Jeff Martin",321,221,100,0
"842","2181007842","Secretary of State - LBR","Sean Vadney",0,0,0,0
"842","2181007842","Secretary of State - LBR","Alex Astley",0,0,0,0
"842","2181007842","United States Senator - REP","Mark Baisley",37,31,6,0
"842","2181007842","Representative to the 120th United States Congress - District 2 - REP","Kelley Anne Dennison",37,20,7,0
"842","2181007842","Representative to the 120th United States Congress - District 2 - REP","Christina Blunt (Ducommun)",37,10,7,0
"842","2181007842","Governor - REP","Scott Bottoms",37,3,1,0
"842","2181007842","Governor - REP","Victor Marx",37,11,1,0
"842","2181007842","Governor - REP","Barb Kirkmeyer",37,22,1,0
"842","2181007842","Governor - REP","Kelvin ""K-Man"" Wimberly (Write-in Candidate)",37,0,1,0
"842","2181007842","Secretary of State - REP","James Wiley",37,30,7,0
"842","2181007842","State Treasurer - REP","Kevin Grantham",37,30,7,0
"842","2181007842","Attorney General - REP","Michael J. Allen",37,20,5,0
"842","2181007842","Attorney General - REP","David Willson",37,12,5,0
"842","2181007842","Regent of the University of Colorado - Congressional District 2 - REP","Marty Neilson",37,31,6,0
"842","2181007842","State Representative - District 10 - REP","There are no candidates for this office",37,0,37,0
"842","2181007842","Boulder County Commissioner - District 3 - REP","There are no candidates for this office",37,0,37,0
"842","2181007842","Boulder County Clerk and Recorder - REP","There are no candidates for this office",37,0,37,0
"842","2181007842","Boulder County Treasurer - REP","There are no candidates for this office",37,0,37,0
"842","2181007842","Boulder County Assessor - REP","There are no candidates for this office",37,0,37,0
"842","2181007842","Boulder County Sheriff - REP","There are no candidates for this office",37,0,37,0
"842","2181007842","Boulder County Surveyor - REP","There are no candidates for this office",37,0,37,0
"842","2181007842","Boulder County Coroner - REP","There are no candidates for this office",37,0,37,0
"842","2181007842","Governor - UNI","Paul Noël Fiorino",0,0,0,0
"842","2181007842","Governor - UNI","Jeff Peckman",0,0,0,0
"843","2181007843","United States Senator - DEM","Julie Gonzales",458,284,7,0
"843","2181007843","United States Senator - DEM","John Hickenlooper",458,167,7,0
"843","2181007843","Representative to the 120th United States Congress - District 2 - DEM","Joe Neguse",458,385,73,0
"843","2181007843","Governor - DEM","Phil Weiser",458,313,12,0
"843","2181007843","Governor - DEM","Michael Bennet",458,133,12,0
"843","2181007843","Secretary of State - DEM","Amanda Gonzalez",458,281,47,0
"843","2181007843","Secretary of State - DEM","Jessie Danielson",458,130,47,0
"843","2181007843","State Treasurer - DEM","Jeff Bridges",458,339,119,0
"843","2181007843","Attorney General - DEM","Jena Griswold",458,124,12,0
"843","2181007843","Attorney General - DEM","David Seligman",458,137,12,0
"843","2181007843","Attorney General - DEM","Michael Dougherty",458,133,12,0
"843","2181007843","Attorney General - DEM","Hetal Doshi",458,52,12,0
"843","2181007843","Regent of the University of Colorado - Congressional District 2 - DEM","Kubs Lalchandani",458,151,67,1
"843","2181007843","Regent of the University of Colorado - Congressional District 2 - DEM","Edie Hooton",458,111,67,1
"843","2181007843","Regent of the University of Colorado - Congressional District 2 - DEM","Murray Smith",458,128,67,1
"843","2181007843","State Representative - District 10 - DEM","Junie Joseph",458,346,112,0
"843","2181007843","Boulder County Commissioner - District 3 - DEM","Ashley Stolzmann",458,325,133,0
"843","2181007843","Boulder County Clerk and Recorder - DEM","Molly Fitzpatrick",458,335,123,0
"843","2181007843","Boulder County Treasurer - DEM","Jenn Kaaoush",458,197,69,1
"843","2181007843","Boulder County Treasurer - DEM","Rachel Friend",458,191,69,1
"843","2181007843","Boulder County Assessor - DEM","Cynthia Braddock",458,310,148,0
"843","2181007843","Boulder County Sheriff - DEM","Curtis Johnson",458,304,154,0
"843","2181007843","Boulder County Surveyor - DEM","Kayce D. W. Keane",458,307,151,0
"843","2181007843","Boulder County Coroner - DEM","Jeff Martin",458,310,148,0
"843","2181007843","Secretary of State - LBR","Sean Vadney",0,0,0,0
"843","2181007843","Secretary of State - LBR","Alex Astley",0,0,0,0
"843","2181007843","United States Senator - REP","Mark Baisley",25,18,7,0
"843","2181007843","Representative to the 120th United States Congress - District 2 - REP","Kelley Anne Dennison",25,13,4,0
"843","2181007843","Representative to the 120th United States Congress - District 2 - REP","Christina Blunt (Ducommun)",25,8,4,0
"843","2181007843","Governor - REP","Scott Bottoms",25,8,1,0
"843","2181007843","Governor - REP","Victor Marx",25,2,1,0
"843","2181007843","Governor - REP","Barb Kirkmeyer",25,14,1,0
"843","2181007843","Governor - REP","Kelvin ""K-Man"" Wimberly (Write-in Candidate)",25,0,1,0
"843","2181007843","Secretary of State - REP","James Wiley",25,18,7,0
"843","2181007843","State Treasurer - REP","Kevin Grantham",25,19,6,0
"843","2181007843","Attorney General - REP","Michael J. Allen",25,12,3,0
"843","2181007843","Attorney General - REP","David Willson",25,10,3,0
"843","2181007843","Regent of the University of Colorado - Congressional District 2 - REP","Marty Neilson",25,17,8,0
"843","2181007843","State Representative - District 10 - REP","There are no candidates for this office",25,0,25,0
"843","2181007843","Boulder County Commissioner - District 3 - REP","There are no candidates for this office",25,0,25,0
"843","2181007843","Boulder County Clerk and Recorder - REP","There are no candidates for this office",25,0,25,0
"843","2181007843","Boulder County Treasurer - REP","There are no candidates for this office",25,0,25,0
"843","2181007843","Boulder County Assessor - REP","There are no candidates for this office",25,0,25,0
"843","2181007843","Boulder County Sheriff - REP","There are no candidates for this office",25,0,25,0
"843","2181007843","Boulder County Surveyor - REP","There are no candidates for this office",25,0,25,0
"843","2181007843","Boulder County Coroner - REP","There are no candidates for this office",25,0,25,0
"844","2184907844","United States Senator - DEM","Julie Gonzales",482,193,7,0
"844","2184907844","United States Senator - DEM","John Hickenlooper",482,282,7,0
"844","2184907844","Representative to the 120th United States Congress - District 2 - DEM","Joe Neguse",482,433,49,0
"844","2184907844","Governor - DEM","Phil Weiser",482,337,9,0
"844","2184907844","Governor - DEM","Michael Bennet",482,136,9,0
"844","2184907844","Secretary of State - DEM","Amanda Gonzalez",482,231,62,0
"844","2184907844","Secretary of State - DEM","Jessie Danielson",482,189,62,0
"844","2184907844","State Treasurer - DEM","Jeff Bridges",482,358,124,0
"844","2184907844","Attorney General - DEM","Jena Griswold",482,91,10,0
"844","2184907844","Attorney General - DEM","David Seligman",482,45,10,0
"844","2184907844","Attorney General - DEM","Michael Dougherty",482,296,10,0
"844","2184907844","Attorney General - DEM","Hetal Doshi",482,40,10,0
"844","2184907844","Regent of the University of Colorado - Congressional District 2 - DEM","Kubs Lalchandani",482,142,50,0
"844","2184907844","Regent of the University of Colorado - Congressional District 2 - DEM","Edie Hooton",482,203,50,0
"844","2184907844","Regent of the University of Colorado - Congressional District 2 - DEM","Murray Smith",482,87,50,0
"844","2184907844","State Representative - District 49 - DEM","Lesley Smith",482,346,136,0
"844","2184907844","Boulder County Commissioner - District 3 - DEM","Ashley Stolzmann",482,344,138,0
"844","2184907844","Boulder County Clerk and Recorder - DEM","Molly Fitzpatrick",482,357,125,0
"844","2184907844","Boulder County Treasurer - DEM","Jenn Kaaoush",482,158,58,0
"844","2184907844","Boulder County Treasurer - DEM","Rachel Friend",482,266,58,0
"844","2184907844","Boulder County Assessor - DEM","Cynthia Braddock",482,335,147,0
"844","2184907844","Boulder County Sheriff - DEM","Curtis Johnson",482,342,140,0
"844","2184907844","Boulder County Surveyor - DEM","Kayce D. W. Keane",482,337,145,0
"844","2184907844","Boulder County Coroner - DEM","Jeff Martin",482,338,144,0
"844","2184907844","Secretary of State - LBR","Sean Vadney",0,0,0,0
"844","2184907844","Secretary of State - LBR","Alex Astley",0,0,0,0
"844","2184907844","United States Senator - REP","Mark Baisley",30,24,6,0
"844","2184907844","Representative to the 120th United States Congress - District 2 - REP","Kelley Anne Dennison",30,15,9,0
"844","2184907844","Representative to the 120th United States Congress - District 2 - REP","Christina Blunt (Ducommun)",30,6,9,0
"844","2184907844","Governor - REP","Scott Bottoms",30,6,1,0
"844","2184907844","Governor - REP","Victor Marx",30,6,1,0
"844","2184907844","Governor - REP","Barb Kirkmeyer",30,17,1,0
"844","2184907844","Governor - REP","Kelvin ""K-Man"" Wimberly (Write-in Candidate)",30,0,1,0
"844","2184907844","Secretary of State - REP","James Wiley",30,23,7,0
"844","2184907844","State Treasurer - REP","Kevin Grantham",30,23,7,0
"844","2184907844","Attorney General - REP","Michael J. Allen",30,17,12,0
"844","2184907844","Attorney General - REP","David Willson",30,1,12,0
"844","2184907844","Regent of the University of Colorado - Congressional District 2 - REP","Marty Neilson",30,22,8,0
"844","2184907844","State Representative - District 49 - REP","Michael Sheperek",30,21,9,0
"844","2184907844","Boulder County Commissioner - District 3 - REP","There are no candidates for this office",30,0,30,0
"844","2184907844","Boulder County Clerk and Recorder - REP","There are no candidates for this office",30,0,30,0
"844","2184907844","Boulder County Treasurer - REP","There are no candidates for this office",30,0,30,0
"844","2184907844","Boulder County Assessor - REP","There are no candidates for this office",30,0,30,0
"844","2184907844","Boulder County Sheriff - REP","There are no candidates for this office",30,0,30,0
"844","2184907844","Boulder County Surveyor - REP","There are no candidates for this office",30,0,30,0
"844","2184907844","Boulder County Coroner - REP","There are no candidates for this office",30,0,30,0
"844","2184907844","Governor - UNI","Paul Noël Fiorino",0,0,0,0
"844","2184907844","Governor - UNI","Jeff Peckman",0,0,0,0
"845","2184907845","United States Senator - DEM","Julie Gonzales",765,351,6,0
"845","2184907845","United States Senator - DEM","John Hickenlooper",765,408,6,0
"845","2184907845","Representative to the 120th United States Congress - District 2 - DEM","Joe Neguse",765,692,73,0
"845","2184907845","Governor - DEM","Phil Weiser",765,508,17,0
"845","2184907845","Governor - DEM","Michael Bennet",765,240,17,0
"845","2184907845","Secretary of State - DEM","Amanda Gonzalez",765,403,112,0
"845","2184907845","Secretary of State - DEM","Jessie Danielson",765,250,112,0
"845","2184907845","State Treasurer - DEM","Jeff Bridges",765,570,195,0
"845","2184907845","Attorney General - DEM","Jena Griswold",765,173,24,0
"845","2184907845","Attorney General - DEM","David Seligman",765,149,24,0
"845","2184907845","Attorney General - DEM","Michael Dougherty",765,360,24,0
"845","2184907845","Attorney General - DEM","Hetal Doshi",765,59,24,0
"845","2184907845","Regent of the University of Colorado - Congressional District 2 - DEM","Kubs Lalchandani",765,235,92,0
"845","2184907845","Regent of the University of Colorado - Congressional District 2 - DEM","Edie Hooton",765,296,92,0
"845","2184907845","Regent of the University of Colorado - Congressional District 2 - DEM","Murray Smith",765,142,92,0
"845","2184907845","State Representative - District 49 - DEM","Lesley Smith",765,554,211,0
"845","2184907845","Boulder County Commissioner - District 3 - DEM","Ashley Stolzmann",765,548,217,0
"845","2184907845","Boulder County Clerk and Recorder - DEM","Molly Fitzpatrick",765,570,195,0
"845","2184907845","Boulder County Treasurer - DEM","Jenn Kaaoush",765,245,106,0
"845","2184907845","Boulder County Treasurer - DEM","Rachel Friend",765,414,106,0
"845","2184907845","Boulder County Assessor - DEM","Cynthia Braddock",765,533,232,0
"845","2184907845","Boulder County Sheriff - DEM","Curtis Johnson",765,532,233,0
"845","2184907845","Boulder County Surveyor - DEM","Kayce D. W. Keane",765,521,244,0
"845","2184907845","Boulder County Coroner - DEM","Jeff Martin",765,528,237,0
"845","2184907845","United States Senator - REP","Mark Baisley",44,34,10,0
"845","2184907845","Representative to the 120th United States Congress - District 2 - REP","Kelley Anne Dennison",44,18,8,0
"845","2184907845","Representative to the 120th United States Congress - District 2 - REP","Christina Blunt (Ducommun)",44,18,8,0
"845","2184907845","Governor - REP","Scott Bottoms",44,12,1,0
"845","2184907845","Governor - REP","Victor Marx",44,13,1,0
"845","2184907845","Governor - REP","Barb Kirkmeyer",44,18,1,0
"845","2184907845","Governor - REP","Kelvin ""K-Man"" Wimberly (Write-in Candidate)",44,0,1,0
"845","2184907845","Secretary of State - REP","James Wiley",44,31,13,0
"845","2184907845","State Treasurer - REP","Kevin Grantham",44,30,14,0
"845","2184907845","Attorney General - REP","Michael J. Allen",44,21,8,0
"845","2184907845","Attorney General - REP","David Willson",44,15,8,0
"845","2184907845","Regent of the University of Colorado - Congressional District 2 - REP","Marty Neilson",44,29,15,0
"845","2184907845","State Representative - District 49 - REP","Michael Sheperek",44,29,15,0
"845","2184907845","Boulder County Commissioner - District 3 - REP","There are no candidates for this office",44,0,44,0
"845","2184907845","Boulder County Clerk and Recorder - REP","There are no candidates for this office",44,0,44,0
"845","2184907845","Boulder County Treasurer - REP","There are no candidates for this office",44,0,44,0
"845","2184907845","Boulder County Assessor - REP","There are no candidates for this office",44,0,44,0
"845","2184907845","Boulder County Sheriff - REP","There are no candidates for this office",44,0,44,0
"845","2184907845","Boulder County Surveyor - REP","There are no candidates for this office",44,0,44,0
"845","2184907845","Boulder County Coroner - REP","There are no candidates for this office",44,0,44,0
"845","2184907845","Governor - UNI","Paul Noël Fiorino",0,0,0,0
"845","2184907845","Governor - UNI","Jeff Peckman",0,0,0,0
"846","2181007846","United States Senator - DEM","Julie Gonzales",355,209,4,0
"846","2181007846","United States Senator - DEM","John Hickenlooper",355,142,4,0
"846","2181007846","Representative to the 120th United States Congress - District 2 - DEM","Joe Neguse",355,303,52,0
"846","2181007846","Governor - DEM","Phil Weiser",355,256,4,0
"846","2181007846","Governor - DEM","Michael Bennet",355,95,4,0
"846","2181007846","Secretary of State - DEM","Amanda Gonzalez",355,235,28,0
"846","2181007846","Secretary of State - DEM","Jessie Danielson",355,92,28,0
"846","2181007846","State Treasurer - DEM","Jeff Bridges",355,268,87,0
"846","2181007846","Attorney General - DEM","Jena Griswold",355,72,11,0
"846","2181007846","Attorney General - DEM","David Seligman",355,78,11,0
"846","2181007846","Attorney General - DEM","Michael Dougherty",355,148,11,0
"846","2181007846","Attorney General - DEM","Hetal Doshi",355,46,11,0
"846","2181007846","Regent of the University of Colorado - Congressional District 2 - DEM","Kubs Lalchandani",355,103,46,0
"846","2181007846","Regent of the University of Colorado - Congressional District 2 - DEM","Edie Hooton",355,94,46,0
"846","2181007846","Regent of the University of Colorado - Congressional District 2 - DEM","Murray Smith",355,112,46,0
"846","2181007846","State Representative - District 10 - DEM","Junie Joseph",355,273,82,0
"846","2181007846","Boulder County Commissioner - District 3 - DEM","Ashley Stolzmann",355,255,100,0
"846","2181007846","Boulder County Clerk and Recorder - DEM","Molly Fitzpatrick",355,268,87,0
"846","2181007846","Boulder County Treasurer - DEM","Jenn Kaaoush",355,155,38,0
"846","2181007846","Boulder County Treasurer - DEM","Rachel Friend",355,162,38,0
"846","2181007846","Boulder County Assessor - DEM","Cynthia Braddock",355,249,106,0
"846","2181007846","Boulder County Sheriff - DEM","Curtis Johnson",355,249,106,0
"846","2181007846","Boulder County Surveyor - DEM","Kayce D. W. Keane",355,247,108,0
"846","2181007846","Boulder County Coroner - DEM","Jeff Martin",355,248,107,0
"846","2181007846","Secretary of State - LBR","Sean Vadney",0,0,0,0
"846","2181007846","Secretary of State - LBR","Alex Astley",0,0,0,0
"846","2181007846","United States Senator - REP","Mark Baisley",14,9,5,0
"846","2181007846","Representative to the 120th United States Congress - District 2 - REP","Kelley Anne Dennison",14,6,4,0
"846","2181007846","Representative to the 120th United States Congress - District 2 - REP","Christina Blunt (Ducommun)",14,4,4,0
"846","2181007846","Governor - REP","Scott Bottoms",14,2,3,0
"846","2181007846","Governor - REP","Victor Marx",14,6,3,0
"846","2181007846","Governor - REP","Barb Kirkmeyer",14,3,3,0
"846","2181007846","Governor - REP","Kelvin ""K-Man"" Wimberly (Write-in Candidate)",14,0,3,0
"846","2181007846","Secretary of State - REP","James Wiley",14,9,5,0
"846","2181007846","State Treasurer - REP","Kevin Grantham",14,8,6,0
"846","2181007846","Attorney General - REP","Michael J. Allen",14,2,2,0
"846","2181007846","Attorney General - REP","David Willson",14,10,2,0
"846","2181007846","Regent of the University of Colorado - Congressional District 2 - REP","Marty Neilson",14,7,7,0
"846","2181007846","State Representative - District 10 - REP","There are no candidates for this office",14,0,14,0
"846","2181007846","Boulder County Commissioner - District 3 - REP","There are no candidates for this office",14,0,14,0
"846","2181007846","Boulder County Clerk and Recorder - REP","There are no candidates for this office",14,0,14,0
"846","2181007846","Boulder County Treasurer - REP","There are no candidates for this office",14,0,14,0
"846","2181007846","Boulder County Assessor - REP","There are no candidates for this office",14,0,14,0
"846","2181007846","Boulder County Sheriff - REP","There are no candidates for this office",14,0,14,0
"846","2181007846","Boulder County Surveyor - REP","There are no candidates for this office",14,0,14,0
"846","2181007846","Boulder County Coroner - REP","There are no candidates for this office",14,0,14,0
"846","2181007846","Governor - UNI","Paul Noël Fiorino",0,0,0,0
"846","2181007846","Governor - UNI","Jeff Peckman",0,0,0,0
"847","2181007847","United States Senator - DEM","Julie Gonzales",277,170,2,0
"847","2181007847","United States Senator - DEM","John Hickenlooper",277,105,2,0
"847","2181007847","Representative to the 120th United States Congress - District 2 - DEM","Joe Neguse",277,225,52,0
"847","2181007847","Governor - DEM","Phil Weiser",277,190,2,0
"847","2181007847","Governor - DEM","Michael Bennet",277,85,2,0
"847","2181007847","Secretary of State - DEM","Amanda Gonzalez",277,186,28,0
"847","2181007847","Secretary of State - DEM","Jessie Danielson",277,63,28,0
"847","2181007847","State Treasurer - DEM","Jeff Bridges",277,198,79,0
"847","2181007847","Attorney General - DEM","Jena Griswold",277,57,5,0
"847","2181007847","Attorney General - DEM","David Seligman",277,87,5,0
"847","2181007847","Attorney General - DEM","Michael Dougherty",277,88,5,0
"847","2181007847","Attorney General - DEM","Hetal Doshi",277,40,5,0
"847","2181007847","Regent of the University of Colorado - Congressional District 2 - DEM","Kubs Lalchandani",277,87,28,0
"847","2181007847","Regent of the University of Colorado - Congressional District 2 - DEM","Edie Hooton",277,58,28,0
"847","2181007847","Regent of the University of Colorado - Congressional District 2 - DEM","Murray Smith",277,104,28,0
"847","2181007847","State Representative - District 10 - DEM","Junie Joseph",277,202,75,0
"847","2181007847","Boulder County Commissioner - District 3 - DEM","Ashley Stolzmann",277,192,85,0
"847","2181007847","Boulder County Clerk and Recorder - DEM","Molly Fitzpatrick",277,197,80,0
"847","2181007847","Boulder County Treasurer - DEM","Jenn Kaaoush",277,116,39,0
"847","2181007847","Boulder County Treasurer - DEM","Rachel Friend",277,122,39,0
"847","2181007847","Boulder County Assessor - DEM","Cynthia Braddock",277,187,90,0
"847","2181007847","Boulder County Sheriff - DEM","Curtis Johnson",277,186,91,0
"847","2181007847","Boulder County Surveyor - DEM","Kayce D. W. Keane",277,183,94,0
"847","2181007847","Boulder County Coroner - DEM","Jeff Martin",277,180,97,0
"847","2181007847","United States Senator - REP","Mark Baisley",12,12,0,0
"847","2181007847","Representative to the 120th United States Congress - District 2 - REP","Kelley Anne Dennison",12,9,2,0
"847","2181007847","Representative to the 120th United States Congress - District 2 - REP","Christina Blunt (Ducommun)",12,1,2,0
"847","2181007847","Governor - REP","Scott Bottoms",12,2,0,0
"847","2181007847","Governor - REP","Victor Marx",12,2,0,0
"847","2181007847","Governor - REP","Barb Kirkmeyer",12,8,0,0
"847","2181007847","Governor - REP","Kelvin ""K-Man"" Wimberly (Write-in Candidate)",12,0,0,0
"847","2181007847","Secretary of State - REP","James Wiley",12,12,0,0
"847","2181007847","State Treasurer - REP","Kevin Grantham",12,12,0,0
"847","2181007847","Attorney General - REP","Michael J. Allen",12,4,1,0
"847","2181007847","Attorney General - REP","David Willson",12,7,1,0
"847","2181007847","Regent of the University of Colorado - Congressional District 2 - REP","Marty Neilson",12,11,1,0
"847","2181007847","State Representative - District 10 - REP","There are no candidates for this office",12,0,12,0
"847","2181007847","Boulder County Commissioner - District 3 - REP","There are no candidates for this office",12,0,12,0
"847","2181007847","Boulder County Clerk and Recorder - REP","There are no candidates for this office",12,0,12,0
"847","2181007847","Boulder County Treasurer - REP","There are no candidates for this office",12,0,12,0
"847","2181007847","Boulder County Assessor - REP","There are no candidates for this office",12,0,12,0
"847","2181007847","Boulder County Sheriff - REP","There are no candidates for this office",12,0,12,0
"847","2181007847","Boulder County Surveyor - REP","There are no candidates for this office",12,0,12,0
"847","2181007847","Boulder County Coroner - REP","There are no candidates for this office",12,0,12,0
"847","2181007847","Governor - UNI","Paul Noël Fiorino",0,0,0,0
"847","2181007847","Governor - UNI","Jeff Peckman",0,0,0,0
"848","2181007848","United States Senator - DEM","Julie Gonzales",239,143,3,0
"848","2181007848","United States Senator - DEM","John Hickenlooper",239,93,3,0
"848","2181007848","Representative to the 120th United States Congress - District 2 - DEM","Joe Neguse",239,206,33,0
"848","2181007848","Governor - DEM","Phil Weiser",239,168,0,0
"848","2181007848","Governor - DEM","Michael Bennet",239,71,0,0
"848","2181007848","Secretary of State - DEM","Amanda Gonzalez",239,153,21,0
"848","2181007848","Secretary of State - DEM","Jessie Danielson",239,65,21,0
"848","2181007848","State Treasurer - DEM","Jeff Bridges",239,181,58,0
"848","2181007848","Attorney General - DEM","Jena Griswold",239,59,3,0
"848","2181007848","Attorney General - DEM","David Seligman",239,66,3,0
"848","2181007848","Attorney General - DEM","Michael Dougherty",239,83,3,0
"848","2181007848","Attorney General - DEM","Hetal Doshi",239,28,3,0
"848","2181007848","Regent of the University of Colorado - Congressional District 2 - DEM","Kubs Lalchandani",239,78,27,0
"848","2181007848","Regent of the University of Colorado - Congressional District 2 - DEM","Edie Hooton",239,70,27,0
"848","2181007848","Regent of the University of Colorado - Congressional District 2 - DEM","Murray Smith",239,64,27,0
"848","2181007848","State Representative - District 10 - DEM","Junie Joseph",239,172,67,0
"848","2181007848","Boulder County Commissioner - District 3 - DEM","Ashley Stolzmann",239,173,66,0
"848","2181007848","Boulder County Clerk and Recorder - DEM","Molly Fitzpatrick",239,175,64,0
"848","2181007848","Boulder County Treasurer - DEM","Jenn Kaaoush",239,84,38,0
"848","2181007848","Boulder County Treasurer - DEM","Rachel Friend",239,117,38,0
"848","2181007848","Boulder County Assessor - DEM","Cynthia Braddock",239,161,78,0
"848","2181007848","Boulder County Sheriff - DEM","Curtis Johnson",239,162,77,0
"848","2181007848","Boulder County Surveyor - DEM","Kayce D. W. Keane",239,160,79,0
"848","2181007848","Boulder County Coroner - DEM","Jeff Martin",239,159,80,0
"848","2181007848","Secretary of State - LBR","Sean Vadney",0,0,0,0
"848","2181007848","Secretary of State - LBR","Alex Astley",0,0,0,0
"848","2181007848","United States Senator - REP","Mark Baisley",17,7,10,0
"848","2181007848","Representative to the 120th United States Congress - District 2 - REP","Kelley Anne Dennison",17,6,5,0
"848","2181007848","Representative to the 120th United States Congress - District 2 - REP","Christina Blunt (Ducommun)",17,6,5,0
"848","2181007848","Governor - REP","Scott Bottoms",17,3,0,0
"848","2181007848","Governor - REP","Victor Marx",17,5,0,0
"848","2181007848","Governor - REP","Barb Kirkmeyer",17,9,0,0
"848","2181007848","Governor - REP","Kelvin ""K-Man"" Wimberly (Write-in Candidate)",17,0,0,0
"848","2181007848","Secretary of State - REP","James Wiley",17,7,10,0
"848","2181007848","State Treasurer - REP","Kevin Grantham",17,8,9,0
"848","2181007848","Attorney General - REP","Michael J. Allen",17,8,5,0
"848","2181007848","Attorney General - REP","David Willson",17,4,5,0
"848","2181007848","Regent of the University of Colorado - Congressional District 2 - REP","Marty Neilson",17,6,11,0
"848","2181007848","State Representative - District 10 - REP","There are no candidates for this office",17,0,17,0
"848","2181007848","Boulder County Commissioner - District 3 - REP","There are no candidates for this office",17,0,17,0
"848","2181007848","Boulder County Clerk and Recorder - REP","There are no candidates for this office",17,0,17,0
"848","2181007848","Boulder County Treasurer - REP","There are no candidates for this office",17,0,17,0
"848","2181007848","Boulder County Assessor - REP","There are no candidates for this office",17,0,17,0
"848","2181007848","Boulder County Sheriff - REP","There are no candidates for this office",17,0,17,0
"848","2181007848","Boulder County Surveyor - REP","There are no candidates for this office",17,0,17,0
"848","2181007848","Boulder County Coroner - REP","There are no candidates for this office",17,0,17,0
"848","2181007848","Governor - UNI","Paul Noël Fiorino",0,0,0,0
"848","2181007848","Governor - UNI","Jeff Peckman",0,0,0,0
"849","2181007849","United States Senator - DEM","Julie Gonzales",406,242,5,0
"849","2181007849","United States Senator - DEM","John Hickenlooper",406,159,5,0
"849","2181007849","Representative to the 120th United States Congress - District 2 - DEM","Joe Neguse",406,350,56,0
"849","2181007849","Governor - DEM","Phil Weiser",406,274,9,0
"849","2181007849","Governor - DEM","Michael Bennet",406,123,9,0
"849","2181007849","Secretary of State - DEM","Amanda Gonzalez",406,258,46,0
"849","2181007849","Secretary of State - DEM","Jessie Danielson",406,102,46,0
"849","2181007849","State Treasurer - DEM","Jeff Bridges",406,308,98,0
"849","2181007849","Attorney General - DEM","Jena Griswold",406,90,16,0
"849","2181007849","Attorney General - DEM","David Seligman",406,116,16,0
"849","2181007849","Attorney General - DEM","Michael Dougherty",406,118,16,0
"849","2181007849","Attorney General - DEM","Hetal Doshi",406,66,16,0
"849","2181007849","Regent of the University of Colorado - Congressional District 2 - DEM","Kubs Lalchandani",406,131,52,0
"849","2181007849","Regent of the University of Colorado - Congressional District 2 - DEM","Edie Hooton",406,98,52,0
"849","2181007849","Regent of the University of Colorado - Congressional District 2 - DEM","Murray Smith",406,125,52,0
"849","2181007849","State Representative - District 10 - DEM","Junie Joseph",406,306,100,0
"849","2181007849","Boulder County Commissioner - District 3 - DEM","Ashley Stolzmann",406,296,110,0
"849","2181007849","Boulder County Clerk and Recorder - DEM","Molly Fitzpatrick",406,307,99,0
"849","2181007849","Boulder County Treasurer - DEM","Jenn Kaaoush",406,176,58,0
"849","2181007849","Boulder County Treasurer - DEM","Rachel Friend",406,172,58,0
"849","2181007849","Boulder County Assessor - DEM","Cynthia Braddock",406,293,113,0
"849","2181007849","Boulder County Sheriff - DEM","Curtis Johnson",406,289,117,0
"849","2181007849","Boulder County Surveyor - DEM","Kayce D. W. Keane",406,290,116,0
"849","2181007849","Boulder County Coroner - DEM","Jeff Martin",406,291,115,0
"849","2181007849","Secretary of State - LBR","Sean Vadney",0,0,0,0
"849","2181007849","Secretary of State - LBR","Alex Astley",0,0,0,0
"849","2181007849","United States Senator - REP","Mark Baisley",22,12,10,0
"849","2181007849","Representative to the 120th United States Congress - District 2 - REP","Kelley Anne Dennison",22,11,4,0
"849","2181007849","Representative to the 120th United States Congress - District 2 - REP","Christina Blunt (Ducommun)",22,7,4,0
"849","2181007849","Governor - REP","Scott Bottoms",22,2,0,0
"849","2181007849","Governor - REP","Victor Marx",22,6,0,0
"849","2181007849","Governor - REP","Barb Kirkmeyer",22,14,0,0
"849","2181007849","Governor - REP","Kelvin ""K-Man"" Wimberly (Write-in Candidate)",22,0,0,0
"849","2181007849","Secretary of State - REP","James Wiley",22,11,11,0
"849","2181007849","State Treasurer - REP","Kevin Grantham",22,11,11,0
"849","2181007849","Attorney General - REP","Michael J. Allen",22,8,3,0
"849","2181007849","Attorney General - REP","David Willson",22,11,3,0
"849","2181007849","Regent of the University of Colorado - Congressional District 2 - REP","Marty Neilson",22,11,11,0
"849","2181007849","State Representative - District 10 - REP","There are no candidates for this office",22,0,22,0
"849","2181007849","Boulder County Commissioner - District 3 - REP","There are no candidates for this office",22,0,22,0
"849","2181007849","Boulder County Clerk and Recorder - REP","There are no candidates for this office",22,0,22,0
"849","2181007849","Boulder County Treasurer - REP","There are no candidates for this office",22,0,22,0
"849","2181007849","Boulder County Assessor - REP","There are no candidates for this office",22,0,22,0
"849","2181007849","Boulder County Sheriff - REP","There are no candidates for this office",22,0,22,0
"849","2181007849","Boulder County Surveyor - REP","There are no candidates for this office",22,0,22,0
"849","2181007849","Boulder County Coroner - REP","There are no candidates for this office",22,0,22,0
"849","2181007849","Governor - UNI","Paul Noël Fiorino",0,0,0,0
"849","2181007849","Governor - UNI","Jeff Peckman",0,0,0,0
"850","2181007850","United States Senator - DEM","Julie Gonzales",542,312,7,0
"850","2181007850","United States Senator - DEM","John Hickenlooper",542,223,7,0
"850","2181007850","Representative to the 120th United States Congress - District 2 - DEM","Joe Neguse",542,473,69,0
"850","2181007850","Governor - DEM","Phil Weiser",542,354,9,0
"850","2181007850","Governor - DEM","Michael Bennet",542,179,9,0
"850","2181007850","Secretary of State - DEM","Amanda Gonzalez",542,342,48,0
"850","2181007850","Secretary of State - DEM","Jessie Danielson",542,152,48,0
"850","2181007850","State Treasurer - DEM","Jeff Bridges",542,421,121,0
"850","2181007850","Attorney General - DEM","Jena Griswold",542,148,18,1
"850","2181007850","Attorney General - DEM","David Seligman",542,135,18,1
"850","2181007850","Attorney General - DEM","Michael Dougherty",542,178,18,1
"850","2181007850","Attorney General - DEM","Hetal Doshi",542,62,18,1
"850","2181007850","Regent of the University of Colorado - Congressional District 2 - DEM","Kubs Lalchandani",542,172,40,2
"850","2181007850","Regent of the University of Colorado - Congressional District 2 - DEM","Edie Hooton",542,164,40,2
"850","2181007850","Regent of the University of Colorado - Congressional District 2 - DEM","Murray Smith",542,164,40,2
"850","2181007850","State Representative - District 10 - DEM","Junie Joseph",542,437,105,0
"850","2181007850","Boulder County Commissioner - District 3 - DEM","Ashley Stolzmann",542,410,132,0
"850","2181007850","Boulder County Clerk and Recorder - DEM","Molly Fitzpatrick",542,434,108,0
"850","2181007850","Boulder County Treasurer - DEM","Jenn Kaaoush",542,222,72,0
"850","2181007850","Boulder County Treasurer - DEM","Rachel Friend",542,248,72,0
"850","2181007850","Boulder County Assessor - DEM","Cynthia Braddock",542,393,149,0
"850","2181007850","Boulder County Sheriff - DEM","Curtis Johnson",542,393,149,0
"850","2181007850","Boulder County Surveyor - DEM","Kayce D. W. Keane",542,394,148,0
"850","2181007850","Boulder County Coroner - DEM","Jeff Martin",542,396,146,0
"850","2181007850","United States Senator - REP","Mark Baisley",25,20,5,0
"850","2181007850","Representative to the 120th United States Congress - District 2 - REP","Kelley Anne Dennison",25,16,2,0
"850","2181007850","Representative to the 120th United States Congress - District 2 - REP","Christina Blunt (Ducommun)",25,7,2,0
"850","2181007850","Governor - REP","Scott Bottoms",25,2,1,0
"850","2181007850","Governor - REP","Victor Marx",25,9,1,0
"850","2181007850","Governor - REP","Barb Kirkmeyer",25,13,1,0
"850","2181007850","Governor - REP","Kelvin ""K-Man"" Wimberly (Write-in Candidate)",25,0,1,0
"850","2181007850","Secretary of State - REP","James Wiley",25,19,6,0
"850","2181007850","State Treasurer - REP","Kevin Grantham",25,20,5,0
"850","2181007850","Attorney General - REP","Michael J. Allen",25,16,2,0
"850","2181007850","Attorney General - REP","David Willson",25,7,2,0
"850","2181007850","Regent of the University of Colorado - Congressional District 2 - REP","Marty Neilson",25,19,6,0
"850","2181007850","State Representative - District 10 - REP","There are no candidates for this office",25,0,25,0
"850","2181007850","Boulder County Commissioner - District 3 - REP","There are no candidates for this office",25,0,25,0
"850","2181007850","Boulder County Clerk and Recorder - REP","There are no candidates for this office",25,0,25,0
"850","2181007850","Boulder County Treasurer - REP","There are no candidates for this office",25,0,25,0
"850","2181007850","Boulder County Assessor - REP","There are no candidates for this office",25,0,25,0
"850","2181007850","Boulder County Sheriff - REP","There are no candidates for this office",25,0,25,0
"850","2181007850","Boulder County Surveyor - REP","There are no candidates for this office",25,0,25,0
"850","2181007850","Boulder County Coroner - REP","There are no candidates for this office",25,0,25,0
"850","2181007850","Governor - UNI","Paul Noël Fiorino",0,0,0,0
"850","2181007850","Governor - UNI","Jeff Peckman",0,0,0,0
"851","2181007851","United States Senator - DEM","Julie Gonzales",255,153,4,0
"851","2181007851","United States Senator - DEM","John Hickenlooper",255,98,4,0
"851","2181007851","Representative to the 120th United States Congress - District 2 - DEM","Joe Neguse",255,218,37,0
"851","2181007851","Governor - DEM","Phil Weiser",255,169,6,0
"851","2181007851","Governor - DEM","Michael Bennet",255,80,6,0
"851","2181007851","Secretary of State - DEM","Amanda Gonzalez",255,164,30,0
"851","2181007851","Secretary of State - DEM","Jessie Danielson",255,61,30,0
"851","2181007851","State Treasurer - DEM","Jeff Bridges",255,194,61,0
"851","2181007851","Attorney General - DEM","Jena Griswold",255,61,9,0
"851","2181007851","Attorney General - DEM","David Seligman",255,50,9,0
"851","2181007851","Attorney General - DEM","Michael Dougherty",255,94,9,0
"851","2181007851","Attorney General - DEM","Hetal Doshi",255,41,9,0
"851","2181007851","Regent of the University of Colorado - Congressional District 2 - DEM","Kubs Lalchandani",255,93,28,0
"851","2181007851","Regent of the University of Colorado - Congressional District 2 - DEM","Edie Hooton",255,68,28,0
"851","2181007851","Regent of the University of Colorado - Congressional District 2 - DEM","Murray Smith",255,66,28,0
"851","2181007851","State Representative - District 10 - DEM","Junie Joseph",255,190,65,0
"851","2181007851","Boulder County Commissioner - District 3 - DEM","Ashley Stolzmann",255,183,72,0
"851","2181007851","Boulder County Clerk and Recorder - DEM","Molly Fitzpatrick",255,190,65,0
"851","2181007851","Boulder County Treasurer - DEM","Jenn Kaaoush",255,105,38,0
"851","2181007851","Boulder County Treasurer - DEM","Rachel Friend",255,112,38,0
"851","2181007851","Boulder County Assessor - DEM","Cynthia Braddock",255,176,79,0
"851","2181007851","Boulder County Sheriff - DEM","Curtis Johnson",255,174,81,0
"851","2181007851","Boulder County Surveyor - DEM","Kayce D. W. Keane",255,174,81,0
"851","2181007851","Boulder County Coroner - DEM","Jeff Martin",255,174,81,0
"851","2181007851","Secretary of State - LBR","Sean Vadney",0,0,0,0
"851","2181007851","Secretary of State - LBR","Alex Astley",0,0,0,0
"851","2181007851","United States Senator - REP","Mark Baisley",10,9,1,0
"851","2181007851","Representative to the 120th United States Congress - District 2 - REP","Kelley Anne Dennison",10,4,3,0
"851","2181007851","Representative to the 120th United States Congress - District 2 - REP","Christina Blunt (Ducommun)",10,3,3,0
"851","2181007851","Governor - REP","Scott Bottoms",10,1,0,0
"851","2181007851","Governor - REP","Victor Marx",10,1,0,0
"851","2181007851","Governor - REP","Barb Kirkmeyer",10,8,0,0
"851","2181007851","Governor - REP","Kelvin ""K-Man"" Wimberly (Write-in Candidate)",10,0,0,0
"851","2181007851","Secretary of State - REP","James Wiley",10,7,3,0
"851","2181007851","State Treasurer - REP","Kevin Grantham",10,7,3,0
"851","2181007851","Attorney General - REP","Michael J. Allen",10,5,1,0
"851","2181007851","Attorney General - REP","David Willson",10,4,1,0
"851","2181007851","Regent of the University of Colorado - Congressional District 2 - REP","Marty Neilson",10,7,3,0
"851","2181007851","State Representative - District 10 - REP","There are no candidates for this office",10,0,10,0
"851","2181007851","Boulder County Commissioner - District 3 - REP","There are no candidates for this office",10,0,10,0
"851","2181007851","Boulder County Clerk and Recorder - REP","There are no candidates for this office",10,0,10,0
"851","2181007851","Boulder County Treasurer - REP","There are no candidates for this office",10,0,10,0
"851","2181007851","Boulder County Assessor - REP","There are no candidates for this office",10,0,10,0
"851","2181007851","Boulder County Sheriff - REP","There are no candidates for this office",10,0,10,0
"851","2181007851","Boulder County Surveyor - REP","There are no candidates for this office",10,0,10,0
"851","2181007851","Boulder County Coroner - REP","There are no candidates for this office",10,0,10,0
"851","2181007851","Governor - UNI","Paul Noël Fiorino",0,0,0,0
"851","2181007851","Governor - UNI","Jeff Peckman",0,0,0,0
"852","2184907852","United States Senator - DEM","Julie Gonzales",330,167,7,0
"852","2184907852","United States Senator - DEM","John Hickenlooper",330,156,7,0
"852","2184907852","Representative to the 120th United States Congress - District 2 - DEM","Joe Neguse",330,301,29,0
"852","2184907852","Governor - DEM","Phil Weiser",330,229,9,0
"852","2184907852","Governor - DEM","Michael Bennet",330,92,9,0
"852","2184907852","Secretary of State - DEM","Amanda Gonzalez",330,168,44,0
"852","2184907852","Secretary of State - DEM","Jessie Danielson",330,118,44,0
"852","2184907852","State Treasurer - DEM","Jeff Bridges",330,248,82,0
"852","2184907852","Attorney General - DEM","Jena Griswold",330,64,8,0
"852","2184907852","Attorney General - DEM","David Seligman",330,43,8,0
"852","2184907852","Attorney General - DEM","Michael Dougherty",330,188,8,0
"852","2184907852","Attorney General - DEM","Hetal Doshi",330,27,8,0
"852","2184907852","Regent of the University of Colorado - Congressional District 2 - DEM","Kubs Lalchandani",330,149,33,1
"852","2184907852","Regent of the University of Colorado - Congressional District 2 - DEM","Edie Hooton",330,82,33,1
"852","2184907852","Regent of the University of Colorado - Congressional District 2 - DEM","Murray Smith",330,65,33,1
"852","2184907852","State Representative - District 49 - DEM","Lesley Smith",330,251,79,0
"852","2184907852","Boulder County Commissioner - District 3 - DEM","Ashley Stolzmann",330,246,84,0
"852","2184907852","Boulder County Clerk and Recorder - DEM","Molly Fitzpatrick",330,262,68,0
"852","2184907852","Boulder County Treasurer - DEM","Jenn Kaaoush",330,129,38,0
"852","2184907852","Boulder County Treasurer - DEM","Rachel Friend",330,163,38,0
"852","2184907852","Boulder County Assessor - DEM","Cynthia Braddock",330,239,91,0
"852","2184907852","Boulder County Sheriff - DEM","Curtis Johnson",330,240,90,0
"852","2184907852","Boulder County Surveyor - DEM","Kayce D. W. Keane",330,237,93,0
"852","2184907852","Boulder County Coroner - DEM","Jeff Martin",330,239,91,0
"852","2184907852","Secretary of State - LBR","Sean Vadney",0,0,0,0
"852","2184907852","Secretary of State - LBR","Alex Astley",0,0,0,0
"852","2184907852","United States Senator - REP","Mark Baisley",25,18,7,0
"852","2184907852","Representative to the 120th United States Congress - District 2 - REP","Kelley Anne Dennison",25,20,4,0
"852","2184907852","Representative to the 120th United States Congress - District 2 - REP","Christina Blunt (Ducommun)",25,1,4,0
"852","2184907852","Governor - REP","Scott Bottoms",25,9,2,0
"852","2184907852","Governor - REP","Victor Marx",25,3,2,0
"852","2184907852","Governor - REP","Barb Kirkmeyer",25,11,2,0
"852","2184907852","Governor - REP","Kelvin ""K-Man"" Wimberly (Write-in Candidate)",25,0,2,0
"852","2184907852","Secretary of State - REP","James Wiley",25,19,6,0
"852","2184907852","State Treasurer - REP","Kevin Grantham",25,19,6,0
"852","2184907852","Attorney General - REP","Michael J. Allen",25,14,2,0
"852","2184907852","Attorney General - REP","David Willson",25,9,2,0
"852","2184907852","Regent of the University of Colorado - Congressional District 2 - REP","Marty Neilson",25,16,9,0
"852","2184907852","State Representative - District 49 - REP","Michael Sheperek",25,17,8,0
"852","2184907852","Boulder County Commissioner - District 3 - REP","There are no candidates for this office",25,0,25,0
"852","2184907852","Boulder County Clerk and Recorder - REP","There are no candidates for this office",25,0,25,0
"852","2184907852","Boulder County Treasurer - REP","There are no candidates for this office",25,0,25,0
"852","2184907852","Boulder County Assessor - REP","There are no candidates for this office",25,0,25,0
"852","2184907852","Boulder County Sheriff - REP","There are no candidates for this office",25,0,25,0
"852","2184907852","Boulder County Surveyor - REP","There are no candidates for this office",25,0,25,0
"852","2184907852","Boulder County Coroner - REP","There are no candidates for this office",25,0,25,0
"852","2184907852","Governor - UNI","Paul Noël Fiorino",0,0,0,0
"852","2184907852","Governor - UNI","Jeff Peckman",0,0,0,0
"853","2184907853","United States Senator - DEM","Julie Gonzales",343,138,8,0
"853","2184907853","United States Senator - DEM","John Hickenlooper",343,197,8,0
"853","2184907853","Representative to the 120th United States Congress - District 2 - DEM","Joe Neguse",343,296,47,0
"853","2184907853","Governor - DEM","Phil Weiser",343,223,8,0
"853","2184907853","Governor - DEM","Michael Bennet",343,112,8,0
"853","2184907853","Secretary of State - DEM","Amanda Gonzalez",343,149,64,0
"853","2184907853","Secretary of State - DEM","Jessie Danielson",343,130,64,0
"853","2184907853","State Treasurer - DEM","Jeff Bridges",343,240,103,0
"853","2184907853","Attorney General - DEM","Jena Griswold",343,82,24,1
"853","2184907853","Attorney General - DEM","David Seligman",343,43,24,1
"853","2184907853","Attorney General - DEM","Michael Dougherty",343,144,24,1
"853","2184907853","Attorney General - DEM","Hetal Doshi",343,49,24,1
"853","2184907853","Regent of the University of Colorado - Congressional District 2 - DEM","Kubs Lalchandani",343,145,48,0
"853","2184907853","Regent of the University of Colorado - Congressional District 2 - DEM","Edie Hooton",343,96,48,0
"853","2184907853","Regent of the University of Colorado - Congressional District 2 - DEM","Murray Smith",343,54,48,0
"853","2184907853","State Representative - District 49 - DEM","Lesley Smith",343,238,105,0
"853","2184907853","Boulder County Commissioner - District 3 - DEM","Ashley Stolzmann",343,234,109,0
"853","2184907853","Boulder County Clerk and Recorder - DEM","Molly Fitzpatrick",343,244,99,0
"853","2184907853","Boulder County Treasurer - DEM","Jenn Kaaoush",343,109,65,0
"853","2184907853","Boulder County Treasurer - DEM","Rachel Friend",343,169,65,0
"853","2184907853","Boulder County Assessor - DEM","Cynthia Braddock",343,232,111,0
"853","2184907853","Boulder County Sheriff - DEM","Curtis Johnson",343,237,106,0
"853","2184907853","Boulder County Surveyor - DEM","Kayce D. W. Keane",343,233,110,0
"853","2184907853","Boulder County Coroner - DEM","Jeff Martin",343,233,110,0
"853","2184907853","Secretary of State - LBR","Sean Vadney",0,0,0,0
"853","2184907853","Secretary of State - LBR","Alex Astley",0,0,0,0
"853","2184907853","United States Senator - REP","Mark Baisley",28,22,6,0
"853","2184907853","Representative to the 120th United States Congress - District 2 - REP","Kelley Anne Dennison",28,15,7,0
"853","2184907853","Representative to the 120th United States Congress - District 2 - REP","Christina Blunt (Ducommun)",28,6,7,0
"853","2184907853","Governor - REP","Scott Bottoms",28,3,3,0
"853","2184907853","Governor - REP","Victor Marx",28,7,3,0
"853","2184907853","Governor - REP","Barb Kirkmeyer",28,15,3,0
"853","2184907853","Governor - REP","Kelvin ""K-Man"" Wimberly (Write-in Candidate)",28,0,3,0
"853","2184907853","Secretary of State - REP","James Wiley",28,22,6,0
"853","2184907853","State Treasurer - REP","Kevin Grantham",28,23,5,0
"853","2184907853","Attorney General - REP","Michael J. Allen",28,13,5,0
"853","2184907853","Attorney General - REP","David Willson",28,10,5,0
"853","2184907853","Regent of the University of Colorado - Congressional District 2 - REP","Marty Neilson",28,23,5,0
"853","2184907853","State Representative - District 49 - REP","Michael Sheperek",28,22,6,0
"853","2184907853","Boulder County Commissioner - District 3 - REP","There are no candidates for this office",28,0,28,0
"853","2184907853","Boulder County Clerk and Recorder - REP","There are no candidates for this office",28,0,28,0
"853","2184907853","Boulder County Treasurer - REP","There are no candidates for this office",28,0,28,0
"853","2184907853","Boulder County Assessor - REP","There are no candidates for this office",28,0,28,0
"853","2184907853","Boulder County Sheriff - REP","There are no candidates for this office",28,0,28,0
"853","2184907853","Boulder County Surveyor - REP","There are no candidates for this office",28,0,28,0
"853","2184907853","Boulder County Coroner - REP","There are no candidates for this office",28,0,28,0
"853","2184907853","Governor - UNI","Paul Noël Fiorino",0,0,0,0
"853","2184907853","Governor - UNI","Jeff Peckman",0,0,0,0
"854","2184907854","United States Senator - DEM","Julie Gonzales",420,126,7,0
"854","2184907854","United States Senator - DEM","John Hickenlooper",420,287,7,0
"854","2184907854","Representative to the 120th United States Congress - District 2 - DEM","Joe Neguse",420,375,45,0
"854","2184907854","Governor - DEM","Phil Weiser",420,255,5,0
"854","2184907854","Governor - DEM","Michael Bennet",420,160,5,0
"854","2184907854","Secretary of State - DEM","Amanda Gonzalez",420,196,78,0
"854","2184907854","Secretary of State - DEM","Jessie Danielson",420,146,78,0
"854","2184907854","State Treasurer - DEM","Jeff Bridges",420,311,109,0
"854","2184907854","Attorney General - DEM","Jena Griswold",420,114,12,0
"854","2184907854","Attorney General - DEM","David Seligman",420,25,12,0
"854","2184907854","Attorney General - DEM","Michael Dougherty",420,215,12,0
"854","2184907854","Attorney General - DEM","Hetal Doshi",420,54,12,0
"854","2184907854","Regent of the University of Colorado - Congressional District 2 - DEM","Kubs Lalchandani",420,195,39,1
"854","2184907854","Regent of the University of Colorado - Congressional District 2 - DEM","Edie Hooton",420,136,39,1
"854","2184907854","Regent of the University of Colorado - Congressional District 2 - DEM","Murray Smith",420,49,39,1
"854","2184907854","State Representative - District 49 - DEM","Lesley Smith",420,306,114,0
"854","2184907854","Boulder County Commissioner - District 3 - DEM","Ashley Stolzmann",420,306,114,0
"854","2184907854","Boulder County Clerk and Recorder - DEM","Molly Fitzpatrick",420,320,100,0
"854","2184907854","Boulder County Treasurer - DEM","Jenn Kaaoush",420,119,66,0
"854","2184907854","Boulder County Treasurer - DEM","Rachel Friend",420,235,66,0
"854","2184907854","Boulder County Assessor - DEM","Cynthia Braddock",420,301,119,0
"854","2184907854","Boulder County Sheriff - DEM","Curtis Johnson",420,296,124,0
"854","2184907854","Boulder County Surveyor - DEM","Kayce D. W. Keane",420,299,121,0
"854","2184907854","Boulder County Coroner - DEM","Jeff Martin",420,297,123,0
"854","2184907854","United States Senator - REP","Mark Baisley",24,20,4,0
"854","2184907854","Representative to the 120th United States Congress - District 2 - REP","Kelley Anne Dennison",24,15,2,0
"854","2184907854","Representative to the 120th United States Congress - District 2 - REP","Christina Blunt (Ducommun)",24,7,2,0
"854","2184907854","Governor - REP","Scott Bottoms",24,7,0,0
"854","2184907854","Governor - REP","Victor Marx",24,4,0,0
"854","2184907854","Governor - REP","Barb Kirkmeyer",24,13,0,0
"854","2184907854","Governor - REP","Kelvin ""K-Man"" Wimberly (Write-in Candidate)",24,0,0,0
"854","2184907854","Secretary of State - REP","James Wiley",24,20,4,0
"854","2184907854","State Treasurer - REP","Kevin Grantham",24,20,4,0
"854","2184907854","Attorney General - REP","Michael J. Allen",24,20,1,0
"854","2184907854","Attorney General - REP","David Willson",24,3,1,0
"854","2184907854","Regent of the University of Colorado - Congressional District 2 - REP","Marty Neilson",24,19,5,0
"854","2184907854","State Representative - District 49 - REP","Michael Sheperek",24,19,5,0
"854","2184907854","Boulder County Commissioner - District 3 - REP","There are no candidates for this office",24,0,24,0
"854","2184907854","Boulder County Clerk and Recorder - REP","There are no candidates for this office",24,0,24,0
"854","2184907854","Boulder County Treasurer - REP","There are no candidates for this office",24,0,24,0
"854","2184907854","Boulder County Assessor - REP","There are no candidates for this office",24,0,24,0
"854","2184907854","Boulder County Sheriff - REP","There are no candidates for this office",24,0,24,0
"854","2184907854","Boulder County Surveyor - REP","There are no candidates for this office",24,0,24,0
"854","2184907854","Boulder County Coroner - REP","There are no candidates for this office",24,0,24,0
"854","2184907854","Governor - UNI","Paul Noël Fiorino",0,0,0,0
"854","2184907854","Governor - UNI","Jeff Peckman",0,0,0,0
"855","2184907855","United States Senator - DEM","Julie Gonzales",636,295,9,0
"855","2184907855","United States Senator - DEM","John Hickenlooper",636,332,9,0
"855","2184907855","Representative to the 120th United States Congress - District 2 - DEM","Joe Neguse",636,567,69,0
"855","2184907855","Governor - DEM","Phil Weiser",636,408,19,0
"855","2184907855","Governor - DEM","Michael Bennet",636,209,19,0
"855","2184907855","Secretary of State - DEM","Amanda Gonzalez",636,344,76,0
"855","2184907855","Secretary of State - DEM","Jessie Danielson",636,216,76,0
"855","2184907855","State Treasurer - DEM","Jeff Bridges",636,471,165,0
"855","2184907855","Attorney General - DEM","Jena Griswold",636,162,21,0
"855","2184907855","Attorney General - DEM","David Seligman",636,106,21,0
"855","2184907855","Attorney General - DEM","Michael Dougherty",636,291,21,0
"855","2184907855","Attorney General - DEM","Hetal Doshi",636,56,21,0
"855","2184907855","Regent of the University of Colorado - Congressional District 2 - DEM","Kubs Lalchandani",636,225,92,0
"855","2184907855","Regent of the University of Colorado - Congressional District 2 - DEM","Edie Hooton",636,186,92,0
"855","2184907855","Regent of the University of Colorado - Congressional District 2 - DEM","Murray Smith",636,133,92,0
"855","2184907855","State Representative - District 49 - DEM","Lesley Smith",636,471,165,0
"855","2184907855","Boulder County Commissioner - District 3 - DEM","Ashley Stolzmann",636,471,165,0
"855","2184907855","Boulder County Clerk and Recorder - DEM","Molly Fitzpatrick",636,489,147,0
"855","2184907855","Boulder County Treasurer - DEM","Jenn Kaaoush",636,236,93,0
"855","2184907855","Boulder County Treasurer - DEM","Rachel Friend",636,307,93,0
"855","2184907855","Boulder County Assessor - DEM","Cynthia Braddock",636,448,188,0
"855","2184907855","Boulder County Sheriff - DEM","Curtis Johnson",636,453,183,0
"855","2184907855","Boulder County Surveyor - DEM","Kayce D. W. Keane",636,451,185,0
"855","2184907855","Boulder County Coroner - DEM","Jeff Martin",636,448,188,0
"855","2184907855","Secretary of State - LBR","Sean Vadney",0,0,0,0
"855","2184907855","Secretary of State - LBR","Alex Astley",0,0,0,0
"855","2184907855","United States Senator - REP","Mark Baisley",25,17,8,0
"855","2184907855","Representative to the 120th United States Congress - District 2 - REP","Kelley Anne Dennison",25,9,8,0
"855","2184907855","Representative to the 120th United States Congress - District 2 - REP","Christina Blunt (Ducommun)",25,8,8,0
"855","2184907855","Governor - REP","Scott Bottoms",25,5,3,0
"855","2184907855","Governor - REP","Victor Marx",25,3,3,0
"855","2184907855","Governor - REP","Barb Kirkmeyer",25,14,3,0
"855","2184907855","Governor - REP","Kelvin ""K-Man"" Wimberly (Write-in Candidate)",25,0,3,0
"855","2184907855","Secretary of State - REP","James Wiley",25,16,9,0
"855","2184907855","State Treasurer - REP","Kevin Grantham",25,16,9,0
"855","2184907855","Attorney General - REP","Michael J. Allen",25,12,7,0
"855","2184907855","Attorney General - REP","David Willson",25,6,7,0
"855","2184907855","Regent of the University of Colorado - Congressional District 2 - REP","Marty Neilson",25,16,9,0
"855","2184907855","State Representative - District 49 - REP","Michael Sheperek",25,16,9,0
"855","2184907855","Boulder County Commissioner - District 3 - REP","There are no candidates for this office",25,0,25,0
"855","2184907855","Boulder County Clerk and Recorder - REP","There are no candidates for this office",25,0,25,0
"855","2184907855","Boulder County Treasurer - REP","There are no candidates for this office",25,0,25,0
"855","2184907855","Boulder County Assessor - REP","There are no candidates for this office",25,0,25,0
"855","2184907855","Boulder County Sheriff - REP","There are no candidates for this office",25,0,25,0
"855","2184907855","Boulder County Surveyor - REP","There are no candidates for this office",25,0,25,0
"855","2184907855","Boulder County Coroner - REP","There are no candidates for this office",25,0,25,0
"855","2184907855","Governor - UNI","Paul Noël Fiorino",0,0,0,0
"855","2184907855","Governor - UNI","Jeff Peckman",0,0,0,0
"856","2184907856","United States Senator - DEM","Julie Gonzales",737,330,13,0
"856","2184907856","United States Senator - DEM","John Hickenlooper",737,394,13,0
"856","2184907856","Representative to the 120th United States Congress - District 2 - DEM","Joe Neguse",737,649,88,0
"856","2184907856","Governor - DEM","Phil Weiser",737,468,9,0
"856","2184907856","Governor - DEM","Michael Bennet",737,260,9,0
"856","2184907856","Secretary of State - DEM","Amanda Gonzalez",737,373,108,0
"856","2184907856","Secretary of State - DEM","Jessie Danielson",737,256,108,0
"856","2184907856","State Treasurer - DEM","Jeff Bridges",737,555,182,0
"856","2184907856","Attorney General - DEM","Jena Griswold",737,179,26,0
"856","2184907856","Attorney General - DEM","David Seligman",737,116,26,0
"856","2184907856","Attorney General - DEM","Michael Dougherty",737,329,26,0
"856","2184907856","Attorney General - DEM","Hetal Doshi",737,87,26,0
"856","2184907856","Regent of the University of Colorado - Congressional District 2 - DEM","Kubs Lalchandani",737,273,97,2
"856","2184907856","Regent of the University of Colorado - Congressional District 2 - DEM","Edie Hooton",737,227,97,2
"856","2184907856","Regent of the University of Colorado - Congressional District 2 - DEM","Murray Smith",737,138,97,2
"856","2184907856","State Representative - District 49 - DEM","Lesley Smith",737,543,194,0
"856","2184907856","Boulder County Commissioner - District 3 - DEM","Ashley Stolzmann",737,541,196,0
"856","2184907856","Boulder County Clerk and Recorder - DEM","Molly Fitzpatrick",737,559,178,0
"856","2184907856","Boulder County Treasurer - DEM","Jenn Kaaoush",737,264,110,0
"856","2184907856","Boulder County Treasurer - DEM","Rachel Friend",737,363,110,0
"856","2184907856","Boulder County Assessor - DEM","Cynthia Braddock",737,523,214,0
"856","2184907856","Boulder County Sheriff - DEM","Curtis Johnson",737,519,218,0
"856","2184907856","Boulder County Surveyor - DEM","Kayce D. W. Keane",737,519,218,0
"856","2184907856","Boulder County Coroner - DEM","Jeff Martin",737,520,217,0
"856","2184907856","United States Senator - REP","Mark Baisley",47,38,9,0
"856","2184907856","Representative to the 120th United States Congress - District 2 - REP","Kelley Anne Dennison",47,22,10,0
"856","2184907856","Representative to the 120th United States Congress - District 2 - REP","Christina Blunt (Ducommun)",47,15,10,0
"856","2184907856","Governor - REP","Scott Bottoms",47,10,3,0
"856","2184907856","Governor - REP","Victor Marx",47,7,3,0
"856","2184907856","Governor - REP","Barb Kirkmeyer",47,27,3,0
"856","2184907856","Governor - REP","Kelvin ""K-Man"" Wimberly (Write-in Candidate)",47,0,3,0
"856","2184907856","Secretary of State - REP","James Wiley",47,36,11,0
"856","2184907856","State Treasurer - REP","Kevin Grantham",47,36,11,0
"856","2184907856","Attorney General - REP","Michael J. Allen",47,29,6,0
"856","2184907856","Attorney General - REP","David Willson",47,12,6,0
"856","2184907856","Regent of the University of Colorado - Congressional District 2 - REP","Marty Neilson",47,36,11,0
"856","2184907856","State Representative - District 49 - REP","Michael Sheperek",47,33,14,0
"856","2184907856","Boulder County Commissioner - District 3 - REP","There are no candidates for this office",47,0,47,0
"856","2184907856","Boulder County Clerk and Recorder - REP","There are no candidates for this office",47,0,47,0
"856","2184907856","Boulder County Treasurer - REP","There are no candidates for this office",47,0,47,0
"856","2184907856","Boulder County Assessor - REP","There are no candidates for this office",47,0,47,0
"856","2184907856","Boulder County Sheriff - REP","There are no candidates for this office",47,0,47,0
"856","2184907856","Boulder County Surveyor - REP","There are no candidates for this office",47,0,47,0
"856","2184907856","Boulder County Coroner - REP","There are no candidates for this office",47,0,47,0
"856","2184907856","Governor - UNI","Paul Noël Fiorino",0,0,0,0
"856","2184907856","Governor - UNI","Jeff Peckman",0,0,0,0
"857","2184907857","United States Senator - DEM","Julie Gonzales",473,197,7,0
"857","2184907857","United States Senator - DEM","John Hickenlooper",473,269,7,0
"857","2184907857","Representative to the 120th United States Congress - District 2 - DEM","Joe Neguse",473,422,51,0
"857","2184907857","Governor - DEM","Phil Weiser",473,300,7,0
"857","2184907857","Governor - DEM","Michael Bennet",473,166,7,0
"857","2184907857","Secretary of State - DEM","Amanda Gonzalez",473,220,76,0
"857","2184907857","Secretary of State - DEM","Jessie Danielson",473,177,76,0
"857","2184907857","State Treasurer - DEM","Jeff Bridges",473,325,148,0
"857","2184907857","Attorney General - DEM","Jena Griswold",473,125,22,1
"857","2184907857","Attorney General - DEM","David Seligman",473,77,22,1
"857","2184907857","Attorney General - DEM","Michael Dougherty",473,177,22,1
"857","2184907857","Attorney General - DEM","Hetal Doshi",473,71,22,1
"857","2184907857","Regent of the University of Colorado - Congressional District 2 - DEM","Kubs Lalchandani",473,142,79,0
"857","2184907857","Regent of the University of Colorado - Congressional District 2 - DEM","Edie Hooton",473,155,79,0
"857","2184907857","Regent of the University of Colorado - Congressional District 2 - DEM","Murray Smith",473,97,79,0
"857","2184907857","State Representative - District 49 - DEM","Lesley Smith",473,314,159,0
"857","2184907857","Boulder County Commissioner - District 3 - DEM","Ashley Stolzmann",473,315,158,0
"857","2184907857","Boulder County Clerk and Recorder - DEM","Molly Fitzpatrick",473,331,142,0
"857","2184907857","Boulder County Treasurer - DEM","Jenn Kaaoush",473,162,72,0
"857","2184907857","Boulder County Treasurer - DEM","Rachel Friend",473,239,72,0
"857","2184907857","Boulder County Assessor - DEM","Cynthia Braddock",473,316,157,0
"857","2184907857","Boulder County Sheriff - DEM","Curtis Johnson",473,316,157,0
"857","2184907857","Boulder County Surveyor - DEM","Kayce D. W. Keane",473,309,164,0
"857","2184907857","Boulder County Coroner - DEM","Jeff Martin",473,313,160,0
"857","2184907857","United States Senator - REP","Mark Baisley",19,15,4,0
"857","2184907857","Representative to the 120th United States Congress - District 2 - REP","Kelley Anne Dennison",19,8,2,0
"857","2184907857","Representative to the 120th United States Congress - District 2 - REP","Christina Blunt (Ducommun)",19,9,2,0
"857","2184907857","Governor - REP","Scott Bottoms",19,3,1,0
"857","2184907857","Governor - REP","Victor Marx",19,4,1,0
"857","2184907857","Governor - REP","Barb Kirkmeyer",19,11,1,0
"857","2184907857","Governor - REP","Kelvin ""K-Man"" Wimberly (Write-in Candidate)",19,0,1,0
"857","2184907857","Secretary of State - REP","James Wiley",19,15,4,0
"857","2184907857","State Treasurer - REP","Kevin Grantham",19,15,4,0
"857","2184907857","Attorney General - REP","Michael J. Allen",19,11,1,0
"857","2184907857","Attorney General - REP","David Willson",19,7,1,0
"857","2184907857","Regent of the University of Colorado - Congressional District 2 - REP","Marty Neilson",19,15,4,0
"857","2184907857","State Representative - District 49 - REP","Michael Sheperek",19,15,4,0
"857","2184907857","Boulder County Commissioner - District 3 - REP","There are no candidates for this office",19,0,19,0
"857","2184907857","Boulder County Clerk and Recorder - REP","There are no candidates for this office",19,0,19,0
"857","2184907857","Boulder County Treasurer - REP","There are no candidates for this office",19,0,19,0
"857","2184907857","Boulder County Assessor - REP","There are no candidates for this office",19,0,19,0
"857","2184907857","Boulder County Sheriff - REP","There are no candidates for this office",19,0,19,0
"857","2184907857","Boulder County Surveyor - REP","There are no candidates for this office",19,0,19,0
"857","2184907857","Boulder County Coroner - REP","There are no candidates for this office",19,0,19,0
"857","2184907857","Governor - UNI","Paul Noël Fiorino",0,0,0,0
"857","2184907857","Governor - UNI","Jeff Peckman",0,0,0,0
"900","2154907900","United States Senator - DEM","Julie Gonzales",218,95,2,0
"900","2154907900","United States Senator - DEM","John Hickenlooper",218,121,2,0
"900","2154907900","Representative to the 120th United States Congress - District 2 - DEM","Joe Neguse",218,187,31,0
"900","2154907900","Governor - DEM","Phil Weiser",218,123,4,0
"900","2154907900","Governor - DEM","Michael Bennet",218,91,4,0
"900","2154907900","Secretary of State - DEM","Amanda Gonzalez",218,116,33,0
"900","2154907900","Secretary of State - DEM","Jessie Danielson",218,69,33,0
"900","2154907900","State Treasurer - DEM","Jeff Bridges",218,169,49,0
"900","2154907900","Attorney General - DEM","Jena Griswold",218,73,10,0
"900","2154907900","Attorney General - DEM","David Seligman",218,28,10,0
"900","2154907900","Attorney General - DEM","Michael Dougherty",218,76,10,0
"900","2154907900","Attorney General - DEM","Hetal Doshi",218,31,10,0
"900","2154907900","Regent of the University of Colorado - Congressional District 2 - DEM","Kubs Lalchandani",218,64,41,0
"900","2154907900","Regent of the University of Colorado - Congressional District 2 - DEM","Edie Hooton",218,84,41,0
"900","2154907900","Regent of the University of Colorado - Congressional District 2 - DEM","Murray Smith",218,29,41,0
"900","2154907900","State Senator - District 15 - DEM","Janice Marchman",218,162,56,0
"900","2154907900","State Representative - District 49 - DEM","Lesley Smith",218,162,56,0
"900","2154907900","Boulder County Commissioner - District 3 - DEM","Ashley Stolzmann",218,166,52,0
"900","2154907900","Boulder County Clerk and Recorder - DEM","Molly Fitzpatrick",218,169,49,0
"900","2154907900","Boulder County Treasurer - DEM","Jenn Kaaoush",218,67,42,0
"900","2154907900","Boulder County Treasurer - DEM","Rachel Friend",218,109,42,0
"900","2154907900","Boulder County Assessor - DEM","Cynthia Braddock",218,165,53,0
"900","2154907900","Boulder County Sheriff - DEM","Curtis Johnson",218,164,54,0
"900","2154907900","Boulder County Surveyor - DEM","Kayce D. W. Keane",218,163,55,0
"900","2154907900","Boulder County Coroner - DEM","Jeff Martin",218,163,55,0
"900","2154907900","Secretary of State - LBR","Sean Vadney",0,0,0,0
"900","2154907900","Secretary of State - LBR","Alex Astley",0,0,0,0
"900","2154907900","United States Senator - REP","Mark Baisley",19,17,2,0
"900","2154907900","Representative to the 120th United States Congress - District 2 - REP","Kelley Anne Dennison",19,10,4,0
"900","2154907900","Representative to the 120th United States Congress - District 2 - REP","Christina Blunt (Ducommun)",19,5,4,0
"900","2154907900","Governor - REP","Scott Bottoms",19,2,1,0
"900","2154907900","Governor - REP","Victor Marx",19,4,1,0
"900","2154907900","Governor - REP","Barb Kirkmeyer",19,12,1,0
"900","2154907900","Governor - REP","Kelvin ""K-Man"" Wimberly (Write-in Candidate)",19,0,1,0
"900","2154907900","Secretary of State - REP","James Wiley",19,16,3,0
"900","2154907900","State Treasurer - REP","Kevin Grantham",19,16,3,0
"900","2154907900","Attorney General - REP","Michael J. Allen",19,8,5,0
"900","2154907900","Attorney General - REP","David Willson",19,6,5,0
"900","2154907900","Regent of the University of Colorado - Congressional District 2 - REP","Marty Neilson",19,15,4,0
"900","2154907900","State Senator - District 15 - REP","Rob Woodward",19,16,3,0
"900","2154907900","State Representative - District 49 - REP","Michael Sheperek",19,15,4,0
"900","2154907900","Boulder County Commissioner - District 3 - REP","There are no candidates for this office",19,0,19,0
"900","2154907900","Boulder County Clerk and Recorder - REP","There are no candidates for this office",19,0,19,0
"900","2154907900","Boulder County Treasurer - REP","There are no candidates for this office",19,0,19,0
"900","2154907900","Boulder County Assessor - REP","There are no candidates for this office",19,0,19,0
"900","2154907900","Boulder County Sheriff - REP","There are no candidates for this office",19,0,19,0
"900","2154907900","Boulder County Surveyor - REP","There are no candidates for this office",19,0,19,0
"900","2154907900","Boulder County Coroner - REP","There are no candidates for this office",19,0,19,0
"900","2154907900","Governor - UNI","Paul Noël Fiorino",0,0,0,0
"900","2154907900","Governor - UNI","Jeff Peckman",0,0,0,0
"901","2154907901","United States Senator - DEM","Julie Gonzales",292,114,5,0
"901","2154907901","United States Senator - DEM","John Hickenlooper",292,173,5,0
"901","2154907901","Representative to the 120th United States Congress - District 2 - DEM","Joe Neguse",292,256,36,0
"901","2154907901","Governor - DEM","Phil Weiser",292,165,8,0
"901","2154907901","Governor - DEM","Michael Bennet",292,119,8,0
"901","2154907901","Secretary of State - DEM","Amanda Gonzalez",292,128,43,0
"901","2154907901","Secretary of State - DEM","Jessie Danielson",292,121,43,0
"901","2154907901","State Treasurer - DEM","Jeff Bridges",292,225,67,0
"901","2154907901","Attorney General - DEM","Jena Griswold",292,124,15,0
"901","2154907901","Attorney General - DEM","David Seligman",292,43,15,0
"901","2154907901","Attorney General - DEM","Michael Dougherty",292,74,15,0
"901","2154907901","Attorney General - DEM","Hetal Doshi",292,36,15,0
"901","2154907901","Regent of the University of Colorado - Congressional District 2 - DEM","Kubs Lalchandani",292,55,65,0
"901","2154907901","Regent of the University of Colorado - Congressional District 2 - DEM","Edie Hooton",292,96,65,0
"901","2154907901","Regent of the University of Colorado - Congressional District 2 - DEM","Murray Smith",292,76,65,0
"901","2154907901","State Senator - District 15 - DEM","Janice Marchman",292,210,82,0
"901","2154907901","State Representative - District 49 - DEM","Lesley Smith",292,208,84,0
"901","2154907901","Boulder County Commissioner - District 3 - DEM","Ashley Stolzmann",292,209,83,0
"901","2154907901","Boulder County Clerk and Recorder - DEM","Molly Fitzpatrick",292,223,69,0
"901","2154907901","Boulder County Treasurer - DEM","Jenn Kaaoush",292,112,63,1
"901","2154907901","Boulder County Treasurer - DEM","Rachel Friend",292,116,63,1
"901","2154907901","Boulder County Assessor - DEM","Cynthia Braddock",292,209,83,0
"901","2154907901","Boulder County Sheriff - DEM","Curtis Johnson",292,210,82,0
"901","2154907901","Boulder County Surveyor - DEM","Kayce D. W. Keane",292,207,85,0
"901","2154907901","Boulder County Coroner - DEM","Jeff Martin",292,206,86,0
"901","2154907901","United States Senator - REP","Mark Baisley",74,61,13,0
"901","2154907901","Representative to the 120th United States Congress - District 2 - REP","Kelley Anne Dennison",74,38,8,0
"901","2154907901","Representative to the 120th United States Congress - District 2 - REP","Christina Blunt (Ducommun)",74,28,8,0
"901","2154907901","Governor - REP","Scott Bottoms",74,13,0,0
"901","2154907901","Governor - REP","Victor Marx",74,31,0,0
"901","2154907901","Governor - REP","Barb Kirkmeyer",74,30,0,0
"901","2154907901","Governor - REP","Kelvin ""K-Man"" Wimberly (Write-in Candidate)",74,0,0,0
"901","2154907901","Secretary of State - REP","James Wiley",74,61,13,0
"901","2154907901","State Treasurer - REP","Kevin Grantham",74,62,12,0
"901","2154907901","Attorney General - REP","Michael J. Allen",74,35,7,1
"901","2154907901","Attorney General - REP","David Willson",74,31,7,1
"901","2154907901","Regent of the University of Colorado - Congressional District 2 - REP","Marty Neilson",74,61,13,0
"901","2154907901","State Senator - District 15 - REP","Rob Woodward",74,61,13,0
"901","2154907901","State Representative - District 49 - REP","Michael Sheperek",74,62,12,0
"901","2154907901","Boulder County Commissioner - District 3 - REP","There are no candidates for this office",74,0,74,0
"901","2154907901","Boulder County Clerk and Recorder - REP","There are no candidates for this office",74,0,74,0
"901","2154907901","Boulder County Treasurer - REP","There are no candidates for this office",74,0,74,0
"901","2154907901","Boulder County Assessor - REP","There are no candidates for this office",74,0,74,0
"901","2154907901","Boulder County Sheriff - REP","There are no candidates for this office",74,0,74,0
"901","2154907901","Boulder County Surveyor - REP","There are no candidates for this office",74,0,74,0
"901","2154907901","Boulder County Coroner - REP","There are no candidates for this office",74,0,74,0
"901","2154907901","Governor - UNI","Paul Noël Fiorino",0,0,0,0
"901","2154907901","Governor - UNI","Jeff Peckman",0,0,0,0
"902","2154907902","United States Senator - DEM","Julie Gonzales",108,61,0,0
"902","2154907902","United States Senator - DEM","John Hickenlooper",108,47,0,0
"902","2154907902","Representative to the 120th United States Congress - District 2 - DEM","Joe Neguse",108,97,11,0
"902","2154907902","Governor - DEM","Phil Weiser",108,68,1,0
"902","2154907902","Governor - DEM","Michael Bennet",108,39,1,0
"902","2154907902","Secretary of State - DEM","Amanda Gonzalez",108,61,20,0
"902","2154907902","Secretary of State - DEM","Jessie Danielson",108,27,20,0
"902","2154907902","State Treasurer - DEM","Jeff Bridges",108,77,31,0
"902","2154907902","Attorney General - DEM","Jena Griswold",108,42,6,0
"902","2154907902","Attorney General - DEM","David Seligman",108,23,6,0
"902","2154907902","Attorney General - DEM","Michael Dougherty",108,29,6,0
"902","2154907902","Attorney General - DEM","Hetal Doshi",108,8,6,0
"902","2154907902","Regent of the University of Colorado - Congressional District 2 - DEM","Kubs Lalchandani",108,34,23,0
"902","2154907902","Regent of the University of Colorado - Congressional District 2 - DEM","Edie Hooton",108,38,23,0
"902","2154907902","Regent of the University of Colorado - Congressional District 2 - DEM","Murray Smith",108,13,23,0
"902","2154907902","State Senator - District 15 - DEM","Janice Marchman",108,78,30,0
"902","2154907902","State Representative - District 49 - DEM","Lesley Smith",108,79,29,0
"902","2154907902","Boulder County Commissioner - District 3 - DEM","Ashley Stolzmann",108,76,32,0
"902","2154907902","Boulder County Clerk and Recorder - DEM","Molly Fitzpatrick",108,74,34,0
"902","2154907902","Boulder County Treasurer - DEM","Jenn Kaaoush",108,25,25,0
"902","2154907902","Boulder County Treasurer - DEM","Rachel Friend",108,58,25,0
"902","2154907902","Boulder County Assessor - DEM","Cynthia Braddock",108,74,34,0
"902","2154907902","Boulder County Sheriff - DEM","Curtis Johnson",108,74,34,0
"902","2154907902","Boulder County Surveyor - DEM","Kayce D. W. Keane",108,73,35,0
"902","2154907902","Boulder County Coroner - DEM","Jeff Martin",108,73,35,0
"902","2154907902","Governor - UNI","Paul Noël Fiorino",0,0,0,0
"902","2154907902","Governor - UNI","Jeff Peckman",0,0,0,0
"903","2154907903","United States Senator - DEM","Julie Gonzales",264,140,5,0
"903","2154907903","United States Senator - DEM","John Hickenlooper",264,119,5,0
"903","2154907903","Representative to the 120th United States Congress - District 2 - DEM","Joe Neguse",264,228,36,0
"903","2154907903","Governor - DEM","Phil Weiser",264,157,3,0
"903","2154907903","Governor - DEM","Michael Bennet",264,104,3,0
"903","2154907903","Secretary of State - DEM","Amanda Gonzalez",264,147,38,0
"903","2154907903","Secretary of State - DEM","Jessie Danielson",264,79,38,0
"903","2154907903","State Treasurer - DEM","Jeff Bridges",264,189,75,0
"903","2154907903","Attorney General - DEM","Jena Griswold",264,84,10,1
"903","2154907903","Attorney General - DEM","David Seligman",264,50,10,1
"903","2154907903","Attorney General - DEM","Michael Dougherty",264,90,10,1
"903","2154907903","Attorney General - DEM","Hetal Doshi",264,29,10,1
"903","2154907903","Regent of the University of Colorado - Congressional District 2 - DEM","Kubs Lalchandani",264,61,59,0
"903","2154907903","Regent of the University of Colorado - Congressional District 2 - DEM","Edie Hooton",264,76,59,0
"903","2154907903","Regent of the University of Colorado - Congressional District 2 - DEM","Murray Smith",264,68,59,0
"903","2154907903","State Senator - District 15 - DEM","Janice Marchman",264,180,84,0
"903","2154907903","State Representative - District 49 - DEM","Lesley Smith",264,179,85,0
"903","2154907903","Boulder County Commissioner - District 3 - DEM","Ashley Stolzmann",264,178,86,0
"903","2154907903","Boulder County Clerk and Recorder - DEM","Molly Fitzpatrick",264,182,82,0
"903","2154907903","Boulder County Treasurer - DEM","Jenn Kaaoush",264,97,47,0
"903","2154907903","Boulder County Treasurer - DEM","Rachel Friend",264,120,47,0
"903","2154907903","Boulder County Assessor - DEM","Cynthia Braddock",264,175,89,0
"903","2154907903","Boulder County Sheriff - DEM","Curtis Johnson",264,177,87,0
"903","2154907903","Boulder County Surveyor - DEM","Kayce D. W. Keane",264,174,90,0
"903","2154907903","Boulder County Coroner - DEM","Jeff Martin",264,174,90,0
"903","2154907903","United States Senator - REP","Mark Baisley",38,29,9,0
"903","2154907903","Representative to the 120th United States Congress - District 2 - REP","Kelley Anne Dennison",38,18,9,0
"903","2154907903","Representative to the 120th United States Congress - District 2 - REP","Christina Blunt (Ducommun)",38,11,9,0
"903","2154907903","Governor - REP","Scott Bottoms",38,12,1,0
"903","2154907903","Governor - REP","Victor Marx",38,12,1,0
"903","2154907903","Governor - REP","Barb Kirkmeyer",38,13,1,0
"903","2154907903","Governor - REP","Kelvin ""K-Man"" Wimberly (Write-in Candidate)",38,0,1,0
"903","2154907903","Secretary of State - REP","James Wiley",38,26,12,0
"903","2154907903","State Treasurer - REP","Kevin Grantham",38,27,11,0
"903","2154907903","Attorney General - REP","Michael J. Allen",38,21,6,0
"903","2154907903","Attorney General - REP","David Willson",38,11,6,0
"903","2154907903","Regent of the University of Colorado - Congressional District 2 - REP","Marty Neilson",38,27,11,0
"903","2154907903","State Senator - District 15 - REP","Rob Woodward",38,26,12,0
"903","2154907903","State Representative - District 49 - REP","Michael Sheperek",38,26,12,0
"903","2154907903","Boulder County Commissioner - District 3 - REP","There are no candidates for this office",38,0,38,0
"903","2154907903","Boulder County Clerk and Recorder - REP","There are no candidates for this office",38,0,38,0
"903","2154907903","Boulder County Treasurer - REP","There are no candidates for this office",38,0,38,0
"903","2154907903","Boulder County Assessor - REP","There are no candidates for this office",38,0,38,0
"903","2154907903","Boulder County Sheriff - REP","There are no candidates for this office",38,0,38,0
"903","2154907903","Boulder County Surveyor - REP","There are no candidates for this office",38,0,38,0
"903","2154907903","Boulder County Coroner - REP","There are no candidates for this office",38,0,38,0
"903","2154907903","Governor - UNI","Paul Noël Fiorino",0,0,0,0
"903","2154907903","Governor - UNI","Jeff Peckman",0,0,0,0
"904","2154907904","United States Senator - DEM","Julie Gonzales",449,226,6,0
"904","2154907904","United States Senator - DEM","John Hickenlooper",449,217,6,0
"904","2154907904","Representative to the 120th United States Congress - District 2 - DEM","Joe Neguse",449,381,68,0
"904","2154907904","Governor - DEM","Phil Weiser",449,258,2,0
"904","2154907904","Governor - DEM","Michael Bennet",449,189,2,0
"904","2154907904","Secretary of State - DEM","Amanda Gonzalez",449,230,53,0
"904","2154907904","Secretary of State - DEM","Jessie Danielson",449,166,53,0
"904","2154907904","State Treasurer - DEM","Jeff Bridges",449,344,105,0
"904","2154907904","Attorney General - DEM","Jena Griswold",449,149,21,0
"904","2154907904","Attorney General - DEM","David Seligman",449,96,21,0
"904","2154907904","Attorney General - DEM","Michael Dougherty",449,125,21,0
"904","2154907904","Attorney General - DEM","Hetal Doshi",449,58,21,0
"904","2154907904","Regent of the University of Colorado - Congressional District 2 - DEM","Kubs Lalchandani",449,89,85,0
"904","2154907904","Regent of the University of Colorado - Congressional District 2 - DEM","Edie Hooton",449,157,85,0
"904","2154907904","Regent of the University of Colorado - Congressional District 2 - DEM","Murray Smith",449,118,85,0
"904","2154907904","State Senator - District 15 - DEM","Janice Marchman",449,325,124,0
"904","2154907904","State Representative - District 49 - DEM","Lesley Smith",449,323,126,0
"904","2154907904","Boulder County Commissioner - District 3 - DEM","Ashley Stolzmann",449,316,133,0
"904","2154907904","Boulder County Clerk and Recorder - DEM","Molly Fitzpatrick",449,328,121,0
"904","2154907904","Boulder County Treasurer - DEM","Jenn Kaaoush",449,146,83,0
"904","2154907904","Boulder County Treasurer - DEM","Rachel Friend",449,220,83,0
"904","2154907904","Boulder County Assessor - DEM","Cynthia Braddock",449,318,131,0
"904","2154907904","Boulder County Sheriff - DEM","Curtis Johnson",449,317,132,0
"904","2154907904","Boulder County Surveyor - DEM","Kayce D. W. Keane",449,313,136,0
"904","2154907904","Boulder County Coroner - DEM","Jeff Martin",449,315,134,0
"904","2154907904","Secretary of State - LBR","Sean Vadney",0,0,0,0
"904","2154907904","Secretary of State - LBR","Alex Astley",0,0,0,0
"904","2154907904","United States Senator - REP","Mark Baisley",40,25,15,0
"904","2154907904","Representative to the 120th United States Congress - District 2 - REP","Kelley Anne Dennison",40,16,11,0
"904","2154907904","Representative to the 120th United States Congress - District 2 - REP","Christina Blunt (Ducommun)",40,13,11,0
"904","2154907904","Governor - REP","Scott Bottoms",40,6,0,0
"904","2154907904","Governor - REP","Victor Marx",40,11,0,0
"904","2154907904","Governor - REP","Barb Kirkmeyer",40,23,0,0
"904","2154907904","Governor - REP","Kelvin ""K-Man"" Wimberly (Write-in Candidate)",40,0,0,0
"904","2154907904","Secretary of State - REP","James Wiley",40,23,17,0
"904","2154907904","State Treasurer - REP","Kevin Grantham",40,27,13,0
"904","2154907904","Attorney General - REP","Michael J. Allen",40,23,6,0
"904","2154907904","Attorney General - REP","David Willson",40,11,6,0
"904","2154907904","Regent of the University of Colorado - Congressional District 2 - REP","Marty Neilson",40,24,16,0
"904","2154907904","State Senator - District 15 - REP","Rob Woodward",40,24,16,0
"904","2154907904","State Representative - District 49 - REP","Michael Sheperek",40,24,16,0
"904","2154907904","Boulder County Commissioner - District 3 - REP","There are no candidates for this office",40,0,40,0
"904","2154907904","Boulder County Clerk and Recorder - REP","There are no candidates for this office",40,0,40,0
"904","2154907904","Boulder County Treasurer - REP","There are no candidates for this office",40,0,40,0
"904","2154907904","Boulder County Assessor - REP","There are no candidates for this office",40,0,40,0
"904","2154907904","Boulder County Sheriff - REP","There are no candidates for this office",40,0,40,0
"904","2154907904","Boulder County Surveyor - REP","There are no candidates for this office",40,0,40,0
"904","2154907904","Boulder County Coroner - REP","There are no candidates for this office",40,0,40,0
"904","2154907904","Governor - UNI","Paul Noël Fiorino",0,0,0,0
"904","2154907904","Governor - UNI","Jeff Peckman",0,0,0,0
"905","2154907905","United States Senator - DEM","Julie Gonzales",228,107,1,0
"905","2154907905","United States Senator - DEM","John Hickenlooper",228,120,1,0
"905","2154907905","Representative to the 120th United States Congress - District 2 - DEM","Joe Neguse",228,205,23,0
"905","2154907905","Governor - DEM","Phil Weiser",228,131,9,0
"905","2154907905","Governor - DEM","Michael Bennet",228,88,9,0
"905","2154907905","Secretary of State - DEM","Amanda Gonzalez",228,135,28,0
"905","2154907905","Secretary of State - DEM","Jessie Danielson",228,65,28,0
"905","2154907905","State Treasurer - DEM","Jeff Bridges",228,178,50,0
"905","2154907905","Attorney General - DEM","Jena Griswold",228,93,8,0
"905","2154907905","Attorney General - DEM","David Seligman",228,42,8,0
"905","2154907905","Attorney General - DEM","Michael Dougherty",228,68,8,0
"905","2154907905","Attorney General - DEM","Hetal Doshi",228,17,8,0
"905","2154907905","Regent of the University of Colorado - Congressional District 2 - DEM","Kubs Lalchandani",228,74,47,1
"905","2154907905","Regent of the University of Colorado - Congressional District 2 - DEM","Edie Hooton",228,56,47,1
"905","2154907905","Regent of the University of Colorado - Congressional District 2 - DEM","Murray Smith",228,50,47,1
"905","2154907905","State Senator - District 15 - DEM","Janice Marchman",228,166,62,0
"905","2154907905","State Representative - District 49 - DEM","Lesley Smith",228,161,67,0
"905","2154907905","Boulder County Commissioner - District 3 - DEM","Ashley Stolzmann",228,167,61,0
"905","2154907905","Boulder County Clerk and Recorder - DEM","Molly Fitzpatrick",228,164,64,0
"905","2154907905","Boulder County Treasurer - DEM","Jenn Kaaoush",228,63,49,0
"905","2154907905","Boulder County Treasurer - DEM","Rachel Friend",228,116,49,0
"905","2154907905","Boulder County Assessor - DEM","Cynthia Braddock",228,158,70,0
"905","2154907905","Boulder County Sheriff - DEM","Curtis Johnson",228,159,69,0
"905","2154907905","Boulder County Surveyor - DEM","Kayce D. W. Keane",228,162,66,0
"905","2154907905","Boulder County Coroner - DEM","Jeff Martin",228,159,69,0
"905","2154907905","Secretary of State - LBR","Sean Vadney",0,0,0,0
"905","2154907905","Secretary of State - LBR","Alex Astley",0,0,0,0
"905","2154907905","Governor - UNI","Paul Noël Fiorino",0,0,0,0
"905","2154907905","Governor - UNI","Jeff Peckman",0,0,0,0
"906","2154907906","United States Senator - DEM","Julie Gonzales",208,102,2,0
"906","2154907906","United States Senator - DEM","John Hickenlooper",208,104,2,0
"906","2154907906","Representative to the 120th United States Congress - District 2 - DEM","Joe Neguse",208,171,37,0
"906","2154907906","Governor - DEM","Phil Weiser",208,114,3,0
"906","2154907906","Governor - DEM","Michael Bennet",208,91,3,0
"906","2154907906","Secretary of State - DEM","Amanda Gonzalez",208,101,38,0
"906","2154907906","Secretary of State - DEM","Jessie Danielson",208,69,38,0
"906","2154907906","State Treasurer - DEM","Jeff Bridges",208,141,67,0
"906","2154907906","Attorney General - DEM","Jena Griswold",208,58,13,0
"906","2154907906","Attorney General - DEM","David Seligman",208,35,13,0
"906","2154907906","Attorney General - DEM","Michael Dougherty",208,83,13,0
"906","2154907906","Attorney General - DEM","Hetal Doshi",208,19,13,0
"906","2154907906","Regent of the University of Colorado - Congressional District 2 - DEM","Kubs Lalchandani",208,47,36,0
"906","2154907906","Regent of the University of Colorado - Congressional District 2 - DEM","Edie Hooton",208,77,36,0
"906","2154907906","Regent of the University of Colorado - Congressional District 2 - DEM","Murray Smith",208,48,36,0
"906","2154907906","State Senator - District 15 - DEM","Janice Marchman",208,141,67,0
"906","2154907906","State Representative - District 49 - DEM","Lesley Smith",208,138,70,0
"906","2154907906","Boulder County Commissioner - District 3 - DEM","Ashley Stolzmann",208,132,76,0
"906","2154907906","Boulder County Clerk and Recorder - DEM","Molly Fitzpatrick",208,141,67,0
"906","2154907906","Boulder County Treasurer - DEM","Jenn Kaaoush",208,70,43,1
"906","2154907906","Boulder County Treasurer - DEM","Rachel Friend",208,94,43,1
"906","2154907906","Boulder County Assessor - DEM","Cynthia Braddock",208,135,73,0
"906","2154907906","Boulder County Sheriff - DEM","Curtis Johnson",208,136,72,0
"906","2154907906","Boulder County Surveyor - DEM","Kayce D. W. Keane",208,133,75,0
"906","2154907906","Boulder County Coroner - DEM","Jeff Martin",208,135,73,0
"906","2154907906","United States Senator - REP","Mark Baisley",34,26,8,0
"906","2154907906","Representative to the 120th United States Congress - District 2 - REP","Kelley Anne Dennison",34,18,5,0
"906","2154907906","Representative to the 120th United States Congress - District 2 - REP","Christina Blunt (Ducommun)",34,11,5,0
"906","2154907906","Governor - REP","Scott Bottoms",34,8,0,0
"906","2154907906","Governor - REP","Victor Marx",34,13,0,0
"906","2154907906","Governor - REP","Barb Kirkmeyer",34,13,0,0
"906","2154907906","Governor - REP","Kelvin ""K-Man"" Wimberly (Write-in Candidate)",34,0,0,0
"906","2154907906","Secretary of State - REP","James Wiley",34,25,9,0
"906","2154907906","State Treasurer - REP","Kevin Grantham",34,25,9,0
"906","2154907906","Attorney General - REP","Michael J. Allen",34,18,2,0
"906","2154907906","Attorney General - REP","David Willson",34,14,2,0
"906","2154907906","Regent of the University of Colorado - Congressional District 2 - REP","Marty Neilson",34,25,9,0
"906","2154907906","State Senator - District 15 - REP","Rob Woodward",34,25,9,0
"906","2154907906","State Representative - District 49 - REP","Michael Sheperek",34,24,10,0
"906","2154907906","Boulder County Commissioner - District 3 - REP","There are no candidates for this office",34,0,34,0
"906","2154907906","Boulder County Clerk and Recorder - REP","There are no candidates for this office",34,0,34,0
"906","2154907906","Boulder County Treasurer - REP","There are no candidates for this office",34,0,34,0
"906","2154907906","Boulder County Assessor - REP","There are no candidates for this office",34,0,34,0
"906","2154907906","Boulder County Sheriff - REP","There are no candidates for this office",34,0,34,0
"906","2154907906","Boulder County Surveyor - REP","There are no candidates for this office",34,0,34,0
"906","2154907906","Boulder County Coroner - REP","There are no candidates for this office",34,0,34,0
"906","2154907906","Governor - UNI","Paul Noël Fiorino",0,0,0,0
"906","2154907906","Governor - UNI","Jeff Peckman",0,0,0,0
"907","2154907907","United States Senator - DEM","Julie Gonzales",341,158,7,0
"907","2154907907","United States Senator - DEM","John Hickenlooper",341,176,7,0
"907","2154907907","Representative to the 120th United States Congress - District 2 - DEM","Joe Neguse",341,301,40,0
"907","2154907907","Governor - DEM","Phil Weiser",341,219,7,0
"907","2154907907","Governor - DEM","Michael Bennet",341,115,7,0
"907","2154907907","Secretary of State - DEM","Amanda Gonzalez",341,175,39,0
"907","2154907907","Secretary of State - DEM","Jessie Danielson",341,127,39,0
"907","2154907907","State Treasurer - DEM","Jeff Bridges",341,259,82,0
"907","2154907907","Attorney General - DEM","Jena Griswold",341,118,8,0
"907","2154907907","Attorney General - DEM","David Seligman",341,44,8,0
"907","2154907907","Attorney General - DEM","Michael Dougherty",341,136,8,0
"907","2154907907","Attorney General - DEM","Hetal Doshi",341,35,8,0
"907","2154907907","Regent of the University of Colorado - Congressional District 2 - DEM","Kubs Lalchandani",341,85,51,1
"907","2154907907","Regent of the University of Colorado - Congressional District 2 - DEM","Edie Hooton",341,124,51,1
"907","2154907907","Regent of the University of Colorado - Congressional District 2 - DEM","Murray Smith",341,80,51,1
"907","2154907907","State Senator - District 15 - DEM","Janice Marchman",341,256,85,0
"907","2154907907","State Representative - District 49 - DEM","Lesley Smith",341,252,89,0
"907","2154907907","Boulder County Commissioner - District 3 - DEM","Ashley Stolzmann",341,246,95,0
"907","2154907907","Boulder County Clerk and Recorder - DEM","Molly Fitzpatrick",341,261,80,0
"907","2154907907","Boulder County Treasurer - DEM","Jenn Kaaoush",341,121,54,0
"907","2154907907","Boulder County Treasurer - DEM","Rachel Friend",341,166,54,0
"907","2154907907","Boulder County Assessor - DEM","Cynthia Braddock",341,249,92,0
"907","2154907907","Boulder County Sheriff - DEM","Curtis Johnson",341,254,87,0
"907","2154907907","Boulder County Surveyor - DEM","Kayce D. W. Keane",341,247,94,0
"907","2154907907","Boulder County Coroner - DEM","Jeff Martin",341,248,93,0
"907","2154907907","Secretary of State - LBR","Sean Vadney",0,0,0,0
"907","2154907907","Secretary of State - LBR","Alex Astley",0,0,0,0
"907","2154907907","United States Senator - REP","Mark Baisley",60,53,7,0
"907","2154907907","Representative to the 120th United States Congress - District 2 - REP","Kelley Anne Dennison",60,27,5,0
"907","2154907907","Representative to the 120th United States Congress - District 2 - REP","Christina Blunt (Ducommun)",60,28,5,0
"907","2154907907","Governor - REP","Scott Bottoms",60,12,0,0
"907","2154907907","Governor - REP","Victor Marx",60,19,0,0
"907","2154907907","Governor - REP","Barb Kirkmeyer",60,29,0,0
"907","2154907907","Governor - REP","Kelvin ""K-Man"" Wimberly (Write-in Candidate)",60,0,0,0
"907","2154907907","Secretary of State - REP","James Wiley",60,54,6,0
"907","2154907907","State Treasurer - REP","Kevin Grantham",60,54,6,0
"907","2154907907","Attorney General - REP","Michael J. Allen",60,33,6,0
"907","2154907907","Attorney General - REP","David Willson",60,21,6,0
"907","2154907907","Regent of the University of Colorado - Congressional District 2 - REP","Marty Neilson",60,52,8,0
"907","2154907907","State Senator - District 15 - REP","Rob Woodward",60,52,8,0
"907","2154907907","State Representative - District 49 - REP","Michael Sheperek",60,52,8,0
"907","2154907907","Boulder County Commissioner - District 3 - REP","There are no candidates for this office",60,0,60,0
"907","2154907907","Boulder County Clerk and Recorder - REP","There are no candidates for this office",60,0,60,0
"907","2154907907","Boulder County Treasurer - REP","There are no candidates for this office",60,0,60,0
"907","2154907907","Boulder County Assessor - REP","There are no candidates for this office",60,0,60,0
"907","2154907907","Boulder County Sheriff - REP","There are no candidates for this office",60,0,60,0
"907","2154907907","Boulder County Surveyor - REP","There are no candidates for this office",60,0,60,0
"907","2154907907","Boulder County Coroner - REP","There are no candidates for this office",60,0,60,0
"907","2154907907","Governor - UNI","Paul Noël Fiorino",0,0,0,0
"907","2154907907","Governor - UNI","Jeff Peckman",0,0,0,0
"908","2154907908","United States Senator - DEM","Julie Gonzales",140,81,2,0
"908","2154907908","United States Senator - DEM","John Hickenlooper",140,57,2,0
"908","2154907908","Representative to the 120th United States Congress - District 2 - DEM","Joe Neguse",140,126,14,0
"908","2154907908","Governor - DEM","Phil Weiser",140,79,1,0
"908","2154907908","Governor - DEM","Michael Bennet",140,60,1,0
"908","2154907908","Secretary of State - DEM","Amanda Gonzalez",140,90,15,0
"908","2154907908","Secretary of State - DEM","Jessie Danielson",140,35,15,0
"908","2154907908","State Treasurer - DEM","Jeff Bridges",140,110,30,0
"908","2154907908","Attorney General - DEM","Jena Griswold",140,52,6,0
"908","2154907908","Attorney General - DEM","David Seligman",140,21,6,0
"908","2154907908","Attorney General - DEM","Michael Dougherty",140,41,6,0
"908","2154907908","Attorney General - DEM","Hetal Doshi",140,20,6,0
"908","2154907908","Regent of the University of Colorado - Congressional District 2 - DEM","Kubs Lalchandani",140,42,22,0
"908","2154907908","Regent of the University of Colorado - Congressional District 2 - DEM","Edie Hooton",140,44,22,0
"908","2154907908","Regent of the University of Colorado - Congressional District 2 - DEM","Murray Smith",140,32,22,0
"908","2154907908","State Senator - District 15 - DEM","Janice Marchman",140,104,36,0
"908","2154907908","State Representative - District 49 - DEM","Lesley Smith",140,104,36,0
"908","2154907908","Boulder County Commissioner - District 3 - DEM","Ashley Stolzmann",140,101,39,0
"908","2154907908","Boulder County Clerk and Recorder - DEM","Molly Fitzpatrick",140,107,33,0
"908","2154907908","Boulder County Treasurer - DEM","Jenn Kaaoush",140,55,20,0
"908","2154907908","Boulder County Treasurer - DEM","Rachel Friend",140,65,20,0
"908","2154907908","Boulder County Assessor - DEM","Cynthia Braddock",140,104,36,0
"908","2154907908","Boulder County Sheriff - DEM","Curtis Johnson",140,101,39,0
"908","2154907908","Boulder County Surveyor - DEM","Kayce D. W. Keane",140,101,39,0
"908","2154907908","Boulder County Coroner - DEM","Jeff Martin",140,104,36,0
"908","2154907908","Secretary of State - LBR","Sean Vadney",0,0,0,0
"908","2154907908","Secretary of State - LBR","Alex Astley",0,0,0,0
"908","2154907908","United States Senator - REP","Mark Baisley",27,24,3,0
"908","2154907908","Representative to the 120th United States Congress - District 2 - REP","Kelley Anne Dennison",27,11,2,0
"908","2154907908","Representative to the 120th United States Congress - District 2 - REP","Christina Blunt (Ducommun)",27,14,2,0
"908","2154907908","Governor - REP","Scott Bottoms",27,8,0,0
"908","2154907908","Governor - REP","Victor Marx",27,10,0,0
"908","2154907908","Governor - REP","Barb Kirkmeyer",27,9,0,0
"908","2154907908","Governor - REP","Kelvin ""K-Man"" Wimberly (Write-in Candidate)",27,0,0,0
"908","2154907908","Secretary of State - REP","James Wiley",27,24,3,0
"908","2154907908","State Treasurer - REP","Kevin Grantham",27,24,3,0
"908","2154907908","Attorney General - REP","Michael J. Allen",27,14,2,0
"908","2154907908","Attorney General - REP","David Willson",27,11,2,0
"908","2154907908","Regent of the University of Colorado - Congressional District 2 - REP","Marty Neilson",27,23,4,0
"908","2154907908","State Senator - District 15 - REP","Rob Woodward",27,24,3,0
"908","2154907908","State Representative - District 49 - REP","Michael Sheperek",27,24,3,0
"908","2154907908","Boulder County Commissioner - District 3 - REP","There are no candidates for this office",27,0,27,0
"908","2154907908","Boulder County Clerk and Recorder - REP","There are no candidates for this office",27,0,27,0
"908","2154907908","Boulder County Treasurer - REP","There are no candidates for this office",27,0,27,0
"908","2154907908","Boulder County Assessor - REP","There are no candidates for this office",27,0,27,0
"908","2154907908","Boulder County Sheriff - REP","There are no candidates for this office",27,0,27,0
"908","2154907908","Boulder County Surveyor - REP","There are no candidates for this office",27,0,27,0
"908","2154907908","Boulder County Coroner - REP","There are no candidates for this office",27,0,27,0
"908","2154907908","Governor - UNI","Paul Noël Fiorino",0,0,0,0
"908","2154907908","Governor - UNI","Jeff Peckman",0,0,0,0
"909","2154907909","United States Senator - DEM","Julie Gonzales",262,108,3,0
"909","2154907909","United States Senator - DEM","John Hickenlooper",262,151,3,0
"909","2154907909","Representative to the 120th United States Congress - District 2 - DEM","Joe Neguse",262,227,35,0
"909","2154907909","Governor - DEM","Phil Weiser",262,149,4,0
"909","2154907909","Governor - DEM","Michael Bennet",262,109,4,0
"909","2154907909","Secretary of State - DEM","Amanda Gonzalez",262,141,40,0
"909","2154907909","Secretary of State - DEM","Jessie Danielson",262,81,40,0
"909","2154907909","State Treasurer - DEM","Jeff Bridges",262,208,54,0
"909","2154907909","Attorney General - DEM","Jena Griswold",262,95,15,0
"909","2154907909","Attorney General - DEM","David Seligman",262,38,15,0
"909","2154907909","Attorney General - DEM","Michael Dougherty",262,77,15,0
"909","2154907909","Attorney General - DEM","Hetal Doshi",262,37,15,0
"909","2154907909","Regent of the University of Colorado - Congressional District 2 - DEM","Kubs Lalchandani",262,76,48,0
"909","2154907909","Regent of the University of Colorado - Congressional District 2 - DEM","Edie Hooton",262,87,48,0
"909","2154907909","Regent of the University of Colorado - Congressional District 2 - DEM","Murray Smith",262,51,48,0
"909","2154907909","State Senator - District 15 - DEM","Janice Marchman",262,193,69,0
"909","2154907909","State Representative - District 49 - DEM","Lesley Smith",262,191,71,0
"909","2154907909","Boulder County Commissioner - District 3 - DEM","Ashley Stolzmann",262,195,67,0
"909","2154907909","Boulder County Clerk and Recorder - DEM","Molly Fitzpatrick",262,195,67,0
"909","2154907909","Boulder County Treasurer - DEM","Jenn Kaaoush",262,97,47,1
"909","2154907909","Boulder County Treasurer - DEM","Rachel Friend",262,117,47,1
"909","2154907909","Boulder County Assessor - DEM","Cynthia Braddock",262,184,78,0
"909","2154907909","Boulder County Sheriff - DEM","Curtis Johnson",262,187,75,0
"909","2154907909","Boulder County Surveyor - DEM","Kayce D. W. Keane",262,186,76,0
"909","2154907909","Boulder County Coroner - DEM","Jeff Martin",262,187,75,0
"909","2154907909","United States Senator - REP","Mark Baisley",18,14,4,0
"909","2154907909","Representative to the 120th United States Congress - District 2 - REP","Kelley Anne Dennison",18,12,1,0
"909","2154907909","Representative to the 120th United States Congress - District 2 - REP","Christina Blunt (Ducommun)",18,5,1,0
"909","2154907909","Governor - REP","Scott Bottoms",18,2,1,0
"909","2154907909","Governor - REP","Victor Marx",18,9,1,0
"909","2154907909","Governor - REP","Barb Kirkmeyer",18,6,1,0
"909","2154907909","Governor - REP","Kelvin ""K-Man"" Wimberly (Write-in Candidate)",18,0,1,0
"909","2154907909","Secretary of State - REP","James Wiley",18,15,3,0
"909","2154907909","State Treasurer - REP","Kevin Grantham",18,15,3,0
"909","2154907909","Attorney General - REP","Michael J. Allen",18,7,2,0
"909","2154907909","Attorney General - REP","David Willson",18,9,2,0
"909","2154907909","Regent of the University of Colorado - Congressional District 2 - REP","Marty Neilson",18,15,3,0
"909","2154907909","State Senator - District 15 - REP","Rob Woodward",18,15,3,0
"909","2154907909","State Representative - District 49 - REP","Michael Sheperek",18,15,3,0
"909","2154907909","Boulder County Commissioner - District 3 - REP","There are no candidates for this office",18,0,18,0
"909","2154907909","Boulder County Clerk and Recorder - REP","There are no candidates for this office",18,0,18,0
"909","2154907909","Boulder County Treasurer - REP","There are no candidates for this office",18,0,18,0
"909","2154907909","Boulder County Assessor - REP","There are no candidates for this office",18,0,18,0
"909","2154907909","Boulder County Sheriff - REP","There are no candidates for this office",18,0,18,0
"909","2154907909","Boulder County Surveyor - REP","There are no candidates for this office",18,0,18,0
"909","2154907909","Boulder County Coroner - REP","There are no candidates for this office",18,0,18,0
"909","2154907909","Governor - UNI","Paul Noël Fiorino",0,0,0,0
"909","2154907909","Governor - UNI","Jeff Peckman",0,0,0,0
"910","2154907910","United States Senator - DEM","Julie Gonzales",218,95,1,0
"910","2154907910","United States Senator - DEM","John Hickenlooper",218,122,1,0
"910","2154907910","Representative to the 120th United States Congress - District 2 - DEM","Joe Neguse",218,194,24,0
"910","2154907910","Governor - DEM","Phil Weiser",218,150,1,0
"910","2154907910","Governor - DEM","Michael Bennet",218,67,1,0
"910","2154907910","Secretary of State - DEM","Amanda Gonzalez",218,128,18,0
"910","2154907910","Secretary of State - DEM","Jessie Danielson",218,72,18,0
"910","2154907910","State Treasurer - DEM","Jeff Bridges",218,169,49,0
"910","2154907910","Attorney General - DEM","Jena Griswold",218,67,4,0
"910","2154907910","Attorney General - DEM","David Seligman",218,29,4,0
"910","2154907910","Attorney General - DEM","Michael Dougherty",218,91,4,0
"910","2154907910","Attorney General - DEM","Hetal Doshi",218,27,4,0
"910","2154907910","Regent of the University of Colorado - Congressional District 2 - DEM","Kubs Lalchandani",218,57,24,0
"910","2154907910","Regent of the University of Colorado - Congressional District 2 - DEM","Edie Hooton",218,89,24,0
"910","2154907910","Regent of the University of Colorado - Congressional District 2 - DEM","Murray Smith",218,48,24,0
"910","2154907910","State Senator - District 15 - DEM","Janice Marchman",218,170,48,0
"910","2154907910","State Representative - District 49 - DEM","Lesley Smith",218,168,50,0
"910","2154907910","Boulder County Commissioner - District 3 - DEM","Ashley Stolzmann",218,169,49,0
"910","2154907910","Boulder County Clerk and Recorder - DEM","Molly Fitzpatrick",218,164,54,0
"910","2154907910","Boulder County Treasurer - DEM","Jenn Kaaoush",218,84,37,1
"910","2154907910","Boulder County Treasurer - DEM","Rachel Friend",218,96,37,1
"910","2154907910","Boulder County Assessor - DEM","Cynthia Braddock",218,160,58,0
"910","2154907910","Boulder County Sheriff - DEM","Curtis Johnson",218,163,55,0
"910","2154907910","Boulder County Surveyor - DEM","Kayce D. W. Keane",218,160,58,0
"910","2154907910","Boulder County Coroner - DEM","Jeff Martin",218,156,62,0
"910","2154907910","United States Senator - REP","Mark Baisley",30,23,7,0
"910","2154907910","Representative to the 120th United States Congress - District 2 - REP","Kelley Anne Dennison",30,12,9,0
"910","2154907910","Representative to the 120th United States Congress - District 2 - REP","Christina Blunt (Ducommun)",30,9,9,0
"910","2154907910","Governor - REP","Scott Bottoms",30,4,1,0
"910","2154907910","Governor - REP","Victor Marx",30,11,1,0
"910","2154907910","Governor - REP","Barb Kirkmeyer",30,14,1,0
"910","2154907910","Governor - REP","Kelvin ""K-Man"" Wimberly (Write-in Candidate)",30,0,1,0
"910","2154907910","Secretary of State - REP","James Wiley",30,23,7,0
"910","2154907910","State Treasurer - REP","Kevin Grantham",30,23,7,0
"910","2154907910","Attorney General - REP","Michael J. Allen",30,17,4,0
"910","2154907910","Attorney General - REP","David Willson",30,9,4,0
"910","2154907910","Regent of the University of Colorado - Congressional District 2 - REP","Marty Neilson",30,23,7,0
"910","2154907910","State Senator - District 15 - REP","Rob Woodward",30,23,7,0
"910","2154907910","State Representative - District 49 - REP","Michael Sheperek",30,22,8,0
"910","2154907910","Boulder County Commissioner - District 3 - REP","There are no candidates for this office",30,0,30,0
"910","2154907910","Boulder County Clerk and Recorder - REP","There are no candidates for this office",30,0,30,0
"910","2154907910","Boulder County Treasurer - REP","There are no candidates for this office",30,0,30,0
"910","2154907910","Boulder County Assessor - REP","There are no candidates for this office",30,0,30,0
"910","2154907910","Boulder County Sheriff - REP","There are no candidates for this office",30,0,30,0
"910","2154907910","Boulder County Surveyor - REP","There are no candidates for this office",30,0,30,0
"910","2154907910","Boulder County Coroner - REP","There are no candidates for this office",30,0,30,0
"910","2154907910","Governor - UNI","Paul Noël Fiorino",0,0,0,0
"910","2154907910","Governor - UNI","Jeff Peckman",0,0,0,0
"911","2154907911","United States Senator - DEM","Julie Gonzales",413,144,4,0
"911","2154907911","United States Senator - DEM","John Hickenlooper",413,265,4,0
"911","2154907911","Representative to the 120th United States Congress - District 2 - DEM","Joe Neguse",413,367,46,0
"911","2154907911","Governor - DEM","Phil Weiser",413,234,15,0
"911","2154907911","Governor - DEM","Michael Bennet",413,164,15,0
"911","2154907911","Secretary of State - DEM","Amanda Gonzalez",413,212,62,0
"911","2154907911","Secretary of State - DEM","Jessie Danielson",413,139,62,0
"911","2154907911","State Treasurer - DEM","Jeff Bridges",413,308,105,0
"911","2154907911","Attorney General - DEM","Jena Griswold",413,138,22,0
"911","2154907911","Attorney General - DEM","David Seligman",413,40,22,0
"911","2154907911","Attorney General - DEM","Michael Dougherty",413,167,22,0
"911","2154907911","Attorney General - DEM","Hetal Doshi",413,46,22,0
"911","2154907911","Regent of the University of Colorado - Congressional District 2 - DEM","Kubs Lalchandani",413,101,73,0
"911","2154907911","Regent of the University of Colorado - Congressional District 2 - DEM","Edie Hooton",413,155,73,0
"911","2154907911","Regent of the University of Colorado - Congressional District 2 - DEM","Murray Smith",413,84,73,0
"911","2154907911","State Senator - District 15 - DEM","Janice Marchman",413,297,116,0
"911","2154907911","State Representative - District 49 - DEM","Lesley Smith",413,298,115,0
"911","2154907911","Boulder County Commissioner - District 3 - DEM","Ashley Stolzmann",413,297,116,0
"911","2154907911","Boulder County Clerk and Recorder - DEM","Molly Fitzpatrick",413,290,123,0
"911","2154907911","Boulder County Treasurer - DEM","Jenn Kaaoush",413,133,80,1
"911","2154907911","Boulder County Treasurer - DEM","Rachel Friend",413,199,80,1
"911","2154907911","Boulder County Assessor - DEM","Cynthia Braddock",413,284,129,0
"911","2154907911","Boulder County Sheriff - DEM","Curtis Johnson",413,283,130,0
"911","2154907911","Boulder County Surveyor - DEM","Kayce D. W. Keane",413,283,130,0
"911","2154907911","Boulder County Coroner - DEM","Jeff Martin",413,281,132,0
"911","2154907911","Secretary of State - LBR","Sean Vadney",0,0,0,0
"911","2154907911","Secretary of State - LBR","Alex Astley",0,0,0,0
"911","2154907911","United States Senator - REP","Mark Baisley",54,44,10,0
"911","2154907911","Representative to the 120th United States Congress - District 2 - REP","Kelley Anne Dennison",54,28,10,0
"911","2154907911","Representative to the 120th United States Congress - District 2 - REP","Christina Blunt (Ducommun)",54,16,10,0
"911","2154907911","Governor - REP","Scott Bottoms",54,4,0,0
"911","2154907911","Governor - REP","Victor Marx",54,17,0,0
"911","2154907911","Governor - REP","Barb Kirkmeyer",54,33,0,0
"911","2154907911","Governor - REP","Kelvin ""K-Man"" Wimberly (Write-in Candidate)",54,0,0,0
"911","2154907911","Secretary of State - REP","James Wiley",54,43,11,0
"911","2154907911","State Treasurer - REP","Kevin Grantham",54,44,10,0
"911","2154907911","Attorney General - REP","Michael J. Allen",54,28,7,0
"911","2154907911","Attorney General - REP","David Willson",54,19,7,0
"911","2154907911","Regent of the University of Colorado - Congressional District 2 - REP","Marty Neilson",54,44,10,0
"911","2154907911","State Senator - District 15 - REP","Rob Woodward",54,44,10,0
"911","2154907911","State Representative - District 49 - REP","Michael Sheperek",54,43,11,0
"911","2154907911","Boulder County Commissioner - District 3 - REP","There are no candidates for this office",54,0,54,0
"911","2154907911","Boulder County Clerk and Recorder - REP","There are no candidates for this office",54,0,54,0
"911","2154907911","Boulder County Treasurer - REP","There are no candidates for this office",54,0,54,0
"911","2154907911","Boulder County Assessor - REP","There are no candidates for this office",54,0,54,0
"911","2154907911","Boulder County Sheriff - REP","There are no candidates for this office",54,0,54,0
"911","2154907911","Boulder County Surveyor - REP","There are no candidates for this office",54,0,54,0
"911","2154907911","Boulder County Coroner - REP","There are no candidates for this office",54,0,54,0
"911","2154907911","Governor - UNI","Paul Noël Fiorino",0,0,0,0
"911","2154907911","Governor - UNI","Jeff Peckman",0,0,0,0
"912","2154907912","United States Senator - DEM","Julie Gonzales",785,319,9,0
"912","2154907912","United States Senator - DEM","John Hickenlooper",785,457,9,0
"912","2154907912","Representative to the 120th United States Congress - District 2 - DEM","Joe Neguse",785,698,87,0
"912","2154907912","Governor - DEM","Phil Weiser",785,460,12,1
"912","2154907912","Governor - DEM","Michael Bennet",785,312,12,1
"912","2154907912","Secretary of State - DEM","Amanda Gonzalez",785,362,86,0
"912","2154907912","Secretary of State - DEM","Jessie Danielson",785,337,86,0
"912","2154907912","State Treasurer - DEM","Jeff Bridges",785,584,201,0
"912","2154907912","Attorney General - DEM","Jena Griswold",785,236,15,0
"912","2154907912","Attorney General - DEM","David Seligman",785,146,15,0
"912","2154907912","Attorney General - DEM","Michael Dougherty",785,302,15,0
"912","2154907912","Attorney General - DEM","Hetal Doshi",785,86,15,0
"912","2154907912","Regent of the University of Colorado - Congressional District 2 - DEM","Kubs Lalchandani",785,220,121,0
"912","2154907912","Regent of the University of Colorado - Congressional District 2 - DEM","Edie Hooton",785,284,121,0
"912","2154907912","Regent of the University of Colorado - Congressional District 2 - DEM","Murray Smith",785,160,121,0
"912","2154907912","State Senator - District 15 - DEM","Janice Marchman",785,565,220,0
"912","2154907912","State Representative - District 49 - DEM","Lesley Smith",785,562,223,0
"912","2154907912","Boulder County Commissioner - District 3 - DEM","Ashley Stolzmann",785,567,218,0
"912","2154907912","Boulder County Clerk and Recorder - DEM","Molly Fitzpatrick",785,566,219,0
"912","2154907912","Boulder County Treasurer - DEM","Jenn Kaaoush",785,261,127,2
"912","2154907912","Boulder County Treasurer - DEM","Rachel Friend",785,395,127,2
"912","2154907912","Boulder County Assessor - DEM","Cynthia Braddock",785,543,242,0
"912","2154907912","Boulder County Sheriff - DEM","Curtis Johnson",785,553,232,0
"912","2154907912","Boulder County Surveyor - DEM","Kayce D. W. Keane",785,536,249,0
"912","2154907912","Boulder County Coroner - DEM","Jeff Martin",785,545,240,0
"912","2154907912","United States Senator - REP","Mark Baisley",122,92,30,0
"912","2154907912","Representative to the 120th United States Congress - District 2 - REP","Kelley Anne Dennison",122,59,22,0
"912","2154907912","Representative to the 120th United States Congress - District 2 - REP","Christina Blunt (Ducommun)",122,41,22,0
"912","2154907912","Governor - REP","Scott Bottoms",122,22,5,0
"912","2154907912","Governor - REP","Victor Marx",122,29,5,0
"912","2154907912","Governor - REP","Barb Kirkmeyer",122,66,5,0
"912","2154907912","Governor - REP","Kelvin ""K-Man"" Wimberly (Write-in Candidate)",122,0,5,0
"912","2154907912","Secretary of State - REP","James Wiley",122,96,26,0
"912","2154907912","State Treasurer - REP","Kevin Grantham",122,97,25,0
"912","2154907912","Attorney General - REP","Michael J. Allen",122,62,16,0
"912","2154907912","Attorney General - REP","David Willson",122,44,16,0
"912","2154907912","Regent of the University of Colorado - Congressional District 2 - REP","Marty Neilson",122,94,28,0
"912","2154907912","State Senator - District 15 - REP","Rob Woodward",122,94,28,0
"912","2154907912","State Representative - District 49 - REP","Michael Sheperek",122,93,29,0
"912","2154907912","Boulder County Commissioner - District 3 - REP","There are no candidates for this office",122,0,122,0
"912","2154907912","Boulder County Clerk and Recorder - REP","There are no candidates for this office",122,0,122,0
"912","2154907912","Boulder County Treasurer - REP","There are no candidates for this office",122,0,122,0
"912","2154907912","Boulder County Assessor - REP","There are no candidates for this office",122,0,122,0
"912","2154907912","Boulder County Sheriff - REP","There are no candidates for this office",122,0,122,0
"912","2154907912","Boulder County Surveyor - REP","There are no candidates for this office",122,0,122,0
"912","2154907912","Boulder County Coroner - REP","There are no candidates for this office",122,0,122,0
"912","2154907912","Governor - UNI","Paul Noël Fiorino",0,0,0,0
"912","2154907912","Governor - UNI","Jeff Peckman",0,0,0,0
"913","2154907913","United States Senator - DEM","Julie Gonzales",255,145,2,0
"913","2154907913","United States Senator - DEM","John Hickenlooper",255,108,2,0
"913","2154907913","Representative to the 120th United States Congress - District 2 - DEM","Joe Neguse",255,233,22,0
"913","2154907913","Governor - DEM","Phil Weiser",255,158,5,0
"913","2154907913","Governor - DEM","Michael Bennet",255,92,5,0
"913","2154907913","Secretary of State - DEM","Amanda Gonzalez",255,160,23,0
"913","2154907913","Secretary of State - DEM","Jessie Danielson",255,72,23,0
"913","2154907913","State Treasurer - DEM","Jeff Bridges",255,218,37,0
"913","2154907913","Attorney General - DEM","Jena Griswold",255,90,6,0
"913","2154907913","Attorney General - DEM","David Seligman",255,43,6,0
"913","2154907913","Attorney General - DEM","Michael Dougherty",255,98,6,0
"913","2154907913","Attorney General - DEM","Hetal Doshi",255,18,6,0
"913","2154907913","Regent of the University of Colorado - Congressional District 2 - DEM","Kubs Lalchandani",255,59,43,1
"913","2154907913","Regent of the University of Colorado - Congressional District 2 - DEM","Edie Hooton",255,102,43,1
"913","2154907913","Regent of the University of Colorado - Congressional District 2 - DEM","Murray Smith",255,50,43,1
"913","2154907913","State Senator - District 15 - DEM","Janice Marchman",255,208,47,0
"913","2154907913","State Representative - District 49 - DEM","Lesley Smith",255,209,46,0
"913","2154907913","Boulder County Commissioner - District 3 - DEM","Ashley Stolzmann",255,205,50,0
"913","2154907913","Boulder County Clerk and Recorder - DEM","Molly Fitzpatrick",255,210,45,0
"913","2154907913","Boulder County Treasurer - DEM","Jenn Kaaoush",255,88,37,1
"913","2154907913","Boulder County Treasurer - DEM","Rachel Friend",255,129,37,1
"913","2154907913","Boulder County Assessor - DEM","Cynthia Braddock",255,203,52,0
"913","2154907913","Boulder County Sheriff - DEM","Curtis Johnson",255,202,53,0
"913","2154907913","Boulder County Surveyor - DEM","Kayce D. W. Keane",255,200,55,0
"913","2154907913","Boulder County Coroner - DEM","Jeff Martin",255,199,56,0
"913","2154907913","United States Senator - REP","Mark Baisley",31,21,10,0
"913","2154907913","Representative to the 120th United States Congress - District 2 - REP","Kelley Anne Dennison",31,13,9,0
"913","2154907913","Representative to the 120th United States Congress - District 2 - REP","Christina Blunt (Ducommun)",31,9,9,0
"913","2154907913","Governor - REP","Scott Bottoms",31,9,0,0
"913","2154907913","Governor - REP","Victor Marx",31,6,0,0
"913","2154907913","Governor - REP","Barb Kirkmeyer",31,16,0,0
"913","2154907913","Governor - REP","Kelvin ""K-Man"" Wimberly (Write-in Candidate)",31,0,0,0
"913","2154907913","Secretary of State - REP","James Wiley",31,21,10,0
"913","2154907913","State Treasurer - REP","Kevin Grantham",31,20,11,0
"913","2154907913","Attorney General - REP","Michael J. Allen",31,12,6,0
"913","2154907913","Attorney General - REP","David Willson",31,13,6,0
"913","2154907913","Regent of the University of Colorado - Congressional District 2 - REP","Marty Neilson",31,20,11,0
"913","2154907913","State Senator - District 15 - REP","Rob Woodward",31,20,11,0
"913","2154907913","State Representative - District 49 - REP","Michael Sheperek",31,20,11,0
"913","2154907913","Boulder County Commissioner - District 3 - REP","There are no candidates for this office",31,0,31,0
"913","2154907913","Boulder County Clerk and Recorder - REP","There are no candidates for this office",31,0,31,0
"913","2154907913","Boulder County Treasurer - REP","There are no candidates for this office",31,0,31,0
"913","2154907913","Boulder County Assessor - REP","There are no candidates for this office",31,0,31,0
"913","2154907913","Boulder County Sheriff - REP","There are no candidates for this office",31,0,31,0
"913","2154907913","Boulder County Surveyor - REP","There are no candidates for this office",31,0,31,0
"913","2154907913","Boulder County Coroner - REP","There are no candidates for this office",31,0,31,0
"913","2154907913","Governor - UNI","Paul Noël Fiorino",0,0,0,0
"913","2154907913","Governor - UNI","Jeff Peckman",0,0,0,0
"914","2154907914","United States Senator - DEM","Julie Gonzales",152,55,0,0
"914","2154907914","United States Senator - DEM","John Hickenlooper",152,97,0,0
"914","2154907914","Representative to the 120th United States Congress - District 2 - DEM","Joe Neguse",152,143,9,0
"914","2154907914","Governor - DEM","Phil Weiser",152,68,1,0
"914","2154907914","Governor - DEM","Michael Bennet",152,83,1,0
"914","2154907914","Secretary of State - DEM","Amanda Gonzalez",152,79,35,0
"914","2154907914","Secretary of State - DEM","Jessie Danielson",152,38,35,0
"914","2154907914","State Treasurer - DEM","Jeff Bridges",152,119,33,0
"914","2154907914","Attorney General - DEM","Jena Griswold",152,70,8,0
"914","2154907914","Attorney General - DEM","David Seligman",152,14,8,0
"914","2154907914","Attorney General - DEM","Michael Dougherty",152,45,8,0
"914","2154907914","Attorney General - DEM","Hetal Doshi",152,15,8,0
"914","2154907914","Regent of the University of Colorado - Congressional District 2 - DEM","Kubs Lalchandani",152,40,39,0
"914","2154907914","Regent of the University of Colorado - Congressional District 2 - DEM","Edie Hooton",152,51,39,0
"914","2154907914","Regent of the University of Colorado - Congressional District 2 - DEM","Murray Smith",152,22,39,0
"914","2154907914","State Senator - District 15 - DEM","Janice Marchman",152,120,32,0
"914","2154907914","State Representative - District 49 - DEM","Lesley Smith",152,119,33,0
"914","2154907914","Boulder County Commissioner - District 3 - DEM","Ashley Stolzmann",152,112,40,0
"914","2154907914","Boulder County Clerk and Recorder - DEM","Molly Fitzpatrick",152,118,34,0
"914","2154907914","Boulder County Treasurer - DEM","Jenn Kaaoush",152,46,31,0
"914","2154907914","Boulder County Treasurer - DEM","Rachel Friend",152,75,31,0
"914","2154907914","Boulder County Assessor - DEM","Cynthia Braddock",152,114,38,0
"914","2154907914","Boulder County Sheriff - DEM","Curtis Johnson",152,117,35,0
"914","2154907914","Boulder County Surveyor - DEM","Kayce D. W. Keane",152,113,39,0
"914","2154907914","Boulder County Coroner - DEM","Jeff Martin",152,117,35,0
"914","2154907914","United States Senator - REP","Mark Baisley",53,50,3,0
"914","2154907914","Representative to the 120th United States Congress - District 2 - REP","Kelley Anne Dennison",53,36,4,0
"914","2154907914","Representative to the 120th United States Congress - District 2 - REP","Christina Blunt (Ducommun)",53,13,4,0
"914","2154907914","Governor - REP","Scott Bottoms",53,11,1,0
"914","2154907914","Governor - REP","Victor Marx",53,28,1,0
"914","2154907914","Governor - REP","Barb Kirkmeyer",53,13,1,0
"914","2154907914","Governor - REP","Kelvin ""K-Man"" Wimberly (Write-in Candidate)",53,0,1,0
"914","2154907914","Secretary of State - REP","James Wiley",53,48,5,0
"914","2154907914","State Treasurer - REP","Kevin Grantham",53,49,4,0
"914","2154907914","Attorney General - REP","Michael J. Allen",53,26,1,0
"914","2154907914","Attorney General - REP","David Willson",53,26,1,0
"914","2154907914","Regent of the University of Colorado - Congressional District 2 - REP","Marty Neilson",53,46,7,0
"914","2154907914","State Senator - District 15 - REP","Rob Woodward",53,49,4,0
"914","2154907914","State Representative - District 49 - REP","Michael Sheperek",53,48,5,0
"914","2154907914","Boulder County Commissioner - District 3 - REP","There are no candidates for this office",53,0,53,0
"914","2154907914","Boulder County Clerk and Recorder - REP","There are no candidates for this office",53,0,53,0
"914","2154907914","Boulder County Treasurer - REP","There are no candidates for this office",53,0,53,0
"914","2154907914","Boulder County Assessor - REP","There are no candidates for this office",53,0,53,0
"914","2154907914","Boulder County Sheriff - REP","There are no candidates for this office",53,0,53,0
"914","2154907914","Boulder County Surveyor - REP","There are no candidates for this office",53,0,53,0
"914","2154907914","Boulder County Coroner - REP","There are no candidates for this office",53,0,53,0
"914","2154907914","Governor - UNI","Paul Noël Fiorino",0,0,0,0
"914","2154907914","Governor - UNI","Jeff Peckman",0,0,0,0
"915","2154907915","United States Senator - DEM","Julie Gonzales",573,247,8,0
"915","2154907915","United States Senator - DEM","John Hickenlooper",573,318,8,0
"915","2154907915","Representative to the 120th United States Congress - District 2 - DEM","Joe Neguse",573,508,65,0
"915","2154907915","Governor - DEM","Phil Weiser",573,313,10,0
"915","2154907915","Governor - DEM","Michael Bennet",573,250,10,0
"915","2154907915","Secretary of State - DEM","Amanda Gonzalez",573,310,88,0
"915","2154907915","Secretary of State - DEM","Jessie Danielson",573,175,88,0
"915","2154907915","State Treasurer - DEM","Jeff Bridges",573,421,152,0
"915","2154907915","Attorney General - DEM","Jena Griswold",573,179,19,0
"915","2154907915","Attorney General - DEM","David Seligman",573,89,19,0
"915","2154907915","Attorney General - DEM","Michael Dougherty",573,208,19,0
"915","2154907915","Attorney General - DEM","Hetal Doshi",573,78,19,0
"915","2154907915","Regent of the University of Colorado - Congressional District 2 - DEM","Kubs Lalchandani",573,137,100,1
"915","2154907915","Regent of the University of Colorado - Congressional District 2 - DEM","Edie Hooton",573,198,100,1
"915","2154907915","Regent of the University of Colorado - Congressional District 2 - DEM","Murray Smith",573,137,100,1
"915","2154907915","State Senator - District 15 - DEM","Janice Marchman",573,427,146,0
"915","2154907915","State Representative - District 49 - DEM","Lesley Smith",573,419,154,0
"915","2154907915","Boulder County Commissioner - District 3 - DEM","Ashley Stolzmann",573,421,152,0
"915","2154907915","Boulder County Clerk and Recorder - DEM","Molly Fitzpatrick",573,419,154,0
"915","2154907915","Boulder County Treasurer - DEM","Jenn Kaaoush",573,134,99,1
"915","2154907915","Boulder County Treasurer - DEM","Rachel Friend",573,339,99,1
"915","2154907915","Boulder County Assessor - DEM","Cynthia Braddock",573,402,171,0
"915","2154907915","Boulder County Sheriff - DEM","Curtis Johnson",573,409,164,0
"915","2154907915","Boulder County Surveyor - DEM","Kayce D. W. Keane",573,406,167,0
"915","2154907915","Boulder County Coroner - DEM","Jeff Martin",573,408,165,0
"915","2154907915","United States Senator - REP","Mark Baisley",97,78,19,0
"915","2154907915","Representative to the 120th United States Congress - District 2 - REP","Kelley Anne Dennison",97,56,11,0
"915","2154907915","Representative to the 120th United States Congress - District 2 - REP","Christina Blunt (Ducommun)",97,30,11,0
"915","2154907915","Governor - REP","Scott Bottoms",97,13,1,0
"915","2154907915","Governor - REP","Victor Marx",97,35,1,0
"915","2154907915","Governor - REP","Barb Kirkmeyer",97,48,1,0
"915","2154907915","Governor - REP","Kelvin ""K-Man"" Wimberly (Write-in Candidate)",97,0,1,0
"915","2154907915","Secretary of State - REP","James Wiley",97,79,18,0
"915","2154907915","State Treasurer - REP","Kevin Grantham",97,79,18,0
"915","2154907915","Attorney General - REP","Michael J. Allen",97,53,8,0
"915","2154907915","Attorney General - REP","David Willson",97,36,8,0
"915","2154907915","Regent of the University of Colorado - Congressional District 2 - REP","Marty Neilson",97,78,19,0
"915","2154907915","State Senator - District 15 - REP","Rob Woodward",97,77,20,0
"915","2154907915","State Representative - District 49 - REP","Michael Sheperek",97,74,23,0
"915","2154907915","Boulder County Commissioner - District 3 - REP","There are no candidates for this office",97,0,97,0
"915","2154907915","Boulder County Clerk and Recorder - REP","There are no candidates for this office",97,0,97,0
"915","2154907915","Boulder County Treasurer - REP","There are no candidates for this office",97,0,97,0
"915","2154907915","Boulder County Assessor - REP","There are no candidates for this office",97,0,97,0
"915","2154907915","Boulder County Sheriff - REP","There are no candidates for this office",97,0,97,0
"915","2154907915","Boulder County Surveyor - REP","There are no candidates for this office",97,0,97,0
"915","2154907915","Boulder County Coroner - REP","There are no candidates for this office",97,0,97,0
"915","2154907915","Governor - UNI","Paul Noël Fiorino",0,0,0,0
"915","2154907915","Governor - UNI","Jeff Peckman",0,0,0,0
"916","2154907916","United States Senator - DEM","Julie Gonzales",498,217,7,0
"916","2154907916","United States Senator - DEM","John Hickenlooper",498,274,7,0
"916","2154907916","Representative to the 120th United States Congress - District 2 - DEM","Joe Neguse",498,436,62,0
"916","2154907916","Governor - DEM","Phil Weiser",498,256,4,0
"916","2154907916","Governor - DEM","Michael Bennet",498,238,4,0
"916","2154907916","Secretary of State - DEM","Amanda Gonzalez",498,261,72,0
"916","2154907916","Secretary of State - DEM","Jessie Danielson",498,165,72,0
"916","2154907916","State Treasurer - DEM","Jeff Bridges",498,356,142,0
"916","2154907916","Attorney General - DEM","Jena Griswold",498,158,25,0
"916","2154907916","Attorney General - DEM","David Seligman",498,87,25,0
"916","2154907916","Attorney General - DEM","Michael Dougherty",498,182,25,0
"916","2154907916","Attorney General - DEM","Hetal Doshi",498,46,25,0
"916","2154907916","Regent of the University of Colorado - Congressional District 2 - DEM","Kubs Lalchandani",498,97,125,0
"916","2154907916","Regent of the University of Colorado - Congressional District 2 - DEM","Edie Hooton",498,154,125,0
"916","2154907916","Regent of the University of Colorado - Congressional District 2 - DEM","Murray Smith",498,122,125,0
"916","2154907916","State Senator - District 15 - DEM","Janice Marchman",498,376,122,0
"916","2154907916","State Representative - District 49 - DEM","Lesley Smith",498,362,136,0
"916","2154907916","Boulder County Commissioner - District 3 - DEM","Ashley Stolzmann",498,354,144,0
"916","2154907916","Boulder County Clerk and Recorder - DEM","Molly Fitzpatrick",498,349,149,0
"916","2154907916","Boulder County Treasurer - DEM","Jenn Kaaoush",498,123,100,0
"916","2154907916","Boulder County Treasurer - DEM","Rachel Friend",498,275,100,0
"916","2154907916","Boulder County Assessor - DEM","Cynthia Braddock",498,340,158,0
"916","2154907916","Boulder County Sheriff - DEM","Curtis Johnson",498,343,155,0
"916","2154907916","Boulder County Surveyor - DEM","Kayce D. W. Keane",498,341,157,0
"916","2154907916","Boulder County Coroner - DEM","Jeff Martin",498,338,160,0
"916","2154907916","Secretary of State - LBR","Sean Vadney",0,0,0,0
"916","2154907916","Secretary of State - LBR","Alex Astley",0,0,0,0
"916","2154907916","United States Senator - REP","Mark Baisley",89,65,24,0
"916","2154907916","Representative to the 120th United States Congress - District 2 - REP","Kelley Anne Dennison",89,38,16,0
"916","2154907916","Representative to the 120th United States Congress - District 2 - REP","Christina Blunt (Ducommun)",89,35,16,0
"916","2154907916","Governor - REP","Scott Bottoms",89,12,3,0
"916","2154907916","Governor - REP","Victor Marx",89,26,3,0
"916","2154907916","Governor - REP","Barb Kirkmeyer",89,48,3,0
"916","2154907916","Governor - REP","Kelvin ""K-Man"" Wimberly (Write-in Candidate)",89,0,3,0
"916","2154907916","Secretary of State - REP","James Wiley",89,62,27,0
"916","2154907916","State Treasurer - REP","Kevin Grantham",89,62,27,0
"916","2154907916","Attorney General - REP","Michael J. Allen",89,43,14,0
"916","2154907916","Attorney General - REP","David Willson",89,32,14,0
"916","2154907916","Regent of the University of Colorado - Congressional District 2 - REP","Marty Neilson",89,62,27,0
"916","2154907916","State Senator - District 15 - REP","Rob Woodward",89,61,28,0
"916","2154907916","State Representative - District 49 - REP","Michael Sheperek",89,61,28,0
"916","2154907916","Boulder County Commissioner - District 3 - REP","There are no candidates for this office",89,0,89,0
"916","2154907916","Boulder County Clerk and Recorder - REP","There are no candidates for this office",89,0,89,0
"916","2154907916","Boulder County Treasurer - REP","There are no candidates for this office",89,0,89,0
"916","2154907916","Boulder County Assessor - REP","There are no candidates for this office",89,0,89,0
"916","2154907916","Boulder County Sheriff - REP","There are no candidates for this office",89,0,89,0
"916","2154907916","Boulder County Surveyor - REP","There are no candidates for this office",89,0,89,0
"916","2154907916","Boulder County Coroner - REP","There are no candidates for this office",89,0,89,0
"916","2154907916","Governor - UNI","Paul Noël Fiorino",0,0,0,0
"916","2154907916","Governor - UNI","Jeff Peckman",0,0,0,0
"100, 311, 406, 623, 624, 810, 902","2154907902, 2171107623, 2171107624, 2171207311, 2171907406, 2181007810, 2181207100","Secretary of State - LBR","Sean Vadney",10,6,0,0
"100, 311, 406, 623, 624, 810, 902","2154907902, 2171107623, 2171107624, 2171207311, 2171907406, 2181007810, 2181207100","Secretary of State - LBR","Alex Astley",10,4,0,0
"101, 206, 500, 635, 704, 827, 914","2154907704, 2154907914, 2171907635, 2181207101, 2181207206, 2181207500, 2184907827","Secretary of State - LBR","Sean Vadney",10,2,0,0
"101, 206, 500, 635, 704, 827, 914","2154907704, 2154907914, 2171907635, 2181207101, 2181207206, 2181207500, 2184907827","Secretary of State - LBR","Alex Astley",10,8,0,0
"102, 312, 407, 625, 626, 816, 903","2154907903, 2171107625, 2171107626, 2171207312, 2171907407, 2181007816, 2181207102","Secretary of State - LBR","Sean Vadney",10,4,0,0
"102, 312, 407, 625, 626, 816, 903","2154907903, 2171107625, 2171107626, 2171207312, 2171907407, 2181007816, 2181207102","Secretary of State - LBR","Alex Astley",10,6,0,0
"103, 208, 605, 648, 811, 841","2171107605, 2171107648, 2181007811, 2181007841, 2181207103, 2181207208","Secretary of State - LBR","Sean Vadney",10,2,0,0
"103, 208, 605, 648, 811, 841","2171107605, 2171107648, 2181007811, 2181007841, 2181207103, 2181207208","Secretary of State - LBR","Alex Astley",10,8,0,0
"104, 314, 507, 629, 640, 819, 906","2154907906, 2171107629, 2171107640, 2171207314, 2181007819, 2181207104, 2181207507","Secretary of State - LBR","Sean Vadney",10,5,0,0
"104, 314, 507, 629, 640, 819, 906","2154907906, 2171107629, 2171107640, 2171207314, 2181007819, 2181207104, 2181207507","Secretary of State - LBR","Alex Astley",10,5,0,0
"201, 401, 601, 632, 642, 823, 909","2154907909, 2171107601, 2171107632, 2171107642, 2171907401, 2181007823, 2181207201","Secretary of State - LBR","Sean Vadney",10,5,0,0
"201, 401, 601, 632, 642, 823, 909","2154907909, 2171107601, 2171107632, 2171107642, 2171907401, 2181007823, 2181207201","Secretary of State - LBR","Alex Astley",10,5,0,0
"203, 403, 609, 634, 647, 825, 913","2154907913, 2171107609, 2171107634, 2171107647, 2171907403, 2181007825, 2181207203","Secretary of State - LBR","Sean Vadney",10,4,1,0
"203, 403, 609, 634, 647, 825, 913","2154907913, 2171107609, 2171107634, 2171107647, 2171907403, 2181007825, 2181207203","Secretary of State - LBR","Alex Astley",10,5,1,0
"205, 308, 606, 649, 818, 847","2171107606, 2171107649, 2171207308, 2181007818, 2181007847, 2181207205","Secretary of State - LBR","Sean Vadney",10,5,0,0
"205, 308, 606, 649, 818, 847","2171107606, 2171107649, 2171207308, 2181007818, 2181007847, 2181207205","Secretary of State - LBR","Alex Astley",10,5,0,0
"207, 302, 502, 637, 828, STATE","2171207302, 2171907637, 2181207207, 2181207502, 2184907828, STATE","Secretary of State - LBR","Sean Vadney",12,5,0,0
"207, 302, 502, 637, 828, STATE","2171207302, 2171907637, 2181207207, 2181207502, 2184907828, STATE","Secretary of State - LBR","Alex Astley",12,7,0,0
"211, 505, 602, 627, 644, 830","2171107602, 2171107627, 2171107644, 2181007830, 2181207211, 2181207505","Secretary of State - LBR","Sean Vadney",10,5,0,0
"211, 505, 602, 627, 644, 830","2171107602, 2171107627, 2171107644, 2181007830, 2181207211, 2181207505","Secretary of State - LBR","Alex Astley",10,5,0,0
"212, 506, 616, 638, 645, 833","2171107616, 2171107638, 2171107645, 2181007833, 2181207212, 2181207506","Secretary of State - LBR","Sean Vadney",10,4,0,0
"212, 506, 616, 638, 645, 833","2171107616, 2171107638, 2171107645, 2181007833, 2181207212, 2181207506","Secretary of State - LBR","Alex Astley",10,6,0,0
"300, 601, 616, 624, 629, 651, 804, 832, 843","2171107601, 2171107616, 2171107624, 2171107629, 2171107651, 2171207300, 2181007832, 2181007843, 2184907804","Governor - UNI","Paul Noël Fiorino",9,6,0,0
"300, 601, 616, 624, 629, 651, 804, 832, 843","2171107601, 2171107616, 2171107624, 2171107629, 2171107651, 2171207300, 2181007832, 2181007843, 2184907804","Governor - UNI","Jeff Peckman",9,3,0,0
"305, 510, 620, 639, 646, 836","2171107639, 2171107646, 2171207305, 2171907620, 2181007836, 2181207510","Secretary of State - LBR","Sean Vadney",10,6,0,0
"305, 510, 620, 639, 646, 836","2171107639, 2171107646, 2171207305, 2171907620, 2181007836, 2181207510","Secretary of State - LBR","Alex Astley",10,4,0,0
"309, 404, 607, 651, 824, 850","2171107607, 2171107651, 2171207309, 2171907404, 2181007824, 2181007850","Secretary of State - LBR","Sean Vadney",10,4,0,0
"309, 404, 607, 651, 824, 850","2171107607, 2171107651, 2171207309, 2171907404, 2181007824, 2181007850","Secretary of State - LBR","Alex Astley",10,6,0,0
"310, 509, 608, 705, 845, 854","2154907705, 2171107608, 2171207310, 2181207509, 2184907845, 2184907854","Secretary of State - LBR","Sean Vadney",10,1,0,0
"310, 509, 608, 705, 845, 854","2154907705, 2171107608, 2171207310, 2181207509, 2184907845, 2184907854","Secretary of State - LBR","Alex Astley",10,9,0,0
"313, 600, 611, 800, 856, 910","2154907910, 2171107600, 2171107611, 2171207313, 2181007800, 2184907856","Secretary of State - LBR","Sean Vadney",10,4,0,0
"313, 600, 611, 800, 856, 910","2154907910, 2171107600, 2171107611, 2171207313, 2181007800, 2184907856","Secretary of State - LBR","Alex Astley",10,6,0,0
"316, 612, 617, 803, 857, 912","2154907912, 2171107612, 2171107617, 2171207316, 2181007803, 2184907857","Secretary of State - LBR","Sean Vadney",10,4,0,0
"316, 612, 617, 803, 857, 912","2154907912, 2171107612, 2171107617, 2171207316, 2181007803, 2184907857","Secretary of State - LBR","Alex Astley",10,6,0,0
"405, 615, 618, 809, 901, 915","2154907901, 2154907915, 2171107615, 2171107618, 2171907405, 2181007809","Secretary of State - LBR","Sean Vadney",10,4,0,0
"405, 615, 618, 809, 901, 915","2154907901, 2154907915, 2171107615, 2171107618, 2171907405, 2181007809","Secretary of State - LBR","Alex Astley",10,6,0,0
"801, 823, 831","2181007801, 2181007823, 2181007831","United States Senator - REP","Mark Baisley",24,18,6,0
"801, 823, 831","2181007801, 2181007823, 2181007831","Representative to the 120th United States Congress - District 2 - REP","Kelley Anne Dennison",24,11,4,0
"801, 823, 831","2181007801, 2181007823, 2181007831","Representative to the 120th United States Congress - District 2 - REP","Christina Blunt (Ducommun)",24,9,4,0
"801, 823, 831","2181007801, 2181007823, 2181007831","Governor - REP","Scott Bottoms",24,4,0,0
"801, 823, 831","2181007801, 2181007823, 2181007831","Governor - REP","Victor Marx",24,6,0,0
"801, 823, 831","2181007801, 2181007823, 2181007831","Governor - REP","Barb Kirkmeyer",24,14,0,0
"801, 823, 831","2181007801, 2181007823, 2181007831","Governor - REP","Kelvin ""K-Man"" Wimberly (Write-in Candidate)",24,0,0,0
"801, 823, 831","2181007801, 2181007823, 2181007831","Secretary of State - REP","James Wiley",24,17,7,0
"801, 823, 831","2181007801, 2181007823, 2181007831","State Treasurer - REP","Kevin Grantham",24,16,8,0
"801, 823, 831","2181007801, 2181007823, 2181007831","Attorney General - REP","Michael J. Allen",24,13,3,0
"801, 823, 831","2181007801, 2181007823, 2181007831","Attorney General - REP","David Willson",24,8,3,0
"801, 823, 831","2181007801, 2181007823, 2181007831","Regent of the University of Colorado - Congressional District 2 - REP","Marty Neilson",24,18,6,0
"801, 823, 831","2181007801, 2181007823, 2181007831","State Representative - District 10 - REP","There are no candidates for this office",24,0,24,0
"801, 823, 831","2181007801, 2181007823, 2181007831","Boulder County Commissioner - District 3 - REP","There are no candidates for this office",24,0,24,0
"801, 823, 831","2181007801, 2181007823, 2181007831","Boulder County Clerk and Recorder - REP","There are no candidates for this office",24,0,24,0
"801, 823, 831","2181007801, 2181007823, 2181007831","Boulder County Treasurer - REP","There are no candidates for this office",24,0,24,0
"801, 823, 831","2181007801, 2181007823, 2181007831","Boulder County Assessor - REP","There are no candidates for this office",24,0,24,0
"801, 823, 831","2181007801, 2181007823, 2181007831","Boulder County Sheriff - REP","There are no candidates for this office",24,0,24,0
"801, 823, 831","2181007801, 2181007823, 2181007831","Boulder County Surveyor - REP","There are no candidates for this office",24,0,24,0
"801, 823, 831","2181007801, 2181007823, 2181007831","Boulder County Coroner - REP","There are no candidates for this office",24,0,24,0
"841, STATE","2181007841, STATE","United States Senator - REP","Mark Baisley",14,12,2,0
"841, STATE","2181007841, STATE","Governor - REP","Scott Bottoms",14,4,0,0
"841, STATE","2181007841, STATE","Governor - REP","Victor Marx",14,5,0,0
"841, STATE","2181007841, STATE","Governor - REP","Barb Kirkmeyer",14,5,0,0
"841, STATE","2181007841, STATE","Governor - REP","Kelvin ""K-Man"" Wimberly (Write-in Candidate)",14,0,0,0
"841, STATE","2181007841, STATE","Secretary of State - REP","James Wiley",14,12,2,0
"841, STATE","2181007841, STATE","State Treasurer - REP","Kevin Grantham",14,12,2,0
"841, STATE","2181007841, STATE","Attorney General - REP","Michael J. Allen",14,4,1,0
"841, STATE","2181007841, STATE","Attorney General - REP","David Willson",14,9,1,0
"902, 905","2154907902, 2154907905","United States Senator - REP","Mark Baisley",18,12,6,0
"902, 905","2154907902, 2154907905","Representative to the 120th United States Congress - District 2 - REP","Kelley Anne Dennison",18,7,7,0
"902, 905","2154907902, 2154907905","Representative to the 120th United States Congress - District 2 - REP","Christina Blunt (Ducommun)",18,4,7,0
"902, 905","2154907902, 2154907905","Governor - REP","Scott Bottoms",18,3,1,0
"902, 905","2154907902, 2154907905","Governor - REP","Victor Marx",18,5,1,0
"902, 905","2154907902, 2154907905","Governor - REP","Barb Kirkmeyer",18,9,1,0
"902, 905","2154907902, 2154907905","Governor - REP","Kelvin ""K-Man"" Wimberly (Write-in Candidate)",18,0,1,0
"902, 905","2154907902, 2154907905","Secretary of State - REP","James Wiley",18,11,7,0
"902, 905","2154907902, 2154907905","State Treasurer - REP","Kevin Grantham",18,11,7,0
"902, 905","2154907902, 2154907905","Attorney General - REP","Michael J. Allen",18,11,4,0
"902, 905","2154907902, 2154907905","Attorney General - REP","David Willson",18,3,4,0
"902, 905","2154907902, 2154907905","Regent of the University of Colorado - Congressional District 2 - REP","Marty Neilson",18,11,7,0
"902, 905","2154907902, 2154907905","State Senator - District 15 - REP","Rob Woodward",18,11,7,0
"902, 905","2154907902, 2154907905","State Representative - District 49 - REP","Michael Sheperek",18,11,7,0
"902, 905","2154907902, 2154907905","Boulder County Commissioner - District 3 - REP","There are no candidates for this office",18,0,18,0
"902, 905","2154907902, 2154907905","Boulder County Clerk and Recorder - REP","There are no candidates for this office",18,0,18,0
"902, 905","2154907902, 2154907905","Boulder County Treasurer - REP","There are no candidates for this office",18,0,18,0
"902, 905","2154907902, 2154907905","Boulder County Assessor - REP","There are no candidates for this office",18,0,18,0
"902, 905","2154907902, 2154907905","Boulder County Sheriff - REP","There are no candidates for this office",18,0,18,0
"902, 905","2154907902, 2154907905","Boulder County Surveyor - REP","There are no candidates for this office",18,0,18,0
"902, 905","2154907902, 2154907905","Boulder County Coroner - REP","There are no candidates for this office",18,0,18,0
"STATE","STATE","United States Senator - DEM","Julie Gonzales",20,16,0,0
"STATE","STATE","United States Senator - DEM","John Hickenlooper",20,4,0,0
"STATE","STATE","Governor - DEM","Phil Weiser",20,16,2,0
"STATE","STATE","Governor - DEM","Michael Bennet",20,2,2,0
"STATE","STATE","Secretary of State - DEM","Amanda Gonzalez",20,16,1,0
"STATE","STATE","Secretary of State - DEM","Jessie Danielson",20,3,1,0
"STATE","STATE","State Treasurer - DEM","Jeff Bridges",20,15,5,0
"STATE","STATE","Attorney General - DEM","Jena Griswold",20,2,1,0
"STATE","STATE","Attorney General - DEM","David Seligman",20,12,1,0
"STATE","STATE","Attorney General - DEM","Michael Dougherty",20,3,1,0
"STATE","STATE","Attorney General - DEM","Hetal Doshi",20,2,1,0
"STATE","STATE","Governor - UNI","Paul Noël Fiorino",0,0,0,0
"STATE","STATE","Governor - UNI","Jeff Peckman",0,0,0,0
